Jan,Feb,Mar,Apr,May,Jun,Jul,Aug,Sep,Oct,Nov,Dec,Year,Dest,Orig
7630,8734,2069,692,5675,8401,4847,5038,1142,3123,9949,8633,2012,BEJA,Alemanha
9938,5001,4263,3843,3421,9713,8115,7202,8478,7907,2859,3327,2012,BEJA,Espanha
2138,1173,1536,4201,207,4044,6901,3980,2412,3092,9266,8283,2012,BEJA,Portugal
3683,3671,5641,428,6597,5604,7105,2968,4681,8274,760,830,2012,BEJA,Suiça
6228,200,1039,4673,9425,8794,5730,4792,8184,5026,2583,3141,2012,BEJA,Israel
8288,3755,4334,4810,6816,8115,6690,6448,2819,9850,5771,4304,2012,BRAGANÇA,Portugal
4555,5377,2191,7235,1724,8452,839,133,792,3340,6,6945,2012,CASCAIS,Espanha
8834,1229,7459,961,5185,1457,3700,9305,1261,7563,268,2218,2012,CASCAIS,Portugal
7878,3140,774,1186,2246,7584,3648,6814,9207,376,9969,8284,2012,CASCAIS,França
3892,3558,284,8727,1809,5085,7438,1401,4641,3126,6473,8321,2012,CASCAIS,Inglaterra
3643,381,2356,5136,9389,4988,7454,2862,9121,758,3281,867,2012,CASCAIS,Itália
2650,9317,9359,341,9711,1449,5494,9374,7940,6063,7431,2253,2012,CASCAIS,Suiça
9305,4385,2524,4854,4440,6864,8838,6609,5731,4161,480,3627,2012,CASCAIS,Angola
8257,6721,1943,1436,7232,3355,2544,4253,9275,1092,3357,1797,2012,CASCAIS,Marrocos
913,5680,3386,2227,3052,3470,5556,4193,4221,8853,6159,1625,2012,CASCAIS,Alemanha
2305,5779,3235,9710,2402,6639,2290,80,5273,685,5729,7617,2012,CASCAIS,Holanda
8537,4144,4757,5887,2695,2569,7539,618,1194,1050,694,8684,2012,CASCAIS,Brasil
168,3802,9163,8076,9228,1745,6170,8663,1880,1701,5172,63,2012,CASCAIS,Cabo Verde
2339,3758,22,7530,3958,5781,2371,3211,2808,7470,2882,8208,2012,CASCAIS,Polónia
6605,8205,4435,2416,3641,5337,8483,7423,1798,2397,6094,7040,2012,CASCAIS,Austria
2909,3267,6353,3923,9402,9614,8234,8287,2322,2648,6130,3882,2012,CASCAIS,Bélgica
8720,2192,1455,1174,9277,9531,3462,7778,1014,4096,2402,7017,2012,CASCAIS,Estados Unidos da América
8126,5839,3053,6202,1251,5678,5943,4035,1382,882,3759,8196,2012,CASCAIS,Emiratos Árabes
4243,8438,7090,2255,6002,5088,6481,4937,6094,6752,3546,5252,2012,CASCAIS,Burkina Faso
4608,8707,4979,4692,2543,5167,5207,2586,23,8396,8382,9591,2012,CASCAIS,Turquia
1741,257,8148,83,999,2837,2556,9339,6065,4905,8359,9567,2012,CASCAIS,Luxemburgo
1035,6635,8336,2251,3123,1285,3324,2779,2125,6562,4955,4625,2012,CASCAIS,Argélia
1362,7751,9721,7579,7841,597,3732,8966,1616,2499,8023,6096,2012,CASCAIS,Israel
1386,2111,6708,5493,2932,5504,1214,1747,4385,458,9022,8808,2012,CASCAIS,Líbano
3076,4350,8327,3960,3719,8769,9414,9163,8915,7014,9279,4131,2012,CASCAIS,S.Tomé e Príncipe
3803,3961,741,9468,4239,8242,6746,4812,3269,5633,2968,4321,2012,CASCAIS,Rússia
2201,4131,7124,6630,7234,6412,3998,4548,844,6140,8289,2650,2012,CASCAIS,Gibraltar
3159,2444,3638,2714,6341,7657,8091,1332,9891,312,9000,5773,2012,CASCAIS,Argentina
9437,4769,5759,2126,1805,8730,6403,7042,8466,220,7092,2302,2012,CASCAIS,Colombia
1661,7112,8337,5655,7348,804,6743,2838,1955,3708,7051,3002,2012,CASCAIS,Dinamarca
8020,7034,5667,6894,3106,5234,3195,6578,1993,2584,6930,6592,2012,CASCAIS,Sérvia e Montenegro
4041,4818,7091,4196,1571,1981,2472,5338,5314,3890,9370,17,2012,CORVO,Portugal
6219,9746,8733,3868,7573,6800,4566,4206,7079,492,2434,6547,2012,FARO,Inglaterra
8135,6939,3241,9048,1362,7224,8908,832,4902,7255,6276,8382,2012,FARO,Irlanda
855,6758,8891,1283,9026,6970,6747,5930,4032,1106,2656,5634,2012,FARO,Alemanha
4821,6843,5977,1893,6799,2470,9886,8040,5739,672,5631,2080,2012,FARO,Holanda
7212,6818,8276,8646,9755,8799,1044,8822,254,2657,7408,9100,2012,FARO,Portugal
2741,8589,255,8234,1887,1306,2774,4497,5820,4146,6426,1667,2012,FARO,Espanha
4419,6795,6366,4698,1424,8526,7103,5400,6166,8608,949,2130,2012,FARO,França
6303,2485,4231,4063,4822,4185,1537,3247,7065,6904,7704,2654,2012,FARO,Bélgica
8226,7051,3296,3005,1934,6707,6116,8500,7901,8319,4951,7715,2012,FARO,Suécia
3237,4458,6959,4711,2088,8241,1801,1047,3285,6525,6234,2828,2012,FARO,Dinamarca
3682,7208,5891,3579,4489,1428,7137,9578,4300,3092,9637,2747,2012,FARO,Noruega
5489,6673,7202,2535,9625,6319,781,1810,6826,233,1832,7305,2012,FARO,Polónia
9368,6229,8269,625,311,8014,3793,1198,6105,1625,7325,6478,2012,FARO,Suiça
4557,1486,5739,6482,8656,3425,3526,7963,8131,2970,951,8970,2012,FARO,Finlândia
7026,826,201,9781,4971,6643,3978,7587,1588,797,3842,2049,2012,FARO,Luxemburgo
237,6315,2300,4603,517,2249,3160,7397,9504,2231,9909,5,2012,FARO,Canadá
7528,987,1802,8738,5609,7417,1573,8175,225,5985,1371,7438,2012,FARO,Austria
2251,6868,238,2997,100,962,8627,4210,6269,7846,8214,7679,2012,FARO,Rep. Checa
1325,9918,5040,7222,5592,4732,6106,4021,7059,9608,6863,2636,2012,FARO,Rússia
3551,3073,9796,4820,2445,1271,8933,9268,3402,2781,3962,5269,2012,FARO,Eslováquia
6137,1003,6623,5427,9267,8564,1654,2425,9352,6519,2316,1203,2012,FARO,Islândia
4907,7153,2187,2951,2485,8077,3272,9205,4976,8366,8356,3164,2012,FARO,Gambia
4807,400,1764,3693,9346,6661,6226,4308,1698,8677,5282,5876,2012,FARO,Itália
8330,7575,8168,8266,3951,866,9187,1453,909,4246,1611,5836,2012,FARO,Marrocos
3820,2839,9672,2254,8905,8397,4737,9536,2301,3043,9745,2738,2012,FARO,Lituânia
7494,1633,7376,6008,7244,9194,8357,1474,9238,1526,7639,1886,2012,FARO,Cabo Verde
5131,8181,6342,644,3376,4092,9659,3874,614,7937,9231,1112,2012,FARO,Letónia
1839,9532,7681,6814,9605,356,2562,6013,7981,2767,2542,9257,2012,FARO,Turquia
5246,1648,2153,2323,6382,2501,7196,9596,5565,3230,2451,3125,2012,FARO,Angola
8777,9783,8515,2471,4195,7511,8113,904,1043,9661,6063,7321,2012,FARO,Senegal
6376,7503,8284,6189,6072,3339,7994,447,7556,9098,7994,1016,2012,FARO,Estónia
4618,6000,1701,4305,7716,1486,3454,4552,4638,1892,7612,7633,2012,FARO,Desconhecido
4540,8280,3871,1671,7935,5746,729,9939,8462,8978,1259,7718,2012,FARO,Gibraltar
2783,5295,5111,7056,6591,3047,9458,8398,5546,3843,9221,7680,2012,FARO,Estados Unidos da América
9348,5394,4388,6395,8880,1197,5552,803,4346,4478,6542,8804,2012,FARO,Brasil
5153,5252,8059,9265,3019,2863,1530,3999,4632,166,3326,7639,2012,FARO,Grécia
8744,3618,3695,5598,5103,2279,3690,4665,2454,9875,8238,8497,2012,FARO,Bahamas
5894,2246,5902,3871,1566,9376,761,6416,8336,1625,100,1171,2012,FARO,Bahrein
8020,1594,8851,6358,1513,7649,5086,5244,4531,5019,9954,4322,2012,FARO,Burkina Faso
7027,3599,8687,9120,3336,2237,5461,7352,1842,2568,4363,6191,2012,FARO,Bulgária
8912,5787,6682,8382,3576,228,9497,1700,927,5796,1306,1260,2012,FARO,Hungria
4429,6060,6213,5375,7891,8758,2065,6924,7857,6837,7394,3231,2012,FARO,Malta
4584,7225,9514,8608,760,1377,3126,7295,5382,1151,6303,9088,2012,FARO,Israel
9429,641,6855,6059,5882,996,5167,8838,5438,4509,3101,1768,2012,FARO,Ucrânia
3817,392,3968,6373,632,7387,5647,104,9478,7946,2732,7566,2012,FARO,Chipre
8878,6471,3455,7528,5794,2164,4358,1403,2161,3465,870,3858,2012,FARO,Croácia
1169,3359,9060,5840,9337,2997,4194,1175,9656,138,3776,6208,2012,FARO,Austrália
6739,7843,8438,9385,8729,9449,1177,6341,7861,7748,6568,3692,2012,FARO,Sérvia e Montenegro
7680,2862,6267,168,1595,3475,9866,1828,4143,1483,1568,8829,2012,FARO,Roménia
8899,1121,1237,4734,2397,1754,1906,9410,5585,9198,9460,1308,2012,FLORES,Portugal
3174,6761,2319,3757,4450,2749,638,6667,5174,5571,9022,1653,2012,FLORES,Alemanha
2279,1912,7057,2710,3640,4778,749,4310,8989,1603,3206,6343,2012,FUNCHAL,Portugal
3966,5674,4863,6662,3201,7607,9972,623,3388,6588,8814,2300,2012,FUNCHAL,Inglaterra
2701,2358,7621,5308,1123,2625,9834,5891,1302,7046,524,4413,2012,FUNCHAL,Alemanha
5564,6894,3223,1738,9679,5895,7416,8565,8221,8378,4822,5502,2012,FUNCHAL,França
3712,8091,4420,379,7688,2697,6468,282,9961,7396,8209,7905,2012,FUNCHAL,Espanha
8387,2139,7669,9914,277,8026,4119,1007,2422,9062,3601,2710,2012,FUNCHAL,Holanda
467,3528,7738,225,1318,7189,1438,3465,4222,9396,4219,9378,2012,FUNCHAL,Finlândia
8030,2836,4841,3845,2168,3343,2483,8092,8469,7493,4632,3302,2012,FUNCHAL,Bélgica
702,7830,5202,4148,7209,2811,5169,9631,3102,129,3022,5344,2012,FUNCHAL,Dinamarca
2738,7096,5293,5036,4775,9664,8945,6314,4081,5830,7035,3031,2012,FUNCHAL,Venezuela
7671,2351,5609,5699,6686,3393,9213,8850,2498,3681,7150,8517,2012,FUNCHAL,Austria
2047,7389,2197,7123,9844,3476,8838,5261,2649,5286,1251,9305,2012,FUNCHAL,Suiça
8540,5159,3208,1246,2996,4100,6232,8850,3758,1850,7373,4543,2012,FUNCHAL,Noruega
1024,4056,8329,1646,6332,7482,2018,1439,474,1336,6781,1413,2012,FUNCHAL,Polónia
1474,3156,4418,4978,6461,950,7410,1336,3937,485,9221,344,2012,FUNCHAL,Suécia
9758,1905,3845,3412,9773,2893,4658,2476,8496,383,6690,4342,2012,FUNCHAL,Rep. Checa
1347,9198,5166,92,3421,2464,9616,587,6314,8359,6493,6688,2012,FUNCHAL,Irlanda
7577,2593,8964,4197,3640,471,2530,2993,9462,5054,2242,7585,2012,FUNCHAL,Luxemburgo
8162,9511,6406,6461,721,4701,5395,5391,5505,1288,6697,8582,2012,FUNCHAL,Rússia
8447,522,2475,4402,1105,3034,4376,9882,1302,6667,6795,2657,2012,FUNCHAL,Eslováquia
692,4773,9979,6477,5325,4716,1870,984,2792,8027,7633,50,2012,FUNCHAL,Estónia
7023,5989,5616,1228,9348,5898,2913,8194,3450,4370,314,3449,2012,FUNCHAL,Ucrânia
2021,2330,3939,4659,2268,4110,5716,1700,4660,4093,3546,9900,2012,FUNCHAL,Islândia
7371,3190,6068,2703,4671,6234,5549,6714,7939,5385,3044,4880,2012,FUNCHAL,Guiné Equatorial
6779,3013,6538,895,1905,3368,3037,845,884,3600,8873,1865,2012,FUNCHAL,Bulgária
7,3741,6171,3984,1033,837,9215,7670,3466,3945,2837,638,2012,FUNCHAL,Gana
194,474,8164,5107,1208,4757,5695,5669,2551,7374,416,2162,2012,FUNCHAL,Itália
6750,6023,9995,9929,9248,2789,9455,1072,707,695,2855,3105,2012,FUNCHAL,Cabo Verde
6973,5713,3104,3125,881,2385,5020,4177,1766,4455,1563,6310,2012,FUNCHAL,Marrocos
4074,8444,9475,1165,5410,2458,4834,8027,2141,2930,5466,6395,2012,FUNCHAL,Canadá
774,8349,3331,8917,3815,5899,7004,374,4056,9945,9477,3128,2012,FUNCHAL,Desconhecido
7038,8687,1127,9114,3648,3356,7141,8911,202,5480,1780,8653,2012,GRACIOSA,Portugal
8547,4413,143,4545,5109,1017,8721,9258,1724,7344,3618,1840,2012,GRACIOSA,Dinamarca
3316,2138,6047,1141,3726,7327,183,5087,1694,1139,4800,7010,2012,HORTA,Portugal
4359,115,975,1755,5966,8841,7377,6809,4938,8917,4563,1563,2012,HORTA,França
7579,5478,4034,1961,7799,8988,6863,4182,8055,4963,1475,6265,2012,HORTA,Espanha
6309,8939,6991,2653,8538,9473,8002,9290,4176,9181,8212,4671,2012,LAJES,Portugal
9751,8913,4555,3702,1567,4490,1704,8167,5411,7565,9583,2655,2012,LAJES,Estados Unidos da América
5297,7620,8253,4336,1763,6212,6331,4970,7452,5630,6626,4223,2012,LAJES,Rep. Checa
8728,5970,9753,1999,4048,7969,6343,8201,3708,38,1202,8355,2012,LAJES,República Dominicana
7459,1367,3890,1717,7655,7880,7242,8662,6153,7936,9466,3110,2012,LAJES,Polónia
1373,1868,1669,1382,7124,9274,7264,4184,2942,5985,8516,7612,2012,LAJES,Holanda
1656,3126,8423,6062,8625,6916,5004,9036,1780,7005,8761,6578,2012,LAJES,Cuba
5387,7081,701,7998,2451,1618,1332,9596,607,7164,9145,388,2012,LAJES,Canadá
7701,1434,1520,4316,3437,5412,1944,8719,8429,1988,3252,8349,2012,LAJES,Espanha
405,8979,3762,9485,2574,4788,949,3978,4460,7341,4174,4942,2012,LAJES,Bermuda
3027,4621,8264,3112,7025,9542,628,5056,504,5893,5728,4072,2012,LAJES,Alemanha
257,9810,495,1001,1582,9088,102,4103,1186,69,4523,4587,2012,LAJES,México
18,3536,3915,7999,4794,6185,621,183,6951,8051,9126,4417,2012,LAJES,Inglaterra
309,5966,6821,644,4956,1405,6846,6091,4683,2840,3538,5014,2012,LAJES,França
7253,3512,4752,9496,398,5539,7614,5369,9208,523,7341,9066,2012,LAJES,Marrocos
7706,3532,6129,3835,3289,5578,2360,1091,8882,9343,8960,5791,2012,LAJES,Guiana Francesa
8505,7906,8642,6465,9667,9214,4893,8764,2608,2218,3979,4807,2012,LAJES,Antilhas Francesas
1434,3006,2850,7221,8832,8813,9040,7204,658,260,5950,4347,2012,LAJES,Porto Rico
2904,3430,7946,7077,1757,3445,7458,6832,7477,8805,3817,2294,2012,LAJES,Eslováquia
1506,2704,1119,8967,8426,6792,4874,4366,5412,7503,8039,7339,2012,LAJES,Venezuela
2918,4892,2371,4153,8169,9663,6723,6537,2555,126,8465,314,2012,LAJES,Rússia
3588,4511,9629,8879,525,4380,7319,509,1360,5596,9956,9703,2012,LAJES,Antilhas Holandesas
7730,2799,1456,1602,2739,2358,8799,6525,5183,8397,7202,4066,2012,LAJES,Senegal
3980,1324,9474,571,1794,6513,1012,3577,9617,6997,2557,5104,2012,LAJES,Mauritânia
329,7959,4734,3648,8548,3810,3603,1566,818,4893,8861,1997,2012,LAJES,Itália
1460,3767,7239,2110,6270,6479,1472,7665,2447,985,1762,2581,2012,LAJES,Barbados
8653,1714,1284,199,2045,825,3642,6926,4463,6755,8521,2118,2012,LAJES,Ucrânia
9581,2021,9466,7637,6139,9944,679,960,633,911,4598,1424,2012,LAJES,Antígua e Barbuda
7115,3831,4466,5433,1881,3775,3896,5367,2535,1995,1344,7387,2012,LAJES,Suiça
8187,123,8470,8543,9885,3707,1994,2586,5694,8810,2556,4636,2012,LAJES,Austria
7433,8840,7783,4716,5974,1839,822,486,9663,2321,5185,1086,2012,LISBOA,Espanha
3059,5465,5072,7959,6469,1999,7991,7381,2337,1119,6318,8417,2012,LISBOA,Portugal
7391,212,6111,5471,7001,6864,2489,1569,7507,8476,6994,4863,2012,LISBOA,França
8900,7987,8379,549,3720,9493,6497,8842,8542,8361,3946,7027,2012,LISBOA,Brasil
6714,485,2248,3363,7171,3147,1704,8267,1377,2023,7963,8532,2012,LISBOA,Alemanha
9418,518,4858,1007,4055,1085,7774,987,8663,514,1815,4016,2012,LISBOA,Inglaterra
4145,6278,983,1656,409,2522,391,5497,1728,1664,537,3908,2012,LISBOA,Itália
5933,7326,5616,8296,3249,3922,2614,3875,6872,7201,4845,9447,2012,LISBOA,Suiça
1693,6559,6150,4552,7651,1811,7505,8800,2742,1441,2013,1997,2012,LISBOA,Holanda
8446,6666,7251,4592,4337,6458,8751,5232,2101,1634,8347,3122,2012,LISBOA,Bélgica
770,9737,1984,1804,4461,9925,3667,8226,4889,7126,1649,5480,2012,LISBOA,Estados Unidos da América
7545,4155,8067,3570,4885,9159,1832,2086,9296,7858,3355,9540,2012,LISBOA,Angola
2379,2717,3044,3372,7530,8259,7215,2709,1832,3122,4227,722,2012,LISBOA,Cabo Verde
1151,6984,2762,1715,4670,3659,2111,969,5616,7374,7288,6909,2012,LISBOA,Dinamarca
7149,6921,9766,3115,4244,7541,5511,2650,2530,8981,7630,3179,2012,LISBOA,Irlanda
534,3964,4005,7706,9166,7960,5188,7602,4953,9881,8042,8625,2012,LISBOA,Senegal
3741,4787,3195,7262,724,7495,8531,3886,8158,7250,4020,1734,2012,LISBOA,Marrocos
7256,505,3435,3796,7993,6399,870,3198,5619,7524,1578,4636,2012,LISBOA,Turquia
5577,1439,2573,7686,9430,6064,7436,8703,1268,9505,9606,5936,2012,LISBOA,Canadá
1430,4421,5404,105,371,1115,6076,6457,5650,878,5631,4131,2012,LISBOA,Noruega
8235,9964,995,7896,4392,4380,2254,8956,5981,7196,7345,1649,2012,LISBOA,Suécia
5571,2502,7933,3763,4579,2189,6272,9939,1539,5316,9567,3652,2012,LISBOA,Moçambique
9773,8432,2476,9520,6741,301,8485,8538,6410,7237,7803,2384,2012,LISBOA,Emiratos Árabes
5539,563,1359,5482,7589,4671,1613,2021,9696,8008,8341,1445,2012,LISBOA,Rússia
172,771,8026,1745,4047,1686,5016,1952,4797,8398,1903,5680,2012,LISBOA,Austria
1425,50,8846,3943,3318,6425,7557,9345,4814,540,6092,4664,2012,LISBOA,Polónia
5272,6885,1766,5179,1630,4641,5380,2448,4882,174,6311,8996,2012,LISBOA,Rep. Checa
5621,3241,9888,95,7444,2042,4809,9120,1830,8309,5594,7550,2012,LISBOA,Hungria
9981,3600,6720,7556,4921,1749,571,2644,3340,62,8612,883,2012,LISBOA,Finlândia
4402,358,699,1115,9507,3646,5154,4246,1720,7616,3195,2441,2012,LISBOA,República Dominicana
3726,8054,6320,139,8379,3101,5407,3364,5959,76,9155,5862,2012,LISBOA,Luxemburgo
6910,353,8706,6892,8065,6778,7200,2694,2282,3121,2906,4120,2012,LISBOA,México
324,2375,6619,9418,1512,4806,8544,3603,9970,3842,8048,5960,2012,LISBOA,Gana
3019,1464,2871,537,3277,6555,8955,977,8487,1294,3785,7372,2012,LISBOA,Venezuela
1730,4040,2922,630,547,2967,7923,2125,2024,5556,865,8394,2012,LISBOA,Grécia
7287,2613,2282,1763,5742,1174,1391,5704,9117,2291,1284,4989,2012,LISBOA,Ucrânia
4390,9502,9554,7462,7466,4409,5825,9552,2957,7122,3877,4797,2012,LISBOA,S.Tomé e Príncipe
7819,9113,3350,1096,9808,4349,4568,6603,1674,901,126,77,2012,LISBOA,Roménia
565,828,2105,3767,3819,8759,8789,5840,6993,7419,8742,5324,2012,LISBOA,Mali
7853,3753,8719,4210,9826,5161,1089,5177,5552,9416,7980,9327,2012,LISBOA,Tunísia
3235,9678,4012,3320,1907,3553,9658,9736,3740,9755,859,8551,2012,LISBOA,Croácia
4269,7017,1997,2116,9962,8986,2969,1913,1360,6624,4330,7254,2012,LISBOA,Argélia
5639,4928,8274,7495,23,4661,3418,1291,4560,8926,8048,5312,2012,LISBOA,Moldávia
9696,2167,70,871,2279,8893,6640,1605,3978,5343,6518,9024,2012,LISBOA,Israel
7998,1121,1135,6467,4013,900,4901,1311,8226,3361,5390,3380,2012,LISBOA,Bulgária
508,9399,6495,6294,8831,7285,4182,9869,3481,7638,8946,1820,2012,LISBOA,Egipto
381,1484,9158,2913,6596,3572,7343,436,5061,7587,6175,8787,2012,LISBOA,Jamaica
3952,7691,6022,6571,8627,521,7385,5456,8177,7943,2975,260,2012,LISBOA,Islândia
2949,6584,2431,2539,4158,440,2197,5066,5737,8856,8667,355,2012,LISBOA,Afeganistão
8017,3051,1953,8833,3333,6425,7199,1089,3351,7441,9134,8819,2012,LISBOA,Argentina
3518,9449,8609,7741,3149,7400,5971,6751,8560,7108,7806,523,2012,LISBOA,Colombia
6500,5181,1852,7076,2701,9519,6617,6964,5845,1510,2163,1957,2012,LISBOA,Montenegro
8481,9941,335,5470,6535,8725,421,9694,478,4086,635,3157,2012,LISBOA,Líbano
8515,4662,8059,3063,8181,2202,6755,3076,3218,2775,2917,86,2012,LISBOA,Gabão
8913,9406,1700,2783,1865,7337,2126,2155,5608,9996,627,3896,2012,LISBOA,Gambia
9908,1669,6122,5626,9367,814,3479,5803,8157,9955,7322,6533,2012,LISBOA,Líbia
8308,8206,6228,6925,496,8504,6947,1113,7269,3972,5542,6449,2012,LISBOA,Ruanda
9966,3971,7073,9567,412,1738,5000,1151,1444,976,2357,9271,2012,LISBOA,Turcos e Caicos
1552,3024,8309,3186,6161,5029,6224,9195,1709,7169,6345,4357,2012,LISBOA,Trindade e Tobago
2212,5716,9215,2506,4438,7735,5121,8877,5216,7292,1080,8262,2012,LISBOA,Nigéria
6084,2192,2631,4305,5840,1493,8341,4970,8613,9994,5092,6797,2012,LISBOA,Namíbia
6245,1472,9444,2765,6012,718,1433,3254,1782,6885,6690,6428,2012,LISBOA,Africa do Sul
7579,2619,7278,3400,8676,4289,878,3147,3780,3996,633,79,2012,LISBOA,Antígua e Barbuda
3306,554,8977,5863,5160,3892,9366,2928,1663,7188,8950,5225,2012,LISBOA,Zimbabwe
5978,5528,9276,9879,8990,5371,1339,1383,1541,3232,4953,8902,2012,LISBOA,Congo
3266,9067,7544,4920,469,379,3806,5766,7219,8355,6335,3730,2012,LISBOA,Serra Leoa
1077,3752,1548,3316,1522,9197,4450,7257,9363,2161,4540,455,2012,LISBOA,Malta
7350,2513,7390,703,6215,478,4418,8835,4634,8024,8803,8185,2012,LISBOA,Peru
4624,4490,1792,6215,6007,5343,5672,5310,2804,9848,8331,7451,2012,LISBOA,Cazaquistão
2186,2555,756,8440,6771,569,9145,7402,9067,1140,1772,5300,2012,LISBOA,Sérvia e Montenegro
935,344,1689,3944,6859,8310,7495,6560,9361,1945,7238,9762,2012,LISBOA,Costa do Marfim
7455,4481,5070,4960,6799,2311,6236,9515,9185,7877,6632,3274,2012,LISBOA,Chile
4342,3169,4410,809,2225,5372,2177,1502,1752,3259,9351,6230,2012,LISBOA,Guiana Francesa
488,7696,8473,564,4828,3015,7155,983,8275,3296,4172,2833,2012,LISBOA,Níger
3024,2418,6642,9069,3362,5898,1207,1911,1362,6828,2183,99,2012,LISBOA,Panamá
4841,2489,6235,8374,1495,9778,2921,8592,4412,4380,1372,6654,2012,LISBOA,Irão
7601,1223,6163,4893,3620,3517,8148,6283,1095,4317,7308,2894,2012,LISBOA,Guiné
6315,9175,5482,8143,1019,5342,8915,4657,7514,4564,4923,1093,2012,LISBOA,Paraguai
5111,2273,3554,6464,2646,2454,7337,8174,3782,3938,3495,2348,2012,LISBOA,Arábia Saudita
2427,2254,3213,1201,7667,3933,1521,7895,2960,7333,2557,3678,2012,LISBOA,Antilhas Holandesas
688,8338,5283,2590,8715,9559,6411,5455,2691,4860,6800,6638,2012,LISBOA,Bermuda
4001,7040,2954,7762,4629,4400,7202,6274,9746,5746,2088,4395,2012,LISBOA,Guiné Equatorial
8429,7640,7384,1284,1888,4895,3545,4919,543,6681,7483,4356,2012,LISBOA,Ilhas Caimão
8998,2231,748,2679,2228,6304,6299,6054,3018,9161,5168,5760,2012,LISBOA,Burkina Faso
9527,3013,8147,7207,5746,4386,3656,7946,6402,7029,4907,6692,2012,LISBOA,Bahamas
9646,3863,479,8620,1702,6219,2755,4211,4596,615,7416,8448,2012,LISBOA,Eslováquia
6974,9142,5776,9781,4495,8293,2084,3758,6476,6674,9461,800,2012,LISBOA,Desconhecido
559,8788,3820,9296,2573,837,4555,5960,9002,6913,7467,1238,2012,LISBOA,Quatar
4616,4167,9958,1779,2915,91,476,9505,4282,1819,7162,2516,2012,P.DELGADA,Portugal
120,7923,6507,346,2813,1547,5397,4183,3849,5277,299,2169,2012,P.DELGADA,Estados Unidos da América
5266,6919,9391,5561,7483,135,96,2282,824,9355,5576,2214,2012,P.DELGADA,Canadá
6017,8122,3300,3565,5329,7547,9389,4204,9905,8125,3911,9226,2012,P.DELGADA,Alemanha
3735,6232,40,6917,7323,3001,3099,9985,435,715,3077,7655,2012,P.DELGADA,Suécia
6866,4528,1127,1850,5681,2974,2077,3860,2619,2808,3616,5719,2012,P.DELGADA,Dinamarca
121,927,933,877,6039,4741,1391,4178,6477,8836,473,5261,2012,P.DELGADA,Espanha
8746,4797,883,4009,1097,5245,8294,6467,5728,7811,6804,5419,2012,P.DELGADA,Holanda
872,9103,7708,3133,4795,6021,2133,2347,6,4828,8300,2054,2012,P.DELGADA,Inglaterra
2186,1314,5418,8710,8275,2112,5915,3482,1899,5431,7947,5060,2012,P.DELGADA,Bélgica
2479,6558,6498,3890,6673,7316,1597,5452,1505,1576,4601,9385,2012,P.DELGADA,Finlândia
3297,3550,3646,9391,6178,2446,8315,236,9000,7833,9174,758,2012,P.DELGADA,Antilhas Holandesas
5702,4698,1789,2540,378,873,5823,3862,5426,1605,2760,1212,2012,P.DELGADA,Noruega
6227,772,1315,4049,7386,3078,2015,9754,5133,810,4368,2154,2012,P.DELGADA,República Dominicana
1233,9995,6469,9643,5396,2506,4000,2123,193,573,7190,5892,2012,P.DELGADA,Cuba
5048,9175,4708,5278,2443,8966,6816,2363,1896,7125,3788,7317,2012,P.DELGADA,Itália
2655,3336,2494,5260,4034,6762,1212,8610,4535,9722,8691,3273,2012,P.DELGADA,Marrocos
2415,6210,7798,5942,6518,26,9224,7056,9425,4702,8312,8977,2012,P.DELGADA,Turquia
9494,9817,3252,4100,8670,8409,6264,5624,9641,4294,2616,25,2012,P.DELGADA,Guiné Equatorial
5763,8272,9304,7271,1506,9063,3568,588,7458,3277,3831,882,2012,P.DELGADA,Rússia
9289,2874,6225,3001,7037,4916,7042,4262,2330,8259,9966,5494,2012,P.DELGADA,França
256,9902,3176,1451,5338,8143,3216,6973,616,5916,304,9930,2012,P.DELGADA,Suiça
9932,9539,7614,838,347,3447,228,4289,6306,7343,787,7055,2012,P.DELGADA,Venezuela
5279,4900,451,2949,8381,2864,6330,6121,7642,9642,3986,9445,2012,P.DELGADA,Africa do Sul
8640,6004,4851,9022,8547,8751,3029,6145,7229,1374,6547,8859,2012,P.DELGADA,Barbados
1950,5896,5806,5189,1094,6855,6850,9471,6769,2602,550,6085,2012,P.DELGADA,Austria
2565,1889,380,5642,3002,8599,4213,4074,8634,2815,6123,5337,2012,P.DELGADA,Guadalupe
1157,8710,378,7449,1017,6358,3799,5733,5209,6410,9969,978,2012,P.DELGADA,Bermuda
5750,4075,3806,2631,9800,3721,8424,1321,7648,1120,7881,854,2012,P.DELGADA,Panamá
5370,4379,6646,8837,5029,5014,2558,2976,8006,7486,9301,7594,2012,P.DELGADA,Albânia
8988,8532,1698,8758,8154,7854,2193,3588,9346,2915,1857,7267,2012,P.SANTO,Portugal
3001,2198,9298,8178,7374,95,677,4975,756,687,2769,4864,2012,P.SANTO,Inglaterra
4042,7535,3995,1840,4092,5451,1935,7556,1405,2085,6678,1171,2012,P.SANTO,França
8080,2492,1753,9926,3382,5200,9971,5300,215,8290,7675,8327,2012,P.SANTO,Itália
3814,953,4122,4384,7795,4085,5150,2622,2731,1999,3207,9196,2012,P.SANTO,Alemanha
7645,6422,1857,8014,7034,810,5495,3325,9401,1104,901,5552,2012,P.SANTO,Bélgica
2736,7069,9373,3394,2369,6594,9766,7428,7872,2597,9921,6121,2012,P.SANTO,Holanda
8921,676,7600,3821,302,4715,5468,1869,2526,5906,1209,6234,2012,P.SANTO,Suécia
3321,5302,1802,1817,4146,9423,1230,1401,6462,1232,104,8444,2012,P.SANTO,Cabo Verde
420,4061,6113,2987,9588,1467,4621,2114,4419,1564,7920,2333,2012,P.SANTO,Estados Unidos da América
3004,6189,1454,9875,1916,6075,1522,2003,5618,6501,743,5282,2012,PICO,Portugal
7180,6298,3633,4956,3177,1090,8394,1953,7357,6465,8285,7688,2012,PICO,Dinamarca
8897,3913,5515,5735,2103,3798,4299,2620,3728,5891,8720,8435,2012,PICO,França
3819,8551,4664,8892,2287,4725,2652,4974,8179,2852,5475,5176,2012,PORTO,França
2076,9277,1282,9917,4880,4527,3736,1806,3969,8016,2634,2862,2012,PORTO,Espanha
6447,1773,9606,1609,6520,3811,280,4487,3994,9144,1176,7925,2012,PORTO,Portugal
2506,5586,143,5052,3112,3240,1697,3927,6239,765,3843,4923,2012,PORTO,Alemanha
8609,7047,767,3110,2322,4859,5293,4277,3197,5340,408,4528,2012,PORTO,Suiça
9394,5120,2526,7225,2187,1168,362,4283,4402,6561,6357,5965,2012,PORTO,Inglaterra
8993,5491,8194,358,6494,1967,1741,3886,6445,1973,9719,6700,2012,PORTO,Itália
1324,8617,6609,584,7652,4567,5487,7944,8275,2657,7100,9051,2012,PORTO,Bélgica
9143,2727,774,3757,7569,4185,9884,9655,5162,1066,8385,3257,2012,PORTO,Holanda
4343,7365,7146,1053,2012,9929,160,2931,5403,3097,4763,3599,2012,PORTO,Luxemburgo
4522,836,7009,8506,3125,1941,4564,5551,1519,1712,6199,7146,2012,PORTO,Brasil
4277,6819,3177,8607,3345,5519,7228,892,9153,6535,8610,7296,2012,PORTO,Estados Unidos da América
3077,4762,5619,4265,7543,7288,8027,8526,469,3687,6868,3902,2012,PORTO,Angola
3199,3003,6510,2052,2914,3516,1918,65,4017,6247,3250,2075,2012,PORTO,Canadá
9680,4000,6896,3923,460,7380,2317,3626,3048,9301,5559,7011,2012,PORTO,Irlanda
7787,1279,8402,6634,17,9618,7898,9181,7743,525,102,5645,2012,PORTO,Venezuela
9821,1743,7340,9025,7570,6671,3418,2146,3746,8193,5838,8689,2012,PORTO,Marrocos
5544,6130,5274,570,9352,9051,6590,3862,9496,9222,5778,7534,2012,PORTO,Cabo Verde
6134,2902,6281,9835,4371,4916,125,8820,9110,3536,8565,8998,2012,PORTO,Tunísia
6537,5387,9519,2887,6891,6583,9511,8732,9620,7910,6173,7740,2012,PORTO,Turquia
8864,787,4284,2861,715,106,997,1529,9576,9935,9824,737,2012,PORTO,Dinamarca
7324,2413,8560,6511,4707,6030,9181,3116,1603,8146,5683,3519,2012,PORTO,Egipto
3949,9753,6348,9845,4422,8656,5423,3519,5483,1622,9066,4382,2012,PORTO,Bulgária
1874,7801,1510,1113,5010,2343,5007,9123,8283,4146,704,9219,2012,PORTO,Rússia
2239,6103,7402,317,5421,8170,7377,4308,5061,7713,1981,8392,2012,PORTO,Ucrânia
4594,499,2392,5258,9683,4428,8110,1340,3266,8169,9709,7834,2012,PORTO,Austria
6092,3381,8354,6935,3467,7487,2876,1896,8962,3928,673,9895,2012,PORTO,Rep. Checa
2378,9273,1953,1536,8895,7632,2789,2276,4230,1422,6336,9859,2012,PORTO,Croácia
5356,221,75,1000,6716,6784,5926,1189,1637,4503,2775,2814,2012,PORTO,Roménia
7110,2236,3207,7442,6398,3862,3850,3757,6137,6832,59,6794,2012,PORTO,Polónia
9075,7329,3747,67,5545,9881,6705,2781,167,2587,7273,7601,2012,PORTO,Suécia
8290,2677,6039,3914,8097,7878,9864,3417,6511,9875,6916,2023,2012,PORTO,Noruega
7691,8202,184,3476,9425,3990,457,3698,6001,6232,7443,4398,2012,PORTO,Azerbaijão
4582,7842,9095,4239,932,6209,2010,6350,9724,2881,6403,1572,2012,PORTO,Grécia
7840,2156,5323,6370,9399,1778,1984,168,5085,2025,2079,3583,2012,PORTO,Gabão
1910,3906,2824,425,5569,1061,6791,2612,6965,3966,5579,1630,2012,PORTO,Sérvia e Montenegro
3829,2506,8988,733,7938,8141,3931,3020,1636,3210,9183,2757,2012,PORTO,Israel
8370,8729,1743,7938,5381,3919,6864,8015,3131,6678,6761,6298,2012,PORTO,Argélia
3710,9732,2363,1021,2471,8330,1836,477,1163,1756,3441,30,2012,PORTO,Costa do Marfim
1954,1025,466,7442,7900,4185,5074,308,5073,6453,1956,7366,2012,PORTO,Malta
359,9346,3421,6055,5045,7203,2658,9152,213,5073,1705,7390,2012,PORTO,Eslovénia
9668,7955,5445,1227,3224,781,1605,1120,3092,1667,2133,529,2012,S.JORGE,Portugal
8072,210,5360,7798,188,1017,6740,6721,3500,7054,3310,993,2012,S.JORGE,Dinamarca
3717,1239,2848,3090,1813,6923,7613,8309,9054,3625,3753,8478,2012,S.MARIA,Portugal
8731,3146,1830,5131,5690,2325,6215,7650,5371,5795,2630,2095,2012,S.MARIA,Venezuela
2773,1457,1283,9326,8000,7268,4607,7229,9412,8955,2833,5193,2012,S.MARIA,Jordânia
9261,7399,6617,8007,2354,9498,5196,2776,4798,7195,4943,5419,2012,S.MARIA,Barbados
9340,3878,3651,9174,934,3599,3666,8512,4271,7526,1659,5475,2012,S.MARIA,Espanha
4330,4930,9559,7554,9292,1358,7286,1121,4544,6121,6713,1677,2012,S.MARIA,Alemanha
7728,361,5846,9815,449,5632,5344,7026,8660,7892,1356,3060,2012,S.MARIA,Líbano
4410,2488,8102,5419,459,3801,4541,7383,6507,1963,5510,1593,2012,S.MARIA,República Dominicana
6944,4729,5505,616,9367,9602,5425,3842,4045,4024,37,1209,2012,S.MARIA,Bélgica
6885,9521,5117,11,9155,2054,8821,118,9842,7350,8928,7220,2012,S.MARIA,Nigéria
1095,5010,9163,593,1316,1312,9525,3594,1651,3498,5464,4705,2012,S.MARIA,França
4615,2026,7037,5744,6694,5886,8242,5317,2892,2992,4171,994,2012,S.MARIA,Jamaica
7911,8615,8037,1487,1219,182,9287,2964,1766,4658,4478,1973,2012,S.MARIA,Estados Unidos da América
1783,8922,7466,8483,5781,40,799,8195,2326,7158,1170,3019,2012,S.MARIA,Antilhas Holandesas
1539,2039,5016,9807,5214,5980,8529,5167,5942,5431,4555,1121,2012,S.MARIA,Inglaterra
394,9520,3878,1505,6522,8110,3726,7252,3901,115,6395,7170,2012,S.MARIA,Peru
3710,9443,9730,5305,2175,1013,2308,3352,3052,7619,8430,2152,2012,S.MARIA,Antígua e Barbuda
2404,6155,3142,4990,7878,416,645,3437,6560,7301,1668,6547,2012,S.MARIA,Tunísia
3858,6360,8229,9646,2494,179,7656,3754,2267,5746,7711,7628,2012,S.MARIA,Porto Rico
5891,3777,9674,6878,3496,7171,2255,1173,2952,2653,2688,1674,2012,S.MARIA,Egipto
108,3056,2744,8722,4827,1476,1887,3804,828,5806,1375,5900,2012,S.MARIA,Suiça
3031,7419,6976,2441,4838,4549,1286,6866,2518,6879,1522,6900,2012,S.MARIA,Rússia
8117,4480,3578,2186,9487,6347,6939,6071,2843,2400,2305,9714,2012,S.MARIA,Itália
9508,8658,9915,5255,2524,8035,1431,3443,6343,1826,3148,6187,2012,S.MARIA,Chipre
4548,1296,8477,8256,521,3014,4791,1866,7471,8315,603,6110,2012,S.MARIA,Canadá
688,9425,6959,7355,1246,759,3404,2422,4916,7387,1477,6751,2012,S.MARIA,Marrocos
4676,3915,8386,2004,3517,8153,6008,8485,7219,3076,133,389,2012,S.MARIA,Bermuda
6754,3281,6710,7169,8276,7549,97,5046,1130,6516,3567,423,2012,S.MARIA,Cuba
9078,7685,6484,3002,7990,6893,4048,3207,5589,2150,1723,8720,2012,S.MARIA,Benin
5202,8746,65,7352,6481,9727,2067,3482,3869,2382,1096,1786,2012,S.MARIA,Colombia
6609,3931,963,2577,7130,9104,4327,9732,1996,9154,6618,2590,2012,S.MARIA,Rep. Checa
8885,8106,1906,9034,1871,283,6724,8928,8987,9737,1484,5865,2012,S.MARIA,México
5696,3956,6369,5732,2348,508,3333,5563,3675,2969,8209,2551,2012,S.MARIA,Ilhas Virgens UK
7316,4747,3403,3396,9164,97,9980,8918,7239,8904,5833,1774,2012,S.MARIA,Israel
3961,7754,2506,9630,2575,8951,2983,1717,5930,5132,887,1399,2012,S.MARIA,Turcos e Caicos
85,6952,1649,7100,4835,804,5794,7439,194,4673,6967,359,2012,S.MARIA,Gana
5330,7223,6181,3563,3091,3267,3851,1019,3060,3144,7146,9410,2012,S.MARIA,Bahamas
301,9109,7920,1748,2778,4147,3783,7931,3025,4520,8102,4506,2012,S.MARIA,Santa Lúcia
3542,3105,4929,1232,5571,2948,4722,536,204,3806,187,9575,2012,S.MARIA,Angola
2027,6602,5793,381,8580,6014,8581,2555,7271,1153,8505,6930,2012,S.MARIA,Panamá
9775,1137,441,6012,8442,7957,213,8044,6340,8805,9331,8982,2012,S.MARIA,Grécia
9441,9735,8300,1833,1398,6161,4686,1228,4911,9611,3630,2259,2012,S.MARIA,Costa do Marfim
2357,7859,3898,254,4424,2574,3494,8294,3077,404,8454,9764,2012,S.MARIA,Togo
216,3682,3013,3867,4518,8403,8898,368,8763,8427,3142,3549,2012,S.MARIA,Burkina Faso
4642,249,9088,6363,7200,8851,2530,7973,8379,4980,7975,4530,2012,S.MARIA,Granada
8402,9606,6154,629,5577,4417,1678,7533,9426,6306,5705,539,2012,S.MARIA,Guiné Equatorial
5183,1116,8448,4278,9616,5393,9193,7746,8801,6771,439,6695,2012,S.MARIA,Ucrânia
309,4009,4785,961,5509,1781,11,4649,9419,4261,9268,179,2012,S.MARIA,Holanda
3651,1967,5283,3075,6414,1328,819,4844,362,4458,3130,1346,2012,S.MARIA,Mauritânia
8931,6204,4472,4916,7374,1793,7425,5480,543,6870,6376,7747,2012,S.MARIA,São Cristovão e Nevis
6185,8433,3914,7314,2613,9887,9423,5476,4735,6711,9252,978,2012,S.MARIA,Desconhecido
3033,6951,5604,9581,8514,8290,2405,1622,4463,8414,8045,8812,2012,S.MARIA,Malta
2856,9318,6425,1780,1045,855,196,9760,8451,7469,9778,7695,2012,S.MARIA,Senegal
8196,1058,7496,9193,8082,3719,4067,7438,1037,6111,2502,4295,2012,VILA REAL,Portugal
320,5434,3781,2438,3515,5229,2029,5634,5543,8915,6611,3065,2013,BEJA,Alemanha
3598,3659,2057,8399,5762,8042,1897,3408,3264,4431,8895,7819,2013,BEJA,Suiça
7855,2766,8943,3069,6206,3224,3572,1694,342,5990,751,9246,2013,BEJA,Espanha
9548,3853,6691,6279,8834,6127,4959,7516,7972,4154,720,1330,2013,BEJA,Austria
7616,7795,3969,8688,4571,8840,1816,1914,1209,8935,6109,5008,2013,BEJA,Holanda
127,5011,6768,538,8586,9789,2317,6447,7023,7354,2159,6049,2013,BEJA,França
3835,4525,1657,9562,2896,9873,4591,8057,7423,2886,4108,1767,2013,BEJA,Portugal
2130,2409,3897,6381,6289,9154,5557,9397,7175,5376,2643,6650,2013,BEJA,Inglaterra
2012,1501,903,7128,7985,7991,2647,6806,3956,5942,9376,6814,2013,BEJA,Itália
7121,6677,4910,4456,6800,4575,9306,5599,7652,3565,8053,3461,2013,BEJA,Bélgica
3773,3942,8161,4524,2946,6065,3309,2170,8994,7984,4928,4160,2013,CASCAIS,Portugal
635,7999,2802,483,6016,3409,8950,3511,9963,7875,8041,3880,2013,CASCAIS,Espanha
8100,2304,8441,8225,6254,812,8588,2610,9714,1736,2704,3525,2013,CASCAIS,França
9342,8248,6848,9854,296,1362,7549,7504,1589,9532,5097,9416,2013,CASCAIS,Itália
4334,9871,7654,8926,5856,7101,8785,2165,3562,2967,2748,9431,2013,CASCAIS,Inglaterra
9415,6088,6211,6734,7333,7889,7086,2994,3486,738,9834,8626,2013,CASCAIS,Angola
2755,6513,1511,9169,3301,4492,9638,138,3377,1906,4278,8897,2013,CASCAIS,Argélia
1638,9264,8496,6536,7669,615,1841,1706,4365,9531,6303,4178,2013,CASCAIS,Alemanha
1668,1137,2698,3139,7107,2759,3188,7459,4717,4233,4605,7294,2013,CASCAIS,Suiça
4355,721,2256,3101,3379,132,7532,4650,400,6493,2042,3684,2013,CASCAIS,Luxemburgo
5296,4833,6789,519,8811,4968,6566,821,2016,7462,4749,5173,2013,CASCAIS,Marrocos
9518,5376,8316,9982,9382,7143,3063,4969,2112,9104,9306,4075,2013,CASCAIS,Estados Unidos da América
1279,4689,298,5246,5437,4219,5229,6007,9538,6443,6461,6848,2013,CASCAIS,Holanda
158,8334,3282,7811,8638,4099,9592,5655,1763,8966,9694,8553,2013,CASCAIS,Cabo Verde
1969,2968,3030,6576,8883,771,7007,9185,7642,435,7851,7270,2013,CASCAIS,Polónia
2895,2425,7499,6302,8047,8066,7532,4360,4573,6309,7167,7028,2013,CASCAIS,Brasil
7527,1219,2547,8207,2466,549,4891,9172,1684,7144,478,9661,2013,CASCAIS,Turquia
7398,1611,2348,9422,5318,4524,5768,5734,774,7812,5461,3788,2013,CASCAIS,Bélgica
9777,6809,6817,4930,7560,5762,6565,544,7851,2624,7807,5995,2013,CASCAIS,Gibraltar
2093,8016,438,4413,1889,7777,3068,3516,5358,5208,4982,2698,2013,CASCAIS,Colombia
2935,2797,9291,5140,5473,3897,9223,5198,3539,7430,1534,3045,2013,CASCAIS,S.Tomé e Príncipe
7404,6480,5308,4909,1986,9327,317,7330,9881,748,3197,2844,2013,CASCAIS,Suécia
3894,3010,4640,9675,4953,4634,5216,8557,5206,99,3181,818,2013,CASCAIS,Hungria
6049,5683,3109,9634,9665,8119,8741,569,4668,5167,2440,6114,2013,CASCAIS,Kuweit
3705,4466,3543,2857,3001,1239,8414,7606,1882,3963,1714,5330,2013,CASCAIS,Irlanda
4984,2476,5759,9580,1459,26,5639,8792,3430,8344,488,8553,2013,CASCAIS,Sérvia e Montenegro
8184,4284,4588,2795,5290,8876,3961,9060,656,6435,6441,7781,2013,CASCAIS,Grécia
7877,1326,8160,8,2724,9229,3264,1614,83,29,1026,498,2013,CASCAIS,Burkina Faso
289,2701,5941,2298,4062,7781,6526,9087,593,3963,8154,6200,2013,CASCAIS,Bósnia Hergovina
2266,5820,4602,6914,1440,4416,4051,6350,4499,8035,8190,3341,2013,CORVO,Portugal
8688,6834,5858,769,7163,1529,6596,8588,7506,3833,2982,166,2013,FARO,Inglaterra
7685,374,1080,392,4661,1138,7457,6310,76,7433,3654,9833,2013,FARO,Alemanha
231,9274,9325,415,6019,1193,107,7628,8040,9088,2722,5833,2013,FARO,Irlanda
6830,4642,7438,9820,1438,1144,9908,5788,9660,1599,7444,4979,2013,FARO,Holanda
8326,9881,8007,6119,4119,5567,7481,5929,9573,1377,3552,1555,2013,FARO,Portugal
4037,3453,9805,1904,3478,8138,3075,2076,8365,7134,2100,8480,2013,FARO,França
8589,1580,8335,6594,2356,1839,4451,6315,3409,8537,2128,7051,2013,FARO,Bélgica
3134,8184,4772,9467,7016,4007,9025,4588,3583,6643,6626,1479,2013,FARO,Espanha
6917,9334,695,222,6150,4144,4153,777,8450,7071,1183,104,2013,FARO,Dinamarca
4766,1552,272,597,8531,3635,9172,7095,9332,7598,2229,6596,2013,FARO,Suécia
3715,1137,8374,5690,4878,6775,460,8353,4335,5448,4240,240,2013,FARO,Noruega
6751,2802,5018,3026,3796,1153,6497,2331,1569,5054,3445,9764,2013,FARO,Polónia
3090,217,8042,7854,8536,7839,4679,1340,2679,5595,6005,9685,2013,FARO,Suiça
7114,8971,9866,8973,1130,5656,7142,8656,851,482,4506,2139,2013,FARO,Finlândia
8054,8749,6148,6903,1274,6263,1410,4000,9286,5668,7804,2355,2013,FARO,Luxemburgo
8194,450,4425,2331,2033,3238,172,241,8262,8755,9977,9455,2013,FARO,Rep. Checa
2579,5901,8921,7919,7510,6161,7240,4326,6837,2168,6883,9408,2013,FARO,Canadá
1208,1647,5080,1260,9543,5637,2260,7174,8032,9259,9818,7305,2013,FARO,Rússia
4221,8208,4967,1035,2215,7463,1543,2962,484,6396,7866,5397,2013,FARO,Cabo Verde
5389,3781,5574,4420,3550,1527,2677,2497,6981,7121,3899,4635,2013,FARO,Islândia
5182,9512,8171,8012,7115,3160,6237,8448,6809,9096,2908,6248,2013,FARO,Lituânia
7969,6209,5985,3665,1833,4502,5544,7604,7037,1669,3303,3061,2013,FARO,Itália
307,4552,7539,1192,4550,117,9235,3965,643,3942,4365,4510,2013,FARO,Brasil
3925,5115,9404,7117,9318,3385,2822,883,977,2923,9323,3868,2013,FARO,Turquia
1104,6564,2477,2956,7553,6274,7953,5282,8647,2383,8537,1057,2013,FARO,Aruba
2723,9843,9080,909,4111,1407,4680,2014,2817,8350,336,6554,2013,FARO,Marrocos
675,5589,9925,4207,7633,154,1288,5335,5324,7583,4550,2454,2013,FARO,Estónia
296,3644,7677,3865,6859,4460,3300,9209,3320,7142,9730,7747,2013,FARO,Letónia
4396,8965,7645,6580,4624,8273,8336,4595,2551,4437,9120,2847,2013,FARO,Estados Unidos da América
7815,1882,1740,9231,4156,1051,7779,8672,7789,6893,8754,1648,2013,FARO,Eslováquia
5683,3478,7065,9853,4556,9556,5039,9235,9655,9493,3384,3621,2013,FARO,Austria
504,2416,2452,7668,3969,2347,5462,2770,5603,5337,2632,2799,2013,FARO,Argélia
7705,3641,3651,9235,308,3955,8768,202,8393,3324,4366,5819,2013,FARO,Emiratos Árabes
1453,3424,6185,7374,1445,2324,1335,5681,6533,7237,9040,7497,2013,FARO,Gibraltar
939,8909,3874,8812,3647,5507,9633,1174,8013,627,7106,3183,2013,FARO,Ucrânia
3378,8394,3696,683,3615,8778,8547,9578,2346,6596,6547,7916,2013,FARO,Montenegro
5170,4617,1313,305,3956,1172,7202,8867,8749,5423,2550,4753,2013,FARO,Croácia
2488,3000,6814,6566,3215,6239,3381,3911,8850,4457,4924,5052,2013,FARO,Colombia
1604,2885,5509,9458,3560,4013,8964,3981,9033,6706,9373,8087,2013,FARO,Barbados
4792,4724,3553,8597,5726,9300,3082,3738,129,2685,1411,7125,2013,FARO,Bahamas
5832,1521,7204,9103,2843,5521,8426,2914,618,716,1618,6415,2013,FARO,Burkina Faso
7317,5932,742,4746,1283,1670,8260,4500,6751,5921,7322,3012,2013,FARO,Bahrein
891,2922,4664,6072,8572,7977,9183,2831,2092,2094,3844,9768,2013,FARO,Tunísia
9071,1406,6705,7179,6616,9332,857,7615,2588,3978,8232,7803,2013,FARO,Bulgária
7165,676,7608,9327,7379,2331,9222,4099,1708,7712,2770,7750,2013,FARO,Guiné Bissau
1609,1549,3504,8608,4741,2265,9823,9589,563,409,6005,2306,2013,FARO,Austrália
5594,934,7747,7331,8588,9014,9054,7178,2605,6428,4013,799,2013,FARO,Mauritânia
4026,1118,325,3154,8305,3897,8236,7635,6416,2539,982,6543,2013,FARO,Hungria
7956,5254,9977,9855,7625,5152,8701,6625,3334,7926,7043,7785,2013,FARO,Desconhecido N/Schen
4613,8472,2354,9721,3567,4222,1749,69,818,44,9323,4524,2013,FARO,Africa do Sul
9765,6971,8446,9609,1376,9900,4716,9279,9054,3316,3085,2833,2013,FLORES,Portugal
2375,3204,9825,3061,448,377,7359,87,24,1131,1995,2115,2013,FUNCHAL,Portugal
6669,8111,7547,9224,4623,7198,6736,8331,7335,887,5370,9591,2013,FUNCHAL,Inglaterra
3105,9119,8858,1985,2103,9875,5324,1258,7145,2569,6689,9767,2013,FUNCHAL,Alemanha
9552,6229,7784,7029,2549,4167,101,4320,7316,9739,3922,3914,2013,FUNCHAL,França
790,9156,1398,8089,1502,9246,8208,8068,9539,5376,1034,6399,2013,FUNCHAL,Espanha
9302,9533,730,9761,8803,7613,9144,9675,5217,2299,2773,1595,2013,FUNCHAL,Holanda
4509,1979,1480,8834,745,7702,5567,9921,4994,4611,1967,148,2013,FUNCHAL,Finlândia
7414,2320,3564,4739,5050,468,8029,7243,6928,6943,1914,1946,2013,FUNCHAL,Bélgica
5318,7922,5176,3270,4503,6539,3983,2666,8611,9622,6929,3978,2013,FUNCHAL,Noruega
3150,396,8800,6057,4525,3113,3222,1021,8026,5591,6772,3808,2013,FUNCHAL,Venezuela
4375,3992,5503,1810,9349,7136,7392,1291,3526,9575,7832,4386,2013,FUNCHAL,Dinamarca
4457,2864,3650,3299,6950,8028,3165,8634,8661,4502,4464,1869,2013,FUNCHAL,Suiça
8804,1680,5136,5973,7387,4024,1024,1476,2553,6707,1951,4880,2013,FUNCHAL,Polónia
4686,5389,2539,5395,1655,281,347,3448,6413,1929,2963,6647,2013,FUNCHAL,Austria
4777,6471,9119,440,8120,7660,3102,7718,5755,7607,3088,3480,2013,FUNCHAL,Suécia
8180,7676,244,2827,702,9485,7719,9075,5638,1932,1001,5287,2013,FUNCHAL,Irlanda
6629,6282,6946,5854,286,4041,7248,2110,1858,8279,9775,1385,2013,FUNCHAL,Luxemburgo
9057,138,9282,332,8309,7798,2395,2735,4724,3580,5960,7718,2013,FUNCHAL,Rep. Checa
9863,7848,3298,6450,5467,6293,1244,5965,6367,154,886,2026,2013,FUNCHAL,Rússia
511,1960,7406,7287,4122,1821,761,7992,4564,6690,920,8427,2013,FUNCHAL,Estónia
4516,2629,4714,9926,4673,3062,4348,3637,7199,1496,5895,3928,2013,FUNCHAL,Letónia
261,3636,8955,6590,7435,3468,2876,8768,4655,9949,7152,3472,2013,FUNCHAL,Cabo Verde
6761,1573,1936,4328,8752,5280,2818,9951,2572,263,1152,4145,2013,FUNCHAL,Guiné Equatorial
2900,6231,3196,7875,9296,8916,4005,1758,3376,7702,7629,8202,2013,FUNCHAL,Eslováquia
365,6616,7393,56,8514,604,6672,7938,3972,1948,8607,8396,2013,FUNCHAL,Marrocos
412,4828,9283,9620,2273,8853,4180,666,3094,3840,1552,9564,2013,FUNCHAL,Gambia
9839,5287,8014,3186,2875,6658,7011,2540,9099,4162,1538,4867,2013,FUNCHAL,Quénia
3146,4469,2440,3853,4555,3580,5299,3778,4644,2274,5904,8661,2013,FUNCHAL,Brasil
2331,3491,9748,6037,1452,2726,1285,9656,4173,6369,906,6547,2013,FUNCHAL,Burkina Faso
3672,5023,9963,8932,9561,4227,2999,548,5417,4783,2947,2920,2013,FUNCHAL,Uganda
1305,3622,2627,5445,680,1340,9184,1220,5631,4332,1133,9794,2013,FUNCHAL,Estados Unidos da América
3195,4154,8592,650,9394,8719,4339,8027,8217,3895,5577,2471,2013,FUNCHAL,Desconhecido
1698,294,9184,582,7346,6291,6476,4771,4846,6799,7123,9601,2013,FUNCHAL,Israel
5919,2360,4744,3266,8424,6137,5672,1436,110,2953,8869,5183,2013,FUNCHAL,Grécia
228,9604,9274,5571,9592,73,7059,3787,2041,8942,1790,7043,2013,FUNCHAL,Itália
6733,1686,6756,841,2558,8544,9280,4868,2356,5737,1725,7025,2013,FUNCHAL,Hungria
4844,7559,8700,1756,3205,5716,5939,9759,1420,8982,8882,8585,2013,GRACIOSA,Portugal
9804,299,1279,5030,4219,5184,2153,4564,1515,3768,4900,2812,2013,GRACIOSA,Dinamarca
8644,317,7666,7705,2857,738,9473,7802,4960,4935,9350,1514,2013,HORTA,Portugal
6788,8025,5555,6093,32,4937,9892,741,8343,3877,8359,6672,2013,HORTA,Canadá
1312,6695,2381,4201,2928,2709,8495,6570,1402,9593,7837,8817,2013,HORTA,Espanha
9040,6290,532,2185,9123,3500,8552,5732,3585,9855,1029,1387,2013,HORTA,Alemanha
5413,1677,8232,5804,9660,9960,9161,5548,6040,5726,5581,4198,2013,LAJES,Portugal
163,5810,8756,8078,2504,7641,1957,8741,745,2593,3256,9338,2013,LAJES,Rep. Checa
4181,3674,6250,6059,4830,6741,9332,3530,9543,7623,615,3999,2013,LAJES,República Dominicana
5499,7366,7191,1016,7234,6880,9660,2512,4566,6529,4551,7567,2013,LAJES,Estados Unidos da América
9033,4919,3391,7460,120,8540,5869,4740,869,4308,7314,2373,2013,LAJES,Canadá
9269,2225,5552,6876,3666,8202,6056,554,9098,5682,7693,2138,2013,LAJES,Holanda
5292,8818,2748,3977,8415,3876,1042,6602,5921,9733,1324,574,2013,LAJES,Cuba
5547,3549,5118,5298,7096,4262,1379,388,617,5884,3821,34,2013,LAJES,Espanha
418,7806,8323,3444,7504,4847,8033,8446,2685,6969,279,218,2013,LAJES,Alemanha
5277,4384,2085,8658,9572,9445,5683,3873,2613,3343,6571,3969,2013,LAJES,Polónia
8470,9024,197,2832,9491,3442,1792,9401,8689,210,1102,1948,2013,LAJES,México
1349,9203,513,2618,17,1019,4975,4702,2122,9293,4438,5681,2013,LAJES,Jamaica
7501,9125,7995,6203,1238,1960,6624,771,8964,1638,2084,6982,2013,LAJES,França
6597,7237,149,8445,5832,8589,3519,1397,5572,535,2731,8824,2013,LAJES,Porto Rico
9930,2983,7450,4754,4967,88,644,4479,1869,4272,6841,4499,2013,LAJES,Marrocos
273,514,8517,9665,5413,2567,2784,5291,2274,6637,2135,9739,2013,LAJES,Austria
9679,1816,6407,9106,9951,92,5428,4456,1707,3167,8718,5722,2013,LAJES,Suécia
5108,3763,5104,434,6818,4774,8676,7916,280,6754,1961,6322,2013,LAJES,Aruba
6058,6034,9911,4022,7110,5719,2579,8182,8546,574,3412,4060,2013,LAJES,Venezuela
5429,9018,2455,8224,274,5159,7805,8769,629,4182,3536,6422,2013,LAJES,Bermuda
7403,7929,9639,8054,9362,6610,9500,2651,3143,9762,2478,8251,2013,LAJES,Dinamarca
8286,5722,262,4080,9412,927,3608,4493,7112,3901,1030,2623,2013,LAJES,Bélgica
3588,3690,8735,3256,6609,9664,1944,4611,8333,964,3634,6336,2013,LAJES,Eslováquia
84,8161,4893,628,763,3021,6606,8031,8870,7944,2889,3572,2013,LAJES,Brasil
2389,9919,948,9158,2643,1772,8701,2667,3860,9509,2096,6207,2013,LAJES,Santa Lúcia
4836,6403,2778,5015,5016,9906,2910,9650,9022,9721,689,7071,2013,LAJES,Senegal
7209,8693,5435,320,589,6538,1000,9238,3450,1522,7774,2304,2013,LAJES,Suiça
9200,1873,2255,6317,576,4617,516,7681,6851,8340,6155,7037,2013,LAJES,Barbados
5301,2837,1352,2226,8225,8830,2076,7386,5091,8373,1508,7772,2013,LAJES,Inglaterra
321,3436,4817,2347,5897,7677,3037,4861,6101,4946,6149,8509,2013,LAJES,Rússia
1420,4750,393,1063,5069,4839,4343,1983,5599,1519,2183,3669,2013,LAJES,Itália
4627,7091,7599,2227,6906,6518,218,9479,8463,9178,4431,6566,2013,LISBOA,França
5775,6167,3872,8118,5849,7382,3236,2222,9109,7948,1781,850,2013,LISBOA,Portugal
4739,47,6841,7093,1088,6802,1194,9791,5631,830,5268,6635,2013,LISBOA,Espanha
4346,8091,8505,934,2475,9562,6196,1944,1598,775,4400,6783,2013,LISBOA,Brasil
1598,5136,9060,381,9829,353,8027,1016,5559,6654,3699,9783,2013,LISBOA,Alemanha
2505,8159,2337,2093,6347,9066,1033,1635,4986,1306,967,9332,2013,LISBOA,Inglaterra
9248,4863,1615,3083,3981,2241,9232,7419,5531,3170,299,4019,2013,LISBOA,Itália
4189,4017,6319,5064,1069,1009,6941,3493,4643,3341,9940,1835,2013,LISBOA,Suiça
235,4706,6224,4191,4977,2343,6551,9179,7239,534,873,9097,2013,LISBOA,Holanda
4971,859,8137,4802,7168,7035,3280,7851,6488,1440,2798,6297,2013,LISBOA,Bélgica
550,3177,7202,8028,9807,5020,3278,5183,3308,6759,6342,6177,2013,LISBOA,Estados Unidos da América
4778,1406,968,1585,34,9262,6095,5678,1428,8718,7656,9645,2013,LISBOA,Angola
8566,4169,6221,8896,403,4675,4063,5123,832,7875,5463,9981,2013,LISBOA,Cabo Verde
3943,8120,920,736,2335,9494,7731,2051,5117,9368,4536,9982,2013,LISBOA,Dinamarca
9417,5342,9447,6294,9563,1678,1378,5569,1920,4241,6369,3314,2013,LISBOA,Emiratos Árabes
6917,1186,9861,2115,2077,1423,3835,415,5975,4738,4865,7187,2013,LISBOA,Marrocos
739,1947,1602,8453,3731,7907,9542,1670,7726,3297,4699,3188,2013,LISBOA,Irlanda
3632,1829,3319,4375,9787,208,6359,5650,5188,2493,3877,9443,2013,LISBOA,Senegal
9441,3682,6529,9475,5152,4645,3519,8189,9769,2457,5542,6697,2013,LISBOA,Turquia
421,3513,69,5950,1587,6674,8751,1024,138,5888,6069,7516,2013,LISBOA,Noruega
5028,5951,4465,3601,96,4667,1873,6586,1612,6839,8695,3413,2013,LISBOA,Suécia
3309,1051,4794,728,5346,6697,8033,6080,7631,1057,9549,3843,2013,LISBOA,Canadá
3206,6270,2686,5272,1972,2584,3278,6045,5275,7425,8945,5358,2013,LISBOA,Austria
2406,2009,5231,1806,9215,4571,8639,7868,1032,9528,6607,1534,2013,LISBOA,Moçambique
8603,7901,4346,2184,3729,8875,1437,8940,9640,4022,2700,4651,2013,LISBOA,Rússia
4500,3504,5001,8108,4277,7581,4138,5389,6504,9753,4130,718,2013,LISBOA,Rep. Checa
1669,4331,2858,1270,3642,2097,3914,3378,5549,4319,8896,8333,2013,LISBOA,Luxemburgo
6198,6788,7271,7026,7123,3985,1960,7949,7498,6129,546,7645,2013,LISBOA,Polónia
4164,9689,1288,4350,2091,4236,7207,2031,5531,6373,8775,2816,2013,LISBOA,Hungria
8554,2800,3095,9040,1641,4210,813,660,1289,6814,4862,9230,2013,LISBOA,Finlândia
9869,9857,7887,7880,3782,2820,5388,2591,2422,1671,7581,2612,2013,LISBOA,Gana
908,5026,6710,4058,9852,4510,849,1056,1520,8962,2259,2578,2013,LISBOA,Roménia
618,2744,7615,9560,615,9582,5732,4451,6052,6236,195,8347,2013,LISBOA,Venezuela
9353,2720,6984,8537,5687,7138,6178,4199,6652,2073,3772,2187,2013,LISBOA,Mali
8006,6799,1728,3841,1466,5322,8381,9174,6127,5352,2765,5685,2013,LISBOA,S.Tomé e Príncipe
8218,8354,5340,1798,9002,8972,7740,9620,894,3403,2515,2957,2013,LISBOA,República Dominicana
3087,7554,649,961,3361,8099,1426,9142,5428,9503,2948,8559,2013,LISBOA,Ucrânia
3101,3935,2925,1261,7970,5004,3528,2354,9782,4043,6396,3251,2013,LISBOA,México
3888,7257,2149,9458,1680,5098,1793,9713,6686,2019,4216,9650,2013,LISBOA,Croácia
915,1989,2221,5263,5130,3777,8755,3588,3333,1422,1197,8197,2013,LISBOA,Tunísia
3008,1586,6276,4143,8847,2948,5490,5695,8944,356,1215,6217,2013,LISBOA,Argélia
707,7635,2296,143,6696,5949,6254,5994,5833,2433,9139,6272,2013,LISBOA,Israel
1254,1027,5899,1340,5117,4614,5244,5671,4471,4333,5745,7371,2013,LISBOA,Moldávia
875,8623,7283,5088,6089,7345,786,6747,5249,4384,4142,8712,2013,LISBOA,Grécia
3332,9226,2380,789,8605,397,4680,9062,1269,4100,3093,8064,2013,LISBOA,Jamaica
7793,5179,8303,1965,8635,1366,5167,5161,2001,8003,5366,8893,2013,LISBOA,Malawi
5179,3879,7341,422,5478,8592,2305,4982,5795,8146,5827,1170,2013,LISBOA,Montenegro
6392,7512,6191,4825,3547,9773,4863,6424,9359,4500,5357,2216,2013,LISBOA,Letónia
8233,4182,3511,2179,4268,1636,2047,2776,1518,2511,1204,9139,2013,LISBOA,Colombia
6198,4548,9067,4985,5370,4665,361,9896,7209,7498,4831,9705,2013,LISBOA,Guiné Equatorial
7365,3599,5850,4359,4471,5207,1146,1575,6399,8151,9,7614,2013,LISBOA,Lituânia
1017,8280,4381,6882,9654,6183,5755,5906,7472,5040,5321,7908,2013,LISBOA,Malta
9096,9565,4975,1302,4651,9159,4162,3486,1990,7194,5419,7641,2013,LISBOA,Azerbaijão
957,6637,5057,7332,5450,3400,2834,147,5452,5615,4873,3801,2013,LISBOA,Afeganistão
6709,6744,4519,6924,9730,875,5459,4960,4249,8341,7147,9133,2013,LISBOA,Líbia
1207,5526,9667,6110,1925,9801,649,6109,545,205,398,6165,2013,LISBOA,Eslováquia
1596,230,2845,7886,7206,4645,7493,6675,7793,2900,8876,1170,2013,LISBOA,Egipto
2771,2453,8297,4911,2917,7825,498,7301,245,1692,7066,769,2013,LISBOA,Desconhecido
8090,9336,3725,7094,5414,1361,4946,7754,5344,8067,5206,175,2013,LISBOA,Turcos e Caicos
3545,7911,4438,2000,1791,7981,5293,2607,2775,44,61,2031,2013,LISBOA,Chade
1271,1665,4771,640,4592,816,6774,1597,7780,6238,7436,2358,2013,LISBOA,Ruanda
8811,9483,7543,1265,3159,2425,1959,1420,4255,9949,7732,2995,2013,LISBOA,Cazaquistão
7193,3125,8019,4248,3911,9441,4767,5544,4169,7667,2310,4142,2013,LISBOA,Antilhas Holandesas
1309,9774,1959,9120,445,8277,7305,2750,2788,2964,7391,3937,2013,LISBOA,Líbano
1622,3891,5208,4609,9513,1347,2373,7763,2561,7062,5778,8339,2013,LISBOA,Burundi
1350,2606,1667,7662,8967,296,2198,8516,7653,4756,7639,9121,2013,LISBOA,Argentina
2356,555,5778,3344,1364,2187,6822,6350,8766,9515,1575,3489,2013,LISBOA,Austrália
3007,9674,9064,5556,7796,3275,7096,6997,4276,8731,2471,2090,2013,LISBOA,Uruguai
1179,7051,6659,2232,3309,3537,3337,8692,8172,2233,6784,1738,2013,LISBOA,Islândia
9078,4045,2217,8307,3237,8922,939,3144,2285,5772,4566,598,2013,LISBOA,Kuweit
21,423,4576,8101,6246,4455,4334,96,2438,5351,1865,9505,2013,LISBOA,Nigéria
1378,4544,7297,5026,769,8938,2348,2831,3564,8786,5887,7762,2013,LISBOA,Guiné
8284,2719,9849,672,6514,9265,9869,6376,743,7563,4478,1295,2013,LISBOA,Quénia
1004,3276,9789,3158,9012,9624,8021,4975,1186,9835,7761,6745,2013,LISBOA,Antígua e Barbuda
5905,5031,6158,6104,5632,991,9233,9827,345,7961,3074,3278,2013,LISBOA,Gabão
211,9669,6063,1637,3073,1660,7158,9539,2539,1538,9455,7448,2013,LISBOA,Equador
1599,5647,2858,8038,4057,4075,2769,511,5271,6981,8692,755,2013,LISBOA,Arábia Saudita
2555,2613,4719,6990,5685,9154,8228,3188,4427,7907,8327,936,2013,LISBOA,Iraque
742,8984,5775,9686,3440,1589,9298,6407,3419,8628,3656,2123,2013,LISBOA,Gibraltar
8102,8473,9211,7604,4329,1074,1662,7621,7487,801,7164,4878,2013,LISBOA,Estónia
7151,7529,1078,5479,4481,1691,8608,1383,2495,4288,9417,9011,2013,LISBOA,Bahamas
2435,4170,7559,8686,7533,5732,9325,5072,9819,1082,4914,6069,2013,LISBOA,Togo
3253,4537,8116,3440,4145,6111,2960,9117,28,244,9019,4890,2013,LISBOA,Bermuda
6761,5288,7144,2434,6803,1109,3261,9248,3257,7619,5695,5791,2013,LISBOA,Bósnia Hergovina
2293,1076,4521,5154,4862,191,6923,1225,9994,9804,9566,9890,2013,LISBOA,Porto Rico
5875,7137,3790,4976,1794,6207,6516,5641,4508,3942,873,4032,2013,LISBOA,Sérvia e Montenegro
3656,1597,5629,3791,1886,480,6847,8410,8971,1930,3072,6960,2013,LISBOA,Panamá
3921,7251,6154,341,2278,5089,9381,8990,394,6352,3019,2805,2013,P.DELGADA,
2635,6949,8996,1216,1369,763,4742,8315,3263,3051,2878,4993,2013,P.DELGADA,Portugal
8360,1267,4744,8469,6714,3535,943,1529,4867,3659,6773,8159,2013,P.DELGADA,Estados Unidos da América
9306,4492,4426,9631,3302,9432,8340,4352,9377,9705,3838,1822,2013,P.DELGADA,Canadá
7014,2356,6486,5090,9571,8814,8821,3987,3406,81,1204,605,2013,P.DELGADA,Alemanha
5935,6770,2546,8457,5700,4059,1221,5356,3508,3678,3542,2052,2013,P.DELGADA,Suécia
1421,8340,1265,7035,2528,8460,6890,6581,2753,6467,521,1419,2013,P.DELGADA,Espanha
4793,5745,660,1580,5796,8853,8433,4598,7235,986,2533,9452,2013,P.DELGADA,Finlândia
3526,3230,3566,204,7303,552,6456,770,4218,2081,1423,6397,2013,P.DELGADA,Holanda
6717,4165,619,4014,9295,9997,7222,5641,8405,2803,646,8496,2013,P.DELGADA,Dinamarca
8687,8464,623,6377,2838,1596,1643,1439,1956,6699,8185,7907,2013,P.DELGADA,Inglaterra
680,9047,2286,9582,7306,3851,9316,5315,5936,6553,8795,2007,2013,P.DELGADA,Bélgica
7686,6397,9597,3194,5008,3396,5732,9971,8014,6709,923,4576,2013,P.DELGADA,França
2222,1349,5430,2916,6559,6090,2423,4347,594,8684,9556,1189,2013,P.DELGADA,Polónia
2134,3581,1359,6199,5173,1067,540,5038,2320,1514,5197,7631,2013,P.DELGADA,Noruega
1508,7479,8646,5071,898,4785,6876,5286,3392,3359,4168,8368,2013,P.DELGADA,República Dominicana
8670,3790,6324,5693,5809,8540,3888,1769,8284,9079,5181,6001,2013,P.DELGADA,Cuba
4523,3184,2409,7695,8645,7877,8123,7146,4098,6369,8643,3621,2013,P.DELGADA,Itália
3953,1782,7090,7125,768,6950,2499,1474,2741,4488,3008,4342,2013,P.DELGADA,Suiça
4758,5864,3325,2007,4647,7720,5297,2915,4193,9093,8446,6683,2013,P.DELGADA,Rússia
5519,6023,5746,5849,5624,1221,5199,5376,3091,7309,7150,5832,2013,P.DELGADA,Venezuela
7965,3147,8243,3468,9532,3,413,1328,7780,1652,9251,9774,2013,P.DELGADA,Austria
3122,9765,3213,9650,1264,7577,5057,3794,7414,4826,5947,2754,2013,P.DELGADA,Colombia
2129,9627,5088,6618,8347,6442,222,443,9989,915,8891,6662,2013,P.DELGADA,Martinica
7209,7546,8360,2416,3221,8355,1636,4835,5729,6293,4081,3134,2013,P.DELGADA,Antilhas Holandesas
3146,886,8107,7773,2155,4634,2345,5545,2968,1151,4152,8099,2013,P.DELGADA,Marrocos
2924,7358,7566,7081,6562,9410,7989,8084,9202,7204,9063,6324,2013,P.DELGADA,Barbados
6240,116,4604,960,6986,8083,4742,3120,2644,7875,9961,8093,2013,P.DELGADA,Bermuda
3917,7178,4367,6669,3932,2774,6101,6249,8134,8945,9119,2589,2013,P.DELGADA,México
6706,1718,8553,6444,4351,4345,2654,2738,2485,6513,5823,8117,2013,P.DELGADA,Islândia
6465,5804,2250,9983,4988,3678,9502,2985,8858,4870,1835,3088,2013,P.DELGADA,Montenegro
9996,8878,4955,5238,1534,2930,4907,3385,5062,530,4893,9865,2013,P.SANTO,Portugal
4023,2142,4464,5318,3743,8931,9554,1999,939,8630,3583,7398,2013,P.SANTO,Inglaterra
4150,8820,9156,6994,759,6820,423,917,3398,2374,5026,197,2013,P.SANTO,Itália
9825,4251,7115,4651,3671,9099,8394,7670,5815,2746,9644,8660,2013,P.SANTO,França
6693,5925,5310,2412,1058,508,7946,1069,4165,1725,6744,5343,2013,P.SANTO,Alemanha
5142,3444,5976,1620,3989,9631,1157,1805,2581,1144,1613,6192,2013,P.SANTO,Suécia
2663,7143,6862,5330,7815,8234,6953,5060,3832,4781,9385,6220,2013,P.SANTO,Dinamarca
5692,8173,2640,2536,2600,8145,4580,8550,3995,1274,4395,9885,2013,P.SANTO,Bélgica
8306,1693,7556,6911,7464,4158,6594,3063,8950,5820,6294,3566,2013,P.SANTO,Espanha
4219,8691,1364,4136,4276,9470,1123,1258,7,7787,5708,5593,2013,P.SANTO,Noruega
4018,9856,6668,7703,9417,5352,579,5576,8438,2220,8452,4530,2013,P.SANTO,Finlândia
4836,8856,9922,7648,2879,5872,2435,8245,3649,5647,5456,9276,2013,P.SANTO,Holanda
4615,2877,4967,1278,5087,8082,1613,8926,6244,755,8996,9862,2013,P.SANTO,Austria
2952,7079,3616,9214,9470,5031,1880,7855,3303,5314,9590,9935,2013,P.SANTO,Suiça
3589,7677,1577,9376,6683,3319,2752,5507,6529,8760,5437,7297,2013,P.SANTO,Estados Unidos da América
9012,2054,313,5337,2505,271,308,9855,3877,3802,3344,3021,2013,P.SANTO,Desconhecido
9390,3589,6796,6488,3787,4817,5660,8358,3515,9189,5775,4896,2013,P.SANTO,Gana
2165,9354,4225,3703,1838,3535,9922,5725,4586,1009,1909,6727,2013,P.SANTO,Guiné Equatorial
2109,4855,5816,4051,4140,9344,3664,2553,6766,914,1131,7749,2013,PICO,Portugal
2032,761,1579,5660,7848,1488,5843,1851,4634,9700,3277,9924,2013,PICO,Dinamarca
3820,7241,1719,2787,1335,7850,3646,1864,7250,1013,9036,9856,2013,PORTO,França
4364,1340,6493,1868,135,4172,6453,7071,2090,3909,4234,3980,2013,PORTO,Portugal
2459,7306,4723,2056,4325,6537,8618,5459,5237,41,4701,7300,2013,PORTO,Espanha
7545,1422,9931,8446,4976,1843,8022,599,8295,9365,9156,1098,2013,PORTO,Alemanha
5629,6532,9270,4009,3284,7370,1442,5305,536,3116,7603,5257,2013,PORTO,Suiça
7641,1592,733,8926,2352,5063,2079,4889,5499,496,2286,2189,2013,PORTO,Inglaterra
9279,3448,1147,9768,7945,3553,6332,6319,9864,5340,1232,9956,2013,PORTO,Itália
9324,44,3624,9325,2155,4745,1287,860,914,2221,1353,9257,2013,PORTO,Bélgica
1038,9200,22,5703,1899,6230,8643,4044,9378,1124,7618,5262,2013,PORTO,Holanda
6064,5830,9350,4386,8123,4260,3607,5529,9533,981,6378,5927,2013,PORTO,Brasil
7808,4358,3141,218,8536,8336,5095,1908,899,9320,7085,3798,2013,PORTO,Luxemburgo
5278,4586,6423,3649,8649,7757,6265,4566,4444,9499,9417,3337,2013,PORTO,Angola
9133,9824,3267,4825,9603,1396,2042,5467,8510,9460,2729,287,2013,PORTO,Estados Unidos da América
5719,3451,683,9300,6716,9718,1685,9820,1805,2323,7192,1397,2013,PORTO,Canadá
1801,6830,7776,3197,7674,8603,1361,5407,7124,6200,2589,5455,2013,PORTO,Irlanda
1061,2523,2196,3754,7951,6519,6657,5575,6817,2553,2516,8295,2013,PORTO,Venezuela
5800,3071,3670,7512,6320,5591,6074,3849,3686,7110,2154,1446,2013,PORTO,Cabo Verde
1413,7502,1689,6702,9765,9602,6674,3077,1970,3048,4188,8368,2013,PORTO,Marrocos
3173,9765,4908,4990,4181,8730,2098,2498,6370,405,9074,5757,2013,PORTO,Tunísia
2317,8428,2,9914,5386,5414,4344,7564,4919,6364,5488,2106,2013,PORTO,Austria
4815,3442,6166,2850,4498,6283,3478,6767,9199,5709,6290,9982,2013,PORTO,Rússia
3009,182,6445,6053,8177,5556,7262,6509,1717,4227,4247,2732,2013,PORTO,Finlândia
7953,4520,4870,2489,9865,2087,536,1943,1693,5762,8808,9574,2013,PORTO,Bulgária
6923,4848,5957,1331,8195,4701,5857,4912,5966,4782,6172,897,2013,PORTO,Dinamarca
9415,5798,1916,5487,4401,2095,7229,776,5556,6627,812,2908,2013,PORTO,Roménia
2930,2207,3993,4628,8023,6047,1312,822,8919,5587,3242,3713,2013,PORTO,Croácia
9604,2539,887,6175,4446,312,3488,2068,1447,6533,192,7804,2013,PORTO,Noruega
5059,8597,2705,7446,8870,8344,8533,4407,1501,4442,1201,718,2013,PORTO,Suécia
4027,3286,6584,8075,6085,4799,3120,7634,8798,9874,5830,3474,2013,PORTO,Eslováquia
2006,2593,3474,4644,3648,3946,1801,9991,6753,8868,8609,1267,2013,PORTO,Barbados
9432,7802,3202,3803,9816,1252,6613,7305,9643,7768,9807,9705,2013,PORTO,Turquia
7272,2449,6855,3057,866,6825,928,1940,711,3395,3039,9312,2013,PORTO,Grécia
7777,7107,5919,1452,9827,535,7835,4635,6577,351,650,5927,2013,PORTO,Bahamas
2107,5814,2403,6538,3063,6440,6184,2538,7445,3721,6148,1473,2013,PORTO,Rep. Checa
377,8434,1474,3026,7025,5817,626,7325,6121,1659,4697,6346,2013,PORTO,Emiratos Árabes
6091,3582,1595,2378,4835,5733,4277,4199,4170,1010,2329,8442,2013,PORTO,Polónia
2325,8456,6621,9381,7064,3405,8589,4537,5458,5569,634,3695,2013,PORTO,República Dominicana
6453,8017,2181,6846,5107,9288,5631,6692,2402,5556,326,2992,2013,PORTO,Desconhecido
1801,9220,5975,3830,4110,1,9152,3893,7381,8873,9447,6844,2013,PORTO,Santa Lúcia
3290,4027,808,7574,146,1911,3110,9602,942,108,178,2907,2013,PORTO,Senegal
5391,7664,1207,9583,8636,4853,2493,7188,8752,9627,6256,7843,2013,PORTO,Líbano
4152,4079,8712,4845,8383,2879,1026,907,6122,112,5644,5217,2013,PORTO,Austrália
9954,7731,4644,2975,995,2385,413,239,5275,1563,7848,2051,2013,S.JORGE,Portugal
9207,9123,137,8344,3837,1256,9641,9401,1317,6255,9457,405,2013,S.JORGE,Dinamarca
6198,6872,8921,9282,7534,1416,8493,9359,8242,1453,5941,9741,2013,S.MARIA,Portugal
5296,8721,4486,6018,8122,5984,812,1542,649,1971,4757,872,2013,S.MARIA,Venezuela
7348,407,2144,6380,5156,8021,7665,2753,3756,8187,3473,8634,2013,S.MARIA,Jordânia
6877,9065,5005,9696,5899,8180,642,2803,5071,9000,549,773,2013,S.MARIA,República Dominicana
2605,9580,2698,7818,6762,1491,3824,7892,8264,545,6124,8691,2013,S.MARIA,Inglaterra
9130,7066,7641,9093,3300,1017,8587,71,1434,6902,5454,7836,2013,S.MARIA,Cuba
6522,4577,9576,233,1050,7388,6484,97,5450,5745,6907,1614,2013,S.MARIA,Turquia
3995,4189,5268,7229,5702,3280,7560,8123,4685,4432,9169,2076,2013,S.MARIA,Haiti
7011,1767,4525,1409,5206,1433,1341,1842,3371,372,797,5338,2013,S.MARIA,Alemanha
7111,7401,5077,8060,5713,5256,7522,6369,232,9814,7789,9690,2013,S.MARIA,Bermuda
7714,7114,3016,6674,5074,6329,7043,3901,8925,5170,1501,8237,2013,S.MARIA,Rep. Checa
8394,7798,7119,7289,2534,3724,1701,5278,8470,8414,6966,6114,2013,S.MARIA,Bielorússia
3713,3937,3730,8880,4829,4667,9394,884,1017,4662,9401,9180,2013,S.MARIA,Marrocos
9196,2827,5608,8520,7542,4258,9584,5664,3643,7892,6529,1130,2013,S.MARIA,Estados Unidos da América
9532,3784,9230,7686,9180,5457,7412,4122,8964,7019,7854,3557,2013,S.MARIA,Espanha
8208,5034,267,7280,6428,7583,6424,5596,7167,1212,6802,9980,2013,S.MARIA,Antilhas Holandesas
3875,1323,1138,4267,5735,2785,9606,2852,1567,2206,1581,3405,2013,S.MARIA,França
6248,9465,4370,4307,6363,1250,286,2117,6638,9225,9998,2887,2013,S.MARIA,Suiça
9187,51,4905,1768,2506,6608,5242,5749,8928,501,5726,9230,2013,S.MARIA,Itália
6027,7415,9470,833,5162,6354,9808,8625,6955,3031,7851,9559,2013,S.MARIA,Benin
3175,952,8528,3118,9514,9890,4758,9733,3247,1876,10000,4084,2013,S.MARIA,Nigéria
2470,1798,3276,1386,4483,7223,9446,2165,1067,2782,1955,2115,2013,S.MARIA,México
7756,2123,1846,3028,6256,5558,9119,5302,3660,175,7723,9678,2013,S.MARIA,Mali
7045,8902,3670,7232,8162,3421,7475,6804,3743,6160,7924,1263,2013,S.MARIA,Canadá
911,8068,230,5841,9961,7428,4841,4650,3718,7955,2572,4811,2013,S.MARIA,Panamá
2968,3077,5087,5109,3473,9544,7995,7097,1968,9185,6776,1816,2013,S.MARIA,Israel
3429,7558,5914,5681,5531,9537,6219,2840,769,1533,7353,7503,2013,S.MARIA,Gana
8009,1592,8524,9002,631,195,8054,8818,7790,6075,5562,3085,2013,S.MARIA,Ucrânia
9001,4889,2361,7919,3954,7254,1009,5474,2319,8716,7038,8657,2013,S.MARIA,Malta
5465,7668,1753,9226,8098,8432,1888,4410,2140,4116,2608,8775,2013,S.MARIA,Rússia
9993,9540,4541,3161,7863,8247,7128,2232,8309,1537,4278,5093,2013,S.MARIA,Guiné Equatorial
3650,6267,503,7709,3213,5737,8778,1294,8667,2167,2113,5849,2013,S.MARIA,Ilhas Virgens UK
9430,953,4942,6809,5508,8281,3205,3944,2531,8845,6328,9455,2013,S.MARIA,Bahamas
8687,7462,8090,8257,7115,8743,9126,9449,9056,3017,4860,1427,2013,S.MARIA,Ilhas Virgens USA
8773,5008,9352,5490,6227,1066,3982,6949,888,4191,3687,4548,2013,S.MARIA,Antígua e Barbuda
7949,1745,4684,8287,308,2011,4432,3378,9623,2172,360,569,2013,S.MARIA,Martinica
7713,3105,5668,7525,7821,8828,4075,9505,264,5637,7631,7992,2013,S.MARIA,Guadalupe
428,5312,4376,1750,2699,6295,7730,4015,8498,2564,6664,3563,2013,S.MARIA,Costa do Marfim
4817,5379,1080,3411,7399,2363,7523,862,9046,837,3657,5290,2013,S.MARIA,Barbados
5836,2438,3998,72,9691,4146,777,1863,6843,31,4477,5291,2013,S.MARIA,Mauritânia
9732,5264,7409,1154,2036,4252,2410,4438,8185,5965,5888,3317,2013,S.MARIA,Granada
4201,4642,1018,3592,8381,6691,6101,7267,9444,1896,896,7616,2013,S.MARIA,Colombia
6250,575,1519,8122,537,7112,7977,6784,9458,6413,417,7312,2013,S.MARIA,Turcos e Caicos
470,9110,3056,981,2611,8694,1526,9453,6567,8160,8497,4144,2013,S.MARIA,Holanda
6202,4546,3037,2127,1403,3434,2563,6530,439,680,6199,6807,2013,S.MARIA,Congo
8761,195,7589,9933,4160,2554,1680,3505,2325,799,6794,5917,2013,S.MARIA,Tanzânia
3063,982,7182,6617,5378,7891,3261,4716,7808,3941,1684,2627,2013,S.MARIA,Grécia
753,41,8555,3560,1249,942,5189,2603,5823,5381,8900,3366,2013,S.MARIA,Burkina Faso
7630,399,146,8357,2694,518,6301,1924,8152,10000,7090,5335,2013,S.MARIA,Senegal
5029,4492,4897,9749,471,3836,7477,1233,863,9557,3227,8385,2013,S.MARIA,Antilhas Francesas
339,5776,4298,4562,6587,2160,5226,8620,1443,4463,3776,267,2013,S.MARIA,Peru
1695,989,324,6026,6294,1569,4945,8987,6772,2322,3440,4678,2013,S.MARIA,Chile
7544,3300,9893,3267,4962,4075,5214,854,7072,5820,7670,6476,2014,BEJA,França
9811,9828,9804,1158,9620,6085,4215,4900,2753,4735,4901,7977,2014,BEJA,Holanda
8193,2254,7274,233,7848,9307,3726,4885,9611,9547,4840,2025,2014,BEJA,Rússia
6008,3270,7492,4303,818,5372,7309,4109,9548,9882,580,7653,2014,BEJA,Suiça
9028,7601,251,6252,6176,4037,393,340,4569,6679,9608,7368,2014,BEJA,Estados Unidos da América
5279,5391,374,5605,2678,3222,7704,2932,3139,4061,3714,565,2014,BEJA,Espanha
2228,5868,7047,8276,608,3433,6204,3579,1762,4408,1172,9300,2014,BEJA,Israel
5405,4101,493,6742,6834,5848,4056,9095,1324,6217,7356,6082,2014,BEJA,Inglaterra
3485,6089,2121,7315,8302,9711,2076,2815,1433,61,8294,9364,2014,BEJA,Portugal
2296,5437,426,4092,1459,1714,2293,335,3320,323,266,888,2014,BEJA,Bulgária
296,1976,5124,4488,5036,5911,9422,731,184,4889,2470,7105,2014,CASCAIS,Espanha
8787,3438,3395,5897,6856,3101,5440,8750,3317,7106,7125,6041,2014,CASCAIS,Portugal
1735,522,9631,6915,6765,8016,2270,6678,5227,5422,9954,9334,2014,CASCAIS,França
3273,5935,6809,3385,9023,4865,6908,9976,7468,4714,2236,5696,2014,CASCAIS,Inglaterra
2612,9594,3757,8984,626,9314,9715,47,4140,4425,1857,7750,2014,CASCAIS,Itália
8641,1825,3927,7268,5153,7583,2426,6161,332,4068,6749,5200,2014,CASCAIS,Luxemburgo
1029,6980,6844,6636,6677,4475,692,3558,7926,1906,3491,7165,2014,CASCAIS,Alemanha
9437,4968,2688,8671,5754,5068,6395,189,8746,7770,8599,4610,2014,CASCAIS,Suiça
1543,22,7354,3667,7521,2289,3584,138,1223,3214,2611,5597,2014,CASCAIS,Marrocos
6979,9171,2731,816,894,6352,4135,2720,9908,6338,390,7436,2014,CASCAIS,Angola
4642,9205,8364,3244,3717,9346,519,9840,5272,2405,9021,4178,2014,CASCAIS,Holanda
6671,8766,9279,830,5764,4016,7089,6076,9973,2415,3703,4363,2014,CASCAIS,Polónia
2630,3897,8930,8234,7988,4683,6218,9694,8489,2195,6937,9033,2014,CASCAIS,Argélia
6095,1158,4115,5795,5375,9701,427,215,388,476,5706,9930,2014,CASCAIS,Estados Unidos da América
4855,5832,3549,8205,2823,35,4361,1063,3278,3564,8347,4043,2014,CASCAIS,Colombia
7822,8793,8224,9095,5168,7630,4448,2469,9182,8101,8969,8500,2014,CASCAIS,Gibraltar
6098,5786,1571,8206,4143,7076,4744,7769,9029,2211,9939,1736,2014,CASCAIS,Grécia
425,1700,577,7997,3032,7650,8881,3848,1946,540,8341,9093,2014,CASCAIS,Brasil
397,818,3829,9711,1570,1,4927,2379,5246,9608,1648,1892,2014,CASCAIS,Bélgica
8633,615,7589,38,598,7254,8365,2543,7669,4898,4595,9929,2014,CASCAIS,Burkina Faso
4832,3259,6378,8100,5632,2124,7163,9798,4195,8177,1472,7743,2014,CASCAIS,Eslováquia
384,5772,4445,3223,1508,3651,8250,6558,2629,9365,3257,8647,2014,CASCAIS,S.Tomé e Príncipe
6962,9618,4250,5615,5617,1374,7643,7827,6825,1645,2322,6636,2014,CASCAIS,Suécia
4245,4589,5132,4082,8630,3913,2134,5075,4267,423,3862,1376,2014,CASCAIS,Africa do Sul
5684,5495,6946,4053,750,2388,2356,7506,5906,5376,868,2881,2014,CASCAIS,Austria
3867,4647,8852,2947,599,254,9423,281,8631,3973,9414,9896,2014,CASCAIS,Montenegro
7614,9479,1958,9374,9151,9682,9415,290,952,3195,2581,9952,2014,CASCAIS,Bósnia Hergovina
9945,3172,9838,3895,7288,7332,6103,3329,7560,478,9905,3243,2014,CASCAIS,Cabo Verde
5907,1180,3105,2325,7908,4133,4329,1863,6110,6250,4459,9564,2014,CASCAIS,Rússia
2157,9074,3460,3426,663,6507,8095,3541,3830,5271,776,6263,2014,CASCAIS,Finlândia
8213,8041,3028,5520,5716,7384,2483,7296,4425,28,3532,8079,2014,CASCAIS,Canadá
5361,9157,9091,8214,3237,544,6920,9685,6142,1936,1870,1838,2014,CORVO,Portugal
4036,5124,7097,3935,3348,1098,921,1262,5199,7363,9989,157,2014,FARO,Inglaterra
1811,8732,6350,8104,8674,8093,9750,8999,481,7620,6785,2754,2014,FARO,Alemanha
7484,2773,1757,8676,1351,325,1031,1121,3985,1405,6939,8653,2014,FARO,Irlanda
1230,1070,4131,4897,8144,2540,209,4450,167,4007,7734,9421,2014,FARO,Holanda
4273,1227,2943,2553,5476,6908,2067,6680,6301,8991,5495,8436,2014,FARO,Portugal
5155,5301,8434,1361,1915,481,452,2987,429,1360,8192,1457,2014,FARO,França
3272,9256,9131,6260,8737,5916,7735,6384,8180,9237,4653,3534,2014,FARO,Bélgica
6553,6820,102,24,1171,9612,9830,3662,1653,9810,3319,3433,2014,FARO,Espanha
8816,4150,262,7844,1866,3520,1956,2387,7641,3819,9655,6941,2014,FARO,Dinamarca
5801,7194,5823,8669,4130,1641,1652,3910,1817,7000,3116,1844,2014,FARO,Suécia
4020,8281,1546,8853,8502,3169,97,730,9158,4971,1733,859,2014,FARO,Noruega
8714,875,4123,4404,1082,5096,435,7357,1998,6806,759,1413,2014,FARO,Polónia
4776,532,962,5256,8270,1333,4149,7105,8371,3903,476,7871,2014,FARO,Suiça
344,712,7941,4672,605,468,6817,3314,6272,5412,5532,2773,2014,FARO,Finlândia
9005,9581,2800,9464,4305,1893,6148,3282,1265,2446,6665,5726,2014,FARO,Luxemburgo
1582,3799,5947,4129,2868,3985,2920,9735,2752,7362,5102,513,2014,FARO,Rep. Checa
1101,5727,8516,5216,958,8603,7823,6888,8255,4771,1299,337,2014,FARO,Itália
5510,7807,5225,8434,138,4399,200,6011,3120,7482,4065,4030,2014,FARO,Canadá
3285,2032,6556,8699,6059,6096,8626,4595,5706,2317,3680,2596,2014,FARO,Rússia
9067,1589,6973,9359,8937,7348,7339,4860,7420,7240,6343,3982,2014,FARO,Islândia
1815,7733,7543,260,4493,2821,1217,7350,7983,3976,9286,9013,2014,FARO,Austria
7758,5295,9095,5351,7423,3843,3009,1649,9105,8755,7633,7354,2014,FARO,Lituânia
9625,378,5309,7452,2745,6260,3354,3393,4,8446,9550,6103,2014,FARO,Brasil
5204,8854,9759,9701,667,1532,4871,8636,4321,5945,4698,5375,2014,FARO,Hungria
4832,4114,5901,1787,7197,73,2899,4004,6689,3127,5361,3303,2014,FARO,Israel
7048,2706,1293,9388,3548,1613,2964,6720,9864,858,9382,1301,2014,FARO,Angola
9249,6543,10,9182,9693,9211,35,1297,2763,9874,1226,7073,2014,FARO,Gambia
3431,3462,6533,1204,8331,7522,7460,5580,3159,2450,530,98,2014,FARO,Cabo Verde
5637,717,2389,1264,244,9194,5533,4294,764,7506,6843,6491,2014,FARO,Estónia
103,9661,3030,4922,4927,9890,1301,6447,6110,2076,9721,4988,2014,FARO,Marrocos
2577,6056,7704,9434,4152,8694,4255,312,5701,1929,7832,626,2014,FARO,Arménia
7036,6013,4904,2961,1157,7641,154,2303,5569,5271,9703,3489,2014,FARO,Congo
6081,8972,4974,7042,6702,5278,8949,784,7213,3325,6659,8060,2014,FARO,Letónia
5528,6060,3393,7951,3706,1274,8334,675,782,8720,3487,202,2014,FARO,Turquia
5552,4393,1129,8902,6599,1869,5040,1724,3627,376,2081,7904,2014,FARO,Estados Unidos da América
9184,7049,8190,8060,8928,3061,7889,7142,2389,6491,5048,508,2014,FARO,Senegal
638,411,1221,2831,5981,4691,7133,2237,2391,1772,3692,2988,2014,FARO,Austrália
4640,4072,8629,8940,4525,5662,3500,3938,7292,7666,9643,936,2014,FARO,Gibraltar
779,7072,5686,6926,597,7970,931,459,5353,1107,5663,1529,2014,FARO,Croácia
722,6452,1294,1845,254,3797,1801,5169,9664,57,1547,5347,2014,FARO,Grécia
5522,5491,9925,2596,6876,6518,7303,3959,3503,927,3556,4503,2014,FARO,Bielorússia
3570,7987,5794,7710,5214,4947,7627,3321,5472,4257,8789,2431,2014,FARO,Barbados
2592,7516,9598,5088,1162,3566,216,6443,5244,4125,4025,9497,2014,FARO,Namíbia
3502,9736,6027,8176,9270,3787,1967,1456,2676,9231,2997,8289,2014,FARO,Chipre
6944,8923,9913,4202,543,1968,2787,8920,7078,7632,3345,2430,2014,FARO,Malta
555,4338,9274,5504,1621,5358,4438,1172,752,8626,5474,1649,2014,FARO,Sérvia e Montenegro
6931,9146,7514,6794,7905,1729,4906,6361,8625,5459,9705,7110,2014,FARO,Argélia
290,7188,6179,6538,4149,508,5055,1136,2608,957,8770,4070,2014,FLORES,Portugal
4543,1053,7989,9008,6651,5965,7891,9217,3800,1289,1030,8956,2014,FUNCHAL,Portugal
3009,2670,5110,8163,9190,6462,8763,3447,6926,1026,8003,512,2014,FUNCHAL,Inglaterra
8008,8255,3296,65,9955,3357,9946,2449,5665,9196,2909,377,2014,FUNCHAL,Alemanha
7473,9349,8512,9038,210,2794,1913,4352,6901,4696,2435,7673,2014,FUNCHAL,França
2476,7256,1804,1519,5089,9718,7975,147,493,6400,2353,8814,2014,FUNCHAL,Espanha
1310,6937,411,7013,3862,2302,9312,2345,8372,1244,6780,5277,2014,FUNCHAL,Holanda
7564,2286,7510,5751,1676,3837,7618,5791,8209,4162,526,6545,2014,FUNCHAL,Dinamarca
9133,9746,6196,9776,9833,46,106,4307,4798,8546,1011,3822,2014,FUNCHAL,Polónia
9480,3221,5469,9110,5056,9753,5584,8402,7579,6289,6507,3851,2014,FUNCHAL,Finlândia
2949,5218,8448,4621,9817,5644,2242,4351,3117,7310,1195,1089,2014,FUNCHAL,Suiça
3886,9506,1176,1232,4468,7211,5066,3752,4777,3701,9484,1857,2014,FUNCHAL,Bélgica
6564,1255,4463,4792,9042,5710,5020,4606,7904,390,4189,2916,2014,FUNCHAL,Venezuela
3464,155,5084,1664,3615,8108,3883,7748,7386,9294,884,1683,2014,FUNCHAL,Suécia
9206,9297,3786,535,8173,6528,1074,1772,978,6791,7850,8249,2014,FUNCHAL,Noruega
835,9809,7277,3266,3717,6335,8559,932,1124,2082,8549,1343,2014,FUNCHAL,Austria
1880,6827,954,3996,612,7176,7162,278,5860,8534,7647,8810,2014,FUNCHAL,Luxemburgo
5443,1687,5182,7439,7550,7589,2384,6646,1883,2988,6008,3347,2014,FUNCHAL,Rep. Checa
7318,3940,9901,6452,2630,4640,764,9265,4806,5038,9512,3002,2014,FUNCHAL,Rússia
7626,9577,4221,7628,1232,1207,4219,2254,8247,6070,8008,9315,2014,FUNCHAL,Cabo Verde
3571,9394,8324,226,3127,8549,1579,9675,9688,9085,9159,5091,2014,FUNCHAL,Lituânia
3433,6644,6911,1144,4401,4044,4662,936,5812,9383,1160,4610,2014,FUNCHAL,Estónia
461,9866,2548,1985,5066,1096,6604,5700,8319,9960,1175,150,2014,FUNCHAL,Islândia
568,3494,1976,3401,2047,9737,3232,8735,3817,8277,7347,6026,2014,FUNCHAL,Letónia
8763,8933,3197,8084,907,4622,3099,4379,1187,965,5156,9683,2014,FUNCHAL,Bielorússia
3897,4511,1898,5348,7502,8654,2957,4292,3480,6386,7142,5075,2014,FUNCHAL,Brasil
438,2268,9400,3439,4815,464,5125,6747,5911,3706,8483,3294,2014,FUNCHAL,Itália
1616,8716,3848,8961,3971,9578,992,8876,9628,2426,6841,3885,2014,FUNCHAL,Antilhas Holandesas
9086,2277,9818,5973,6690,2452,4187,4681,4399,1032,8498,8879,2014,FUNCHAL,Israel
5258,3125,3631,4411,3289,544,1852,2533,9660,6191,7935,2687,2014,FUNCHAL,Marrocos
3025,4307,5089,9333,1748,1773,6818,1444,6969,6787,1460,9594,2014,FUNCHAL,Burkina Faso
1985,9116,539,6827,791,9120,41,8009,2365,5874,8293,1557,2014,FUNCHAL,Estados Unidos da América
8312,6690,2485,9755,8809,4509,863,987,9562,3373,3025,9496,2014,FUNCHAL,Desconhecido
8347,2781,9534,3600,9679,2156,6043,442,3422,7252,6888,4024,2014,FUNCHAL,Canadá
4676,7310,6986,8030,9418,5690,3182,6837,9099,6817,4357,4758,2014,GRACIOSA,Portugal
2678,2386,7195,3341,9848,9875,728,3418,5652,8853,3535,3869,2014,HORTA,Portugal
6191,4536,1575,5241,8063,2861,881,7571,8227,4662,7582,3967,2014,HORTA,Austrália
4040,7854,2425,8942,7995,3430,7969,1718,2488,4030,6688,6538,2014,HORTA,Canadá
4738,8321,3379,1315,8422,6816,5314,9011,6889,9,859,3939,2014,HORTA,Estados Unidos da América
4917,8068,6993,1362,5029,9922,6281,9184,5613,3038,5807,1317,2014,HORTA,Rússia
3869,9045,3060,870,1015,9955,1000,3319,5723,5178,8803,7224,2014,HORTA,França
1579,7234,9106,8197,3816,6148,3478,1068,431,7770,9623,3847,2014,LAJES,Portugal
4139,7310,5268,658,5120,1627,9700,5675,5401,8431,5690,2424,2014,LAJES,Rep. Checa
2443,540,2406,4426,6920,4720,4767,8825,668,6887,9581,6715,2014,LAJES,Estados Unidos da América
1570,6170,3211,6879,249,6218,1447,2702,8626,3324,9446,9301,2014,LAJES,Holanda
681,6789,4574,2130,5767,9025,1236,90,8494,5358,3712,9793,2014,LAJES,Cuba
2508,9705,1774,4396,4418,4405,6079,8261,7263,2956,5972,6754,2014,LAJES,Espanha
3000,3228,9004,2939,7941,3507,9736,9752,8737,3323,1245,3796,2014,LAJES,Canadá
5391,9140,3104,5049,7245,3936,3272,4212,2535,5513,2237,9290,2014,LAJES,República Dominicana
1750,9446,6676,4425,1279,2097,5241,6262,5266,1279,351,5770,2014,LAJES,França
8115,7498,7823,8553,308,3003,9626,9137,9370,2184,9530,2430,2014,LAJES,Itália
4399,1815,9057,2804,9523,8110,9133,8792,8631,8691,4189,8813,2014,LAJES,Martinica
9710,8002,9436,598,7329,1923,7383,234,545,3152,3152,7235,2014,LAJES,Inglaterra
8174,446,2111,6160,7999,3365,5121,2011,7107,1131,9161,8001,2014,LAJES,Venezuela
2411,1033,9288,9545,8497,9023,5919,1107,4748,7882,8966,7636,2014,LAJES,Marrocos
3366,2643,4819,7156,8990,2875,9404,9021,3420,1831,9356,2221,2014,LAJES,Barbados
2981,7550,7324,3843,697,4191,5494,2939,1428,4278,7084,8167,2014,LAJES,Antígua e Barbuda
9733,853,684,7654,5057,9990,2610,713,4548,4304,9200,5805,2014,LAJES,México
4662,3390,8551,7594,7217,1020,3823,5494,1489,16,911,9859,2014,LAJES,Bermuda
4012,6576,7436,2406,1964,2587,7656,4034,6899,5277,6709,2570,2014,LAJES,Senegal
9262,1525,2289,5395,9427,2280,7278,9939,5565,8476,3114,1900,2014,LAJES,Alemanha
1218,8395,6981,4977,7998,2197,5810,4410,3585,8740,2757,9118,2014,LAJES,Eslováquia
1327,6968,7515,442,6335,5470,3142,2473,5373,3358,2921,7692,2014,LAJES,Angola
8721,2605,8759,5996,1449,5911,7942,3454,8758,2375,2844,8249,2014,LAJES,Suiça
3901,5068,5698,5743,3087,8690,4078,6435,6548,992,2867,5520,2014,LAJES,Israel
2525,4942,2702,4462,9760,3409,7383,3308,3882,5384,7254,6985,2014,LAJES,Nigéria
9821,5979,1105,9029,9323,2050,7611,9557,2029,6326,557,574,2014,LAJES,Santa Lúcia
300,4745,1238,9913,9859,5622,5833,2544,3546,1713,884,1105,2014,LISBOA,França
1072,6120,8485,8108,7214,7545,6533,7363,8800,5089,500,64,2014,LISBOA,Portugal
3105,4142,9209,8877,157,4076,5057,8606,6148,6059,5539,2402,2014,LISBOA,Espanha
5696,9608,1815,5208,312,5824,5592,6305,1518,556,51,9408,2014,LISBOA,Inglaterra
9056,6612,9954,6390,4478,9063,7590,7422,760,9589,3201,5046,2014,LISBOA,Alemanha
2510,6207,9661,6186,6074,9354,472,3832,6774,8607,4722,9184,2014,LISBOA,Brasil
3535,4328,8376,7449,3314,8706,5317,7903,7672,8390,4267,619,2014,LISBOA,Itália
6548,6568,5791,3595,4221,6293,6148,279,6129,2947,7747,2705,2014,LISBOA,Suiça
9619,2978,3235,4729,9096,1818,5983,1596,3088,6924,8702,1649,2014,LISBOA,Holanda
7692,3985,138,4332,7192,6123,9319,8969,6946,5298,5679,2407,2014,LISBOA,Bélgica
4898,899,2577,2275,4102,2591,2785,9278,6259,3841,6371,3278,2014,LISBOA,Estados Unidos da América
5899,9052,2043,8149,1581,4787,6494,4114,8767,4241,7459,664,2014,LISBOA,Angola
1459,4567,3754,3790,4374,6382,5687,2617,5621,6155,3566,5566,2014,LISBOA,Cabo Verde
4932,2120,8743,4290,3188,1661,8630,3330,5265,8566,9831,5357,2014,LISBOA,Emiratos Árabes
1957,6911,9836,2894,8705,3503,3295,0,6360,7422,7886,1678,2014,LISBOA,Irlanda
859,3855,822,8353,4454,2214,1840,3648,6494,7244,6475,9721,2014,LISBOA,Dinamarca
8832,7565,302,2206,6103,5670,2956,1189,5275,9765,3991,6339,2014,LISBOA,Marrocos
7107,8282,2169,2250,7216,161,4290,3993,6852,1118,3873,9197,2014,LISBOA,Luxemburgo
6940,3397,8460,783,356,1390,881,4521,3194,4062,1955,730,2014,LISBOA,Turquia
5307,3125,1551,2134,8182,7868,2137,4087,3748,745,4765,4249,2014,LISBOA,Austria
448,5664,6326,4906,9257,2220,3445,6990,4619,156,1307,8770,2014,LISBOA,Noruega
8458,9683,8287,2832,6553,5191,5348,7167,9313,2930,6978,5526,2014,LISBOA,Canadá
6861,9292,4522,6800,2984,4768,4249,7373,263,1079,9430,182,2014,LISBOA,Senegal
9711,677,5440,5074,27,2668,3371,7586,9985,8806,632,6142,2014,LISBOA,Suécia
1182,8150,7584,8003,7809,978,6455,1942,2483,4110,3929,4825,2014,LISBOA,Rússia
4392,6743,2633,1787,5299,7308,963,5490,6312,1523,8013,976,2014,LISBOA,Rep. Checa
4895,5008,796,6929,6400,3369,3121,6580,1056,8462,3539,8581,2014,LISBOA,Moçambique
8893,54,8,9954,6534,4419,4393,259,6137,145,2874,2270,2014,LISBOA,Hungria
443,3566,2406,4624,5559,6338,13,9708,2162,3261,4978,152,2014,LISBOA,Polónia
4606,8425,1299,8874,6140,1044,9436,7669,3428,1030,1689,1669,2014,LISBOA,Finlândia
8428,5953,5440,1440,8233,6057,7883,1405,992,973,9923,2846,2014,LISBOA,Venezuela
6496,9423,9363,2114,220,8523,9365,5098,9205,6067,7323,6306,2014,LISBOA,Gana
3446,619,1672,355,9181,959,1658,4522,9067,3082,3548,6504,2014,LISBOA,Roménia
6960,2482,6411,5099,9354,7642,284,9580,6522,9730,1435,8425,2014,LISBOA,S.Tomé e Príncipe
598,4829,5935,3716,6652,8641,2295,9878,8893,5857,6563,8951,2014,LISBOA,Mali
561,1057,3331,1705,7255,2255,8897,163,4808,8385,5975,8429,2014,LISBOA,Tunísia
5637,1647,8986,1712,8354,9309,2699,6089,13,6695,7491,1166,2014,LISBOA,República Dominicana
809,5832,3159,3878,5029,6939,1720,1901,9517,2425,1616,4984,2014,LISBOA,Croácia
8050,9590,2275,6177,4786,8777,5823,9868,8256,7419,5861,2727,2014,LISBOA,Argélia
1176,3198,2627,9614,2636,3143,256,8213,8465,929,7628,235,2014,LISBOA,Ucrânia
9539,384,3884,8356,2810,2309,2616,1874,5936,9942,2967,5489,2014,LISBOA,Israel
9374,2586,4468,2640,9612,6152,8089,2431,224,9390,8517,9208,2014,LISBOA,Colombia
7958,2692,2264,3238,488,5387,8244,9163,6088,6464,9944,1716,2014,LISBOA,México
2877,837,139,5305,3899,2644,129,7065,2305,1636,1776,9012,2014,LISBOA,Panamá
9213,6901,6368,2817,6867,7383,9988,1795,3717,7002,277,4335,2014,LISBOA,Estónia
9366,8605,1432,5662,1265,224,5478,3955,734,4057,4011,470,2014,LISBOA,Moldávia
5946,753,3961,7363,2236,8514,9404,1274,8087,3180,5032,7728,2014,LISBOA,Sérvia e Montenegro
7110,6411,1949,6550,5181,8414,4668,5141,4857,9720,399,4344,2014,LISBOA,Cuba
8530,9336,5444,6105,233,1090,6721,9009,6422,8746,693,8211,2014,LISBOA,Grécia
5234,3539,3829,9521,9224,9478,8291,3443,8724,8352,9355,2569,2014,LISBOA,Jamaica
7641,7372,9135,7065,8259,1734,4539,9349,6977,1783,6711,3303,2014,LISBOA,Islândia
2849,3378,1654,540,5484,9,7971,4446,8162,8435,7654,75,2014,LISBOA,Malta
8336,3842,3805,6403,4992,2821,8326,3595,291,5330,322,4547,2014,LISBOA,Montenegro
2053,4887,8413,7845,4412,5933,8347,6681,7851,5565,1164,3184,2014,LISBOA,Bulgária
169,8331,3971,3571,1966,5491,8709,1737,5134,7025,8048,965,2014,LISBOA,Antilhas Holandesas
9613,3550,837,299,4270,8974,5677,8667,146,5261,1179,3418,2014,LISBOA,Eslovénia
9006,7537,3890,8567,1612,8251,8011,9225,1429,397,2193,496,2014,LISBOA,Barbados
7717,5411,4038,1600,1797,3843,4138,2885,3403,5233,7400,583,2014,LISBOA,Guiné Equatorial
9090,9730,6096,7921,412,6016,8259,2980,8281,4912,5447,6004,2014,LISBOA,Afeganistão
3850,9949,8696,5081,6597,4015,8005,7385,3734,9341,3764,7940,2014,LISBOA,Serra Leoa
8189,9132,7958,4688,3337,2307,3568,3251,8429,9939,1703,1110,2014,LISBOA,Líbia
5181,7437,2957,4150,4190,5436,3257,5300,8715,1193,6121,3644,2014,LISBOA,Líbano
9366,6342,1242,9832,6209,1150,1894,7713,9704,8660,810,9341,2014,LISBOA,Bielorússia
3091,4341,8703,9836,6114,1632,6931,5756,3636,8543,1610,8333,2014,LISBOA,Quatar
5547,3342,6244,3728,3674,8414,3580,5778,4178,1533,5884,2986,2014,LISBOA,Nigéria
6910,7322,6513,2376,797,2876,4813,5312,2918,9024,9043,1174,2014,LISBOA,Congo
1775,6353,4112,9741,4212,3553,6090,9848,696,3085,1888,7071,2014,LISBOA,Egipto
7933,3636,6507,7354,2523,6555,5674,2912,676,6810,9653,2724,2014,LISBOA,Eslováquia
1186,5713,876,2022,466,227,3523,6804,3526,8771,8779,4949,2014,LISBOA,Gabão
3321,3753,5153,3093,4654,5121,2004,4202,2043,2801,1012,1539,2014,LISBOA,Seichelles
6987,3586,5031,8225,7396,533,9398,1132,1773,5235,8856,7970,2014,LISBOA,Ruanda
8439,8001,8369,9290,1547,8908,7248,4944,9944,9664,5324,7179,2014,LISBOA,Azerbaijão
4864,8466,9232,6234,9650,7180,7687,4043,1647,3968,6257,1366,2014,LISBOA,Gibraltar
2254,5749,7788,7490,2937,797,6422,1824,8793,9647,2127,5741,2014,LISBOA,Cazaquistão
1075,4054,6386,5540,2196,2915,3451,7140,5583,8514,2247,8048,2014,LISBOA,Bermuda
3242,4827,9220,1327,1113,6968,5178,5280,2815,5339,3497,9811,2014,LISBOA,Desconhecido
3301,8877,2580,642,772,5891,2519,4856,9278,4989,8660,6870,2014,LISBOA,Guiné
671,480,4900,3733,9874,7865,6908,5937,1921,9971,7051,4618,2014,LISBOA,Letónia
9582,1769,3866,7914,604,4147,2755,4318,9811,8450,6566,6048,2014,LISBOA,Africa do Sul
5688,1693,7843,2851,7277,6668,2102,4128,7509,7357,6434,8571,2014,LISBOA,China
609,879,7406,1407,1928,4360,7744,8985,7002,815,6910,3628,2014,LISBOA,Tanzânia
4501,4140,4131,1501,2967,6482,3421,4326,1697,3378,6536,9469,2014,LISBOA,Níger
3186,8601,1597,2776,328,3382,3957,3070,9900,4205,4947,8573,2014,LISBOA,Jordânia
4260,7857,7713,646,663,7993,7059,2521,5722,2128,7211,3145,2014,LISBOA,Arábia Saudita
3713,3964,841,537,9825,1163,8214,9899,5179,9210,1761,3262,2014,LISBOA,Bósnia Hergovina
3471,80,3873,6750,3713,6455,6287,3132,4263,2348,6953,4909,2014,LISBOA,Antígua e Barbuda
1811,3958,1975,6605,5089,3756,4258,843,7863,6587,8663,6961,2014,LISBOA,Chipre
9742,4334,7810,4434,6082,2038,3825,5232,7983,5409,6955,8390,2014,P.DELGADA,Portugal
8433,8213,9543,7043,3114,109,5596,1421,3794,9981,5866,5535,2014,P.DELGADA,Estados Unidos da América
9762,3670,2499,213,4354,5257,475,5299,1110,8669,1704,4824,2014,P.DELGADA,Canadá
8696,1371,7962,7579,6662,8923,9984,5865,9577,2624,5257,2949,2014,P.DELGADA,Alemanha
5490,7893,8475,905,6066,7147,9244,3581,6122,3203,721,5818,2014,P.DELGADA,Espanha
8951,3881,1653,9897,2012,5966,2629,6858,986,5879,6457,8006,2014,P.DELGADA,Holanda
5807,494,1223,7209,820,8111,7444,9211,2457,5012,7635,8205,2014,P.DELGADA,Suécia
426,1987,6722,9163,2957,4670,7382,7477,5921,4012,5334,2684,2014,P.DELGADA,Dinamarca
6600,6331,4572,9650,8639,6891,2366,4573,3723,7355,9153,876,2014,P.DELGADA,Bélgica
469,8887,8263,8380,4167,2423,5901,7438,3722,6160,3471,8234,2014,P.DELGADA,Inglaterra
4790,3484,904,5620,3134,6895,7955,8233,9535,6469,2653,4068,2014,P.DELGADA,Finlândia
3121,1212,870,1611,747,1897,1109,7565,1391,5254,5887,6311,2014,P.DELGADA,França
102,9884,3181,1283,5410,3145,941,2462,3538,7440,3472,8437,2014,P.DELGADA,México
5628,6979,9438,5027,4129,7876,9682,7051,3175,4251,7097,9470,2014,P.DELGADA,Letónia
2024,9242,6099,9366,6089,778,7473,2994,9230,9828,5103,5721,2014,P.DELGADA,Argélia
2557,7093,8779,9663,9778,2531,3066,3330,7040,8975,6553,4673,2014,P.DELGADA,Polónia
5110,8663,3991,9172,3150,2424,1892,7405,7238,3950,6025,2722,2014,P.DELGADA,Colombia
3898,9100,668,7196,1426,7753,9768,6796,1871,5381,748,261,2014,P.DELGADA,Itália
7024,4647,3408,4784,5106,2072,2608,2045,5239,655,6506,4496,2014,P.DELGADA,República Dominicana
261,362,6572,6897,4345,2381,4987,4500,2546,9205,7763,7560,2014,P.DELGADA,Senegal
2744,7594,7718,4795,1947,2342,9516,7707,5534,7175,9655,8240,2014,P.DELGADA,Antígua e Barbuda
8344,9595,5610,6921,4143,5906,5163,2945,1336,759,4560,700,2014,P.DELGADA,Rússia
8914,6364,2302,9226,2269,5443,4869,1683,979,2841,3228,4952,2014,P.DELGADA,Bermuda
6795,2729,2989,3777,8034,5496,241,9225,9393,1771,9287,7877,2014,P.DELGADA,Suiça
4577,9459,150,9623,8068,718,7074,9352,457,1232,4158,9667,2014,P.DELGADA,Venezuela
7973,370,9661,3340,874,7603,4865,7337,1071,529,7832,256,2014,P.DELGADA,Ilhas Virgens USA
470,5719,1390,501,3460,7362,2417,2513,1104,823,8080,7786,2014,P.DELGADA,Cabo Verde
4483,1710,877,255,5997,9364,7710,2953,632,841,1364,1443,2014,P.DELGADA,Barbados
4387,9557,641,4147,8669,3314,4664,6280,7883,3368,4494,5619,2014,P.DELGADA,Irlanda
6930,8410,1401,6478,1829,2400,3177,3758,7483,6125,143,9623,2014,P.DELGADA,Marrocos
1344,308,894,3750,3387,7088,2955,7427,9720,3567,7711,7209,2014,P.SANTO,Portugal
532,2550,6881,199,1995,3846,610,5877,1833,3457,9204,6350,2014,P.SANTO,Inglaterra
8167,6259,6032,8758,4014,8158,8977,4909,3198,5183,2946,7985,2014,P.SANTO,Itália
5986,6739,9446,7518,6552,700,4369,4551,5622,4614,2186,1406,2014,P.SANTO,Alemanha
2272,5156,4263,6756,8957,4838,5828,3964,7133,5795,6267,5746,2014,P.SANTO,França
9598,1137,3312,2538,4407,4164,6654,3884,4438,3666,6203,49,2014,P.SANTO,Espanha
232,202,1913,1504,7203,459,6319,2358,9625,5910,2102,4534,2014,P.SANTO,Bélgica
6251,9392,9413,9349,7117,7585,9899,1716,7385,7400,6001,3156,2014,P.SANTO,Finlândia
5814,2586,5624,8019,7941,3730,8700,7648,2289,9700,810,6071,2014,P.SANTO,Suiça
4606,5040,3202,2275,2889,3557,717,9211,7101,6894,8931,1806,2014,P.SANTO,Holanda
1975,1829,2124,8642,6023,5135,9553,1268,3388,9814,4221,5718,2014,P.SANTO,Dinamarca
9399,6214,9475,3740,2255,8688,7673,2140,4917,3490,5829,6092,2014,P.SANTO,Cabo Verde
8678,5823,3777,508,2046,6464,4555,77,5630,6310,9591,9966,2014,P.SANTO,Gana
6760,3465,3490,757,6263,6278,6759,2219,1160,7542,327,7935,2014,P.SANTO,Estados Unidos da América
8074,2131,6124,3046,3579,3382,5518,6657,9507,6018,9554,2206,2014,PICO,Portugal
5836,373,8834,9299,5469,3100,4634,1198,9806,806,1178,5763,2014,PICO,Dinamarca
7094,6683,303,6830,1091,6718,7511,3892,9589,1518,8511,6941,2014,PICO,Espanha
4468,1812,3755,5202,5660,4316,4030,9949,3363,939,8627,2109,2014,PORTO,França
5890,79,2756,2158,7540,9789,1510,4544,9629,7276,5378,3483,2014,PORTO,Portugal
2197,7471,1471,605,8891,6715,1424,884,84,5839,369,5966,2014,PORTO,Espanha
5328,9719,6428,8852,4557,9968,426,1923,9856,2203,7602,471,2014,PORTO,Alemanha
5081,2104,4722,5768,5957,8364,107,7066,2277,3801,9310,8608,2014,PORTO,Suiça
1499,7913,6905,6606,5515,8635,903,3472,8275,5540,1461,797,2014,PORTO,Inglaterra
3982,7209,4812,1041,5826,6451,1903,8277,5047,2913,3814,1323,2014,PORTO,Bélgica
5519,8330,246,6322,5618,5792,2787,4598,2389,471,2232,8785,2014,PORTO,Itália
8928,9032,8498,3501,3222,6425,6494,1542,4789,4025,6310,232,2014,PORTO,Holanda
1376,7694,5883,681,5440,710,1210,5452,5973,9119,6875,2464,2014,PORTO,Luxemburgo
6707,9150,2824,8215,6602,5273,6734,3928,2525,6702,6242,2337,2014,PORTO,Brasil
4562,1520,4934,1140,9950,9879,1663,7474,7214,3991,9354,4456,2014,PORTO,Angola
4750,8186,8638,3088,2362,1644,9705,188,2621,2794,2662,4142,2014,PORTO,Estados Unidos da América
1213,1322,7748,1260,7046,5066,6577,9925,7865,8180,3919,7111,2014,PORTO,Canadá
8387,8758,2867,6115,8376,7291,2812,916,9165,9781,312,7956,2014,PORTO,Venezuela
8569,9770,2293,7643,434,7928,3519,905,1452,6173,3936,790,2014,PORTO,Irlanda
6601,8932,2219,2690,4471,3796,9229,5257,9052,8445,7625,5267,2014,PORTO,Tunísia
3,3012,5251,4858,9810,5269,3699,6721,284,4328,4761,8926,2014,PORTO,Cabo Verde
3698,8501,7933,3116,468,6515,506,2148,68,9461,6303,1860,2014,PORTO,Marrocos
710,3315,5374,1591,5033,3301,5906,778,8495,3775,9713,8416,2014,PORTO,Suécia
4887,1928,4430,9048,9163,8877,6046,9791,1629,5452,8756,1209,2014,PORTO,Austria
8547,371,8787,342,1831,7650,1899,2096,6980,8089,3905,1409,2014,PORTO,Dinamarca
576,4718,6166,3518,7149,3586,1114,9686,58,7395,5710,9093,2014,PORTO,Croácia
4011,886,4733,175,9190,1200,1339,5762,1160,7355,3171,2297,2014,PORTO,Rússia
1466,5116,5037,8367,3915,8663,3411,4606,9748,5821,8789,6458,2014,PORTO,Chile
7563,2779,6031,8657,6717,8141,9163,768,1488,6487,5290,6815,2014,PORTO,Bielorússia
8501,6689,5599,8594,7157,4065,4605,3459,1366,38,3740,6974,2014,PORTO,Ucrânia
2871,7968,1379,5000,8562,2782,4837,8565,852,8666,4184,7588,2014,PORTO,Finlândia
3809,3419,3216,7564,2236,4101,3433,8043,4861,579,99,704,2014,PORTO,Rep. Checa
365,9742,3671,4879,3832,723,3391,1626,9678,2483,7714,8533,2014,PORTO,Letónia
4589,6567,6784,7416,5503,7477,1081,953,7754,6841,6650,4485,2014,PORTO,Roménia
522,7960,8897,66,5541,5512,4205,9220,833,3713,629,7617,2014,PORTO,Noruega
2714,9008,7995,5594,7689,5974,1276,9894,315,1584,9047,180,2014,PORTO,Bulgária
7220,7338,9295,5859,1038,8434,8961,294,5088,2079,3718,6769,2014,PORTO,Polónia
6264,1985,2004,9356,8379,7887,8901,7536,9512,8300,6873,2587,2014,PORTO,Turquia
3093,1710,6934,5643,1097,8232,8988,9522,5106,2280,3885,3818,2014,PORTO,Bermuda
4927,3099,3391,6700,6802,8413,8292,1192,5382,8799,7270,8889,2014,PORTO,Malta
2060,2245,6583,4725,2469,974,4030,6594,8521,7503,4478,1746,2014,PORTO,Eslováquia
7884,7695,8783,532,4810,5400,6838,3938,150,3955,3892,9826,2014,PORTO,Moçambique
718,3689,642,3657,1013,7410,7707,1725,5187,3234,6627,1931,2014,PORTO,Cazaquistão
4390,3759,133,4519,6104,1519,2854,4797,9717,9519,3983,2075,2014,PORTO,Desconhecido N/Schen
785,6186,6671,9721,1616,3173,2823,1511,9020,6119,2394,4711,2014,PORTO,Argélia
8121,6350,3771,6964,9493,4041,2854,9795,1110,6051,500,3645,2014,PORTO,Egipto
2373,5407,7473,2138,1398,9734,6565,8179,4242,838,726,5126,2014,PORTO,Grécia
959,8951,1937,9201,8068,4638,1364,4751,9537,8862,7158,7241,2014,PORTO,Lituânia
4996,4897,3753,4030,1671,8722,2837,7536,8599,2272,8395,8309,2014,PORTO,República Dominicana
3061,6702,2733,6898,6285,835,8502,4168,3249,7087,2092,3856,2014,PORTO,Guiné Bissau
57,3690,9236,2285,8807,9008,322,9648,6634,3283,849,928,2014,S.JORGE,Portugal
7622,5088,1838,5694,4337,5917,2530,553,255,4691,1474,6448,2014,S.JORGE,Dinamarca
8196,2489,5376,33,2229,3607,7629,9299,6446,7829,7271,8021,2014,S.MARIA,Portugal
299,2698,9842,6075,1145,2219,4649,4913,7759,1032,7944,5885,2014,S.MARIA,Rep. Checa
2896,1467,363,9590,4465,5167,7849,3208,7513,8222,1788,7387,2014,S.MARIA,Jordânia
8657,9835,6293,3535,9331,1895,558,422,6427,6028,2841,2924,2014,S.MARIA,Haiti
3272,2796,8429,9171,1871,161,9259,5957,7850,9674,8565,3700,2014,S.MARIA,Alemanha
8896,9879,4881,3142,6671,1040,7144,9503,6733,5393,3831,5121,2014,S.MARIA,Estados Unidos da América
9494,6055,2848,4380,1239,2164,9929,1885,9033,8223,8864,4583,2014,S.MARIA,República Dominicana
4033,6043,2449,8951,9088,7208,7998,1406,6490,7222,1032,2893,2014,S.MARIA,Inglaterra
4695,3987,7057,930,1316,3992,7075,2274,4203,2020,1801,8848,2014,S.MARIA,Porto Rico
814,1364,2653,7451,7251,7031,7666,1233,8292,8281,7094,2399,2014,S.MARIA,Turquia
2392,4814,2059,3884,6311,8180,421,5850,2262,5152,604,3493,2014,S.MARIA,Tunísia
7261,9731,4503,6250,3432,6705,6176,2244,3093,6828,6800,6701,2014,S.MARIA,Espanha
5814,7000,9019,7536,4063,4827,4060,5234,8145,1951,2383,1278,2014,S.MARIA,França
394,6207,1907,8230,8333,9287,6240,1646,8453,6596,2361,7509,2014,S.MARIA,Antilhas Holandesas
9841,843,582,4344,6864,5456,4434,147,7521,7153,844,7510,2014,S.MARIA,Nigéria
8319,8356,251,6936,3566,8388,1163,197,1367,1750,7088,4214,2014,S.MARIA,Canadá
191,6941,7423,4624,56,8562,5882,7980,7250,7372,2234,8701,2014,S.MARIA,Suiça
3877,6244,6842,9576,7888,8812,3399,3815,8524,1549,564,3118,2014,S.MARIA,Venezuela
2685,6999,5968,283,5702,7441,5088,5346,2578,5994,8655,6413,2014,S.MARIA,Itália
3826,4311,432,6937,2814,6972,443,858,5133,9071,6318,4096,2014,S.MARIA,Barbados
4807,7470,907,2004,5253,313,1761,2294,2683,7720,4869,7651,2014,S.MARIA,Burkina Faso
8473,5328,4136,2384,9362,6488,8601,8972,1546,3124,9572,3200,2014,S.MARIA,Guiné
8770,6548,2258,1446,4143,6593,9421,1928,9534,2824,3661,7530,2014,S.MARIA,Cabo Verde
8880,6489,8353,5681,4069,5298,8247,1794,291,7328,4238,2481,2014,S.MARIA,Rússia
8106,5110,8165,8181,5647,7925,9239,508,3333,1584,2629,5767,2014,S.MARIA,Antígua e Barbuda
2938,4436,5680,1007,1770,749,6823,7239,5418,4552,8433,8247,2014,S.MARIA,Holanda
5584,3286,8971,7142,8584,8966,9053,224,3944,932,963,5050,2014,S.MARIA,Marrocos
6544,1001,7160,3118,5971,9597,9329,290,5536,6951,6978,4884,2014,S.MARIA,Ilhas Virgens UK
9854,1215,6659,3495,1401,2548,9484,4443,6310,7600,9388,3651,2014,S.MARIA,Senegal
9910,8121,8344,7391,2601,2753,7127,9941,1649,4898,6762,7448,2014,S.MARIA,Bermuda
7586,4146,5844,3792,7562,6122,7117,403,3773,1726,4763,3863,2014,S.MARIA,Turcos e Caicos
9470,5080,5936,9859,4203,9618,6265,4121,6402,453,6759,4245,2014,S.MARIA,México
104,5715,4234,7431,2169,9691,4771,8412,448,3047,8555,5797,2014,S.MARIA,Polónia
3235,2355,9729,4682,5260,7984,2404,7765,1453,2465,6500,4553,2014,S.MARIA,Cuba
2339,662,1356,3960,8186,7376,4126,5997,7396,776,6781,2495,2014,S.MARIA,Costa Rica
7697,2672,6221,6808,2355,2079,3319,5619,6750,7821,9521,9239,2014,S.MARIA,Austria
2612,1498,3000,8589,3297,5375,4523,3080,1393,9944,9478,8683,2014,S.MARIA,Costa do Marfim
2483,6159,5597,2589,6719,2664,2500,3459,5965,5960,6965,5364,2014,S.MARIA,Anguilla
1564,3448,9180,6066,973,5009,5807,8297,9080,9919,8401,1223,2014,S.MARIA,Brasil
7517,9078,721,4537,1610,4277,121,8118,858,1131,246,4821,2014,S.MARIA,Ilhas Caimão
2789,5645,9485,9060,7829,4201,7763,8966,1694,5348,6377,635,2014,S.MARIA,Bélgica
6467,8794,3929,6796,6783,2668,3840,6534,7607,6677,8907,7704,2014,S.MARIA,Mauritânia
6070,1066,5013,5304,8311,4900,5617,5745,9157,3347,6133,1974,2014,S.MARIA,Malta
2933,2408,7447,3433,713,2873,6835,6880,5411,7205,7329,6467,2014,S.MARIA,Martinica
210,1753,6850,2285,1047,8848,7928,4460,6753,5253,8412,9065,2014,S.MARIA,Croácia
3148,866,9786,3909,6874,7426,8469,3306,6462,4879,3511,9906,2014,S.MARIA,Israel
8896,1645,5973,1944,9073,3573,6163,5367,3845,4377,8002,9702,2014,S.MARIA,Bolívia
3541,8036,7540,3653,6696,7734,518,9797,8911,2024,1775,9406,2014,S.MARIA,Montenegro
4609,243,4577,4397,184,3494,9597,1832,5177,9926,4202,7005,2014,S.MARIA,Dinamarca
1442,1800,7707,1576,3051,8454,6131,5110,2976,4723,8549,1663,2015,BEJA,Alemanha
612,4451,9530,5964,9196,5122,3756,676,7713,6315,1475,5576,2015,BEJA,Espanha
7177,5644,7431,4243,9369,9419,2701,2464,5700,7016,1002,243,2015,BEJA,Suiça
8392,8113,5680,6335,4711,7434,6755,6793,9261,9175,2078,7066,2015,BEJA,Holanda
2220,4632,9703,388,1738,3364,9268,1927,4731,8389,4256,4922,2015,BEJA,Austria
5125,6431,291,6236,443,9407,4463,8431,3126,6171,8096,1686,2015,BEJA,Inglaterra
1497,1920,2195,9318,1908,6527,3917,1931,255,8078,5626,1668,2015,BEJA,Portugal
6001,2298,8773,2239,4983,2067,3096,4676,5450,1861,8,9499,2015,BRAGANÇA,Portugal
1989,1485,6803,4034,9832,7254,8284,3635,1222,4414,8532,4771,2015,CASCAIS,Portugal
4301,3763,8625,6653,9389,9870,9397,1033,6795,3902,1425,7188,2015,CASCAIS,Espanha
3657,2496,1611,3380,1803,3674,8974,8202,6495,2570,7451,2581,2015,CASCAIS,França
5050,9011,7029,6444,4322,1707,8700,9381,250,3457,9870,9803,2015,CASCAIS,Itália
1011,1309,8876,2274,352,5985,8292,748,8629,9689,9197,1359,2015,CASCAIS,Suiça
8785,6513,1991,8895,5862,7313,1655,3705,2898,8225,4023,6133,2015,CASCAIS,Alemanha
2174,9741,4923,136,6233,3751,7644,4025,1513,2182,7091,2731,2015,CASCAIS,Inglaterra
8352,1307,2987,562,5960,8015,3978,2020,9659,5276,3562,4390,2015,CASCAIS,Angola
4595,8014,9344,8578,6773,5828,1542,2717,3228,2219,8378,6140,2015,CASCAIS,Marrocos
6297,9402,2172,4192,9997,6002,1294,2757,5186,7224,3195,4461,2015,CASCAIS,Estados Unidos da América
8864,3376,6116,8218,3879,2682,8705,2562,5015,5747,4973,9542,2015,CASCAIS,Brasil
8010,1150,8127,7174,6407,5310,1488,1642,2873,9851,2948,9577,2015,CASCAIS,Cabo Verde
403,700,4325,6981,4462,1433,8132,8188,6800,4292,4656,6373,2015,CASCAIS,Holanda
4343,7588,7773,1050,4982,4587,7344,4155,9922,4492,7421,9584,2015,CASCAIS,Luxemburgo
175,1505,1491,6981,8317,8175,1716,8630,5553,5547,7891,7270,2015,CASCAIS,Gibraltar
8490,6601,5340,6956,8259,4307,4813,954,4086,3794,3521,7328,2015,CASCAIS,Grécia
3879,8478,7523,5087,7703,4055,4051,2021,3932,452,654,8780,2015,CASCAIS,Congo
3666,9385,9799,3657,1587,1259,2943,6753,1909,7792,5659,9204,2015,CASCAIS,Bélgica
880,4197,4280,8722,1790,622,2877,4542,3995,5107,9330,3226,2015,CASCAIS,Canadá
3178,8247,1137,5621,2236,5410,3594,152,7468,4572,730,7041,2015,CASCAIS,Malta
7235,6672,5789,6108,9135,6160,7834,5001,9197,1682,2188,1999,2015,CASCAIS,Bermuda
4390,7918,76,1577,4879,2612,9496,7157,9250,5150,3005,4197,2015,CASCAIS,Tunísia
6478,3055,1344,3864,5904,3770,3267,3450,5414,5955,4447,9653,2015,CASCAIS,Dinamarca
185,5680,2525,6157,9527,5121,2407,7704,5069,631,2175,5281,2015,CASCAIS,Islândia
1693,2071,2165,3738,1161,5085,2262,6019,6852,5521,4360,242,2015,CASCAIS,Benin
2393,7256,8020,7698,179,1220,8743,3483,2498,7718,23,8440,2015,CASCAIS,Suécia
2110,8416,5502,9703,5459,7487,6826,9550,2554,1003,2595,8340,2015,CASCAIS,Sérvia e Montenegro
5915,9790,4587,6762,9459,8445,1415,7079,4052,3469,7724,4353,2015,CASCAIS,Letónia
3450,2403,4221,5937,8072,7534,9365,2826,8936,2746,63,3631,2015,CASCAIS,Bósnia Hergovina
8320,980,2122,4687,6867,1870,4,257,3623,419,8066,2457,2015,CASCAIS,Argélia
8628,7878,3429,707,2193,5851,7348,7435,7841,9796,6543,4553,2015,CASCAIS,Rússia
367,8540,1217,7051,462,3421,5524,4894,3164,8668,3448,5974,2015,CASCAIS,Noruega
5250,9962,8285,3638,602,1870,6244,1693,591,4993,4185,7741,2015,CORVO,Portugal
6509,4620,4876,6121,7818,5937,3241,2363,1811,5979,3270,72,2015,CORVO,Dinamarca
8008,9115,2649,9625,5368,7319,2736,4704,9417,4480,8840,44,2015,FARO,Inglaterra
1416,3621,430,7812,9074,7508,7844,5770,9675,9793,2095,596,2015,FARO,Alemanha
1064,6250,9623,4010,1273,3004,6260,6865,7866,3746,5661,6731,2015,FARO,Irlanda
1928,4771,9155,6000,8009,4386,8713,9136,8471,2484,4327,5605,2015,FARO,Holanda
8488,7567,9286,8228,7952,5388,3820,7012,8106,7868,1731,2036,2015,FARO,Portugal
0,8005,127,4097,579,2094,2021,4748,4690,9825,2280,8719,2015,FARO,França
8157,6756,3486,3827,9538,1056,8971,8670,8800,4064,297,5597,2015,FARO,Bélgica
6453,2695,677,8079,5598,1771,4363,7830,5690,3206,3078,9732,2015,FARO,Espanha
9914,9454,2069,3481,2655,1443,3817,8896,5341,1954,7967,7615,2015,FARO,Suiça
6131,4121,7577,5237,1533,4682,6459,871,4439,2602,6772,203,2015,FARO,Polónia
6657,8819,1645,6348,3942,1892,5658,9073,6510,9573,1044,9595,2015,FARO,Suécia
8553,815,9110,5448,4953,1891,671,221,7877,9089,5576,897,2015,FARO,Noruega
365,5871,7455,4004,3441,8237,2881,7675,6094,6316,375,6934,2015,FARO,Dinamarca
7426,8247,7196,6987,2142,2327,2368,8451,1609,8042,3608,2158,2015,FARO,Luxemburgo
8115,3582,2146,98,4171,8624,999,1508,9186,4734,3348,9708,2015,FARO,Finlândia
6781,2632,2778,3454,334,7489,3807,5914,4070,3847,9867,5981,2015,FARO,Rep. Checa
2391,366,3199,3915,9820,4488,3232,9969,5413,761,7453,8299,2015,FARO,Canadá
4779,953,1455,6623,3277,6084,9715,6424,166,4813,7577,3953,2015,FARO,Cabo Verde
5375,3917,3797,3494,1760,1451,8881,2598,4397,233,4864,635,2015,FARO,Itália
8070,4039,9428,3283,554,1198,4893,920,32,2507,2098,2797,2015,FARO,Islândia
1015,9368,8735,129,1241,7127,7977,5583,6159,2739,9721,1258,2015,FARO,Lituânia
4493,6777,7320,3931,6197,1820,7962,5776,8966,8050,8950,2234,2015,FARO,Estados Unidos da América
9307,5269,2837,9164,2644,4824,6578,2532,8738,6201,7981,2069,2015,FARO,Letónia
4989,2452,7664,4289,5534,7641,7318,7035,3130,2507,8286,6580,2015,FARO,Brasil
3425,4304,5703,8293,2098,1552,6303,7060,4026,44,4913,535,2015,FARO,Peru
9312,1295,6913,9666,6989,977,4151,5833,6307,9240,2472,4971,2015,FARO,Estónia
7390,4259,7573,5487,888,4964,1628,496,1066,8761,7275,7263,2015,FARO,Panamá
1040,4302,7249,8434,6851,3285,4039,5856,2101,5382,5768,8522,2015,FARO,Mali
5861,5639,5508,4134,1034,6933,8269,6864,6208,1538,3254,7294,2015,FARO,Rússia
6910,2423,3238,5265,7883,5036,4231,6670,1447,5911,4345,4779,2015,FARO,Israel
8250,9109,9070,437,8429,3915,9837,5691,1290,7451,2225,1487,2015,FARO,Barbados
1133,5374,9418,9975,7196,5443,3368,4289,9891,6814,3503,3895,2015,FARO,Marrocos
3124,424,2941,4699,1261,9978,2334,2624,6391,371,7329,769,2015,FARO,Angola
1878,7067,537,924,1372,3131,1250,36,5318,4213,6232,4204,2015,FARO,Austria
1028,9931,3639,6455,3841,5468,6207,7274,294,9060,9326,5613,2015,FARO,Arábia Saudita
930,8255,7869,9461,1860,6939,4092,1884,8206,3273,7103,7006,2015,FARO,Turquia
464,2088,4014,3474,6882,8757,98,7360,6312,6039,4986,2553,2015,FARO,Grécia
512,4039,8494,2855,6525,5480,1773,4053,2563,3160,7339,9940,2015,FARO,Senegal
4963,3088,5974,5766,9383,3481,4289,6912,2632,4611,6874,5187,2015,FARO,Nigéria
3684,7076,2562,4387,943,2494,5382,4666,1137,9386,3393,882,2015,FARO,Cuba
2633,6693,484,8975,8817,7956,8421,8702,1080,3171,1778,9645,2015,FARO,Bahamas
2644,4307,5541,1326,1207,8321,1008,9628,1756,8750,65,6735,2015,FARO,Gibraltar
3143,486,8112,557,955,6841,1346,5143,1163,2274,1834,1898,2015,FARO,Bulgária
290,3819,8611,2184,5837,8588,2560,6671,3930,6926,3579,6895,2015,FARO,Malta
989,2905,1720,2749,788,9053,5259,9538,3002,2254,9106,2007,2015,FARO,Croácia
4753,2900,1227,6834,2985,219,6257,4729,2988,5846,8590,89,2015,FARO,Argélia
1358,1178,5606,5404,6984,9980,8078,5943,5897,1555,3590,7230,2015,FARO,República Dominicana
1010,865,543,3144,1298,2624,4400,2372,9034,7461,2778,758,2015,FARO,México
252,5664,497,7558,6972,700,7838,1785,9715,7427,2257,8474,2015,FARO,Rep. Centro Africana
8873,5525,3280,6654,6731,6986,1924,8495,1348,5302,7671,4957,2015,FARO,Ucrânia
336,8631,7945,7969,3622,6644,4110,2755,8322,1998,1658,3354,2015,FARO,Argentina
1833,4846,8517,9821,7207,9254,3468,2891,348,636,8482,4465,2015,FARO,Mauritânia
9819,2046,396,1936,8661,9075,5059,1023,3292,2851,6448,430,2015,FARO,Eslováquia
8881,6860,9540,8072,384,5772,8718,1471,9252,1834,3007,7979,2015,FARO,Gambia
8775,5869,5221,8556,603,4709,7279,6154,4108,8390,6209,7090,2015,FARO,Chipre
6013,4813,2224,8585,3081,121,7291,5983,4265,7655,1037,3221,2015,FLORES,Portugal
5770,7935,1379,3232,9423,1029,6489,4885,7881,4171,8064,9789,2015,FLORES,Desconhecido
6592,2264,4646,3949,199,8043,8795,7928,3024,3709,5500,5324,2015,FUNCHAL,Portugal
3647,9698,5179,2939,2882,6193,8776,7908,6550,5857,8165,3988,2015,FUNCHAL,Inglaterra
4326,1054,3900,4600,793,4815,1796,8840,2076,3783,371,4407,2015,FUNCHAL,Alemanha
8298,3491,6791,3221,876,9921,6353,230,4871,6829,1722,8766,2015,FUNCHAL,França
7615,9870,9153,6401,5147,1137,3845,9761,7,7858,1734,4727,2015,FUNCHAL,Espanha
7392,5171,5925,353,2813,4345,7637,8751,2458,1238,6555,9486,2015,FUNCHAL,Holanda
6325,6624,3561,6562,4688,9047,7515,7786,9240,2553,9620,608,2015,FUNCHAL,Dinamarca
1395,9028,7166,1076,7477,4493,689,8972,3288,2488,6311,4906,2015,FUNCHAL,Polónia
3056,27,2612,4336,6125,6445,9041,15,3062,5964,1195,9795,2015,FUNCHAL,Bélgica
364,7653,429,9584,1414,5544,3342,178,3474,7576,7012,3488,2015,FUNCHAL,Suiça
2542,2217,4654,8230,6212,8203,3491,9667,127,541,7169,7983,2015,FUNCHAL,Finlândia
4973,6013,9456,1469,8958,4084,892,8974,6699,5023,3399,2217,2015,FUNCHAL,Suécia
3733,2856,5001,2091,4605,7852,2378,3257,7055,1010,598,4703,2015,FUNCHAL,Austria
7998,263,5801,6153,3056,3299,4641,3189,1019,629,5563,792,2015,FUNCHAL,Noruega
296,1991,1266,4,6804,9561,6640,913,1721,4807,9642,3594,2015,FUNCHAL,Luxemburgo
657,4154,125,6759,6162,6852,1231,7144,7772,3287,6394,2068,2015,FUNCHAL,Venezuela
9693,6688,1373,5280,9567,2825,9201,3968,4798,4301,2933,2224,2015,FUNCHAL,Rep. Checa
9800,7775,8460,2882,3312,4140,9924,6334,8383,9878,3250,228,2015,FUNCHAL,Irlanda
7108,8490,357,9076,8631,1619,7944,6739,1007,5659,590,8138,2015,FUNCHAL,Letónia
753,5807,3466,4093,8691,1325,302,6855,27,8071,4179,7581,2015,FUNCHAL,Lituânia
6795,1714,3281,3497,9317,7926,1860,939,7313,6273,1815,6445,2015,FUNCHAL,Estónia
6473,3600,7380,1986,783,2909,8774,8146,4090,6267,5516,9862,2015,FUNCHAL,Roménia
3566,593,3172,6916,5408,998,5228,3993,9343,3724,1360,2274,2015,FUNCHAL,Brasil
8321,1274,9893,9674,2137,7955,1180,3073,6803,1564,1322,9765,2015,FUNCHAL,Islândia
8134,6877,1034,5187,2665,3931,1660,3362,7130,3645,4056,3304,2015,FUNCHAL,Rússia
8215,5318,9763,7585,1309,1662,6887,4825,5997,6838,1192,9306,2015,FUNCHAL,Burkina Faso
7148,7805,5164,6218,186,2135,7955,1153,8164,8453,8374,9109,2015,FUNCHAL,Estados Unidos da América
4458,5802,4114,9557,2733,804,8892,5955,6005,4172,7899,6015,2015,FUNCHAL,Marrocos
5996,4645,3356,5638,5104,3189,5676,872,6541,7833,4896,7461,2015,FUNCHAL,Chile
1040,6586,9574,319,8404,7102,4855,828,1742,8037,2395,7387,2015,FUNCHAL,Itália
7686,6079,5086,2891,8823,667,9234,2603,3827,3739,1638,2234,2015,FUNCHAL,Argélia
1555,3386,2018,3609,7081,1992,5615,2279,3192,9333,2104,153,2015,FUNCHAL,Desconhecido
9119,3072,2419,4000,6064,1417,8506,7919,2332,6013,1498,7200,2015,FUNCHAL,Canadá
3888,6295,3876,1321,6427,7374,8989,4711,8140,994,5600,8803,2015,GRACIOSA,Portugal
1754,5950,3998,1251,5144,7720,1314,6214,3844,9101,1840,9915,2015,HORTA,Portugal
2310,1144,6415,2694,1790,594,9776,1725,4206,3743,9567,5966,2015,HORTA,Espanha
9926,5575,2819,4982,5667,6650,9844,6774,1568,8272,2835,6336,2015,HORTA,Canadá
1214,3888,6463,8524,211,2379,6177,958,4550,2176,3314,3719,2015,HORTA,Itália
177,3413,9182,3608,5283,2752,1285,1903,2565,8539,2314,7546,2015,HORTA,Inglaterra
9921,5403,4397,1111,2369,3771,8404,5708,2369,1717,190,7114,2015,LAJES,Portugal
2477,568,3371,8305,9717,1936,646,4184,3355,9108,970,416,2015,LAJES,Estados Unidos da América
7098,3297,9550,8623,7983,7922,5502,2743,7423,1239,2064,8983,2015,LAJES,Canadá
557,5088,8547,758,3525,9285,132,7705,8166,5221,4250,9021,2015,LAJES,Holanda
7071,6471,4717,4469,5484,1456,2842,1639,3359,6852,714,6522,2015,LAJES,Espanha
4307,5449,5703,5427,5861,9319,4509,7446,6633,7563,3836,1119,2015,LAJES,Martinica
4553,2555,7456,8904,4513,2820,868,4229,1241,288,8405,3102,2015,LAJES,Inglaterra
313,5394,9325,1188,1207,2807,3496,4181,9166,6921,5790,4411,2015,LAJES,Marrocos
7792,465,2358,6038,581,2535,9373,4001,5632,9605,8941,1195,2015,LAJES,França
3330,9480,1176,2384,7391,3548,3933,3272,7271,1533,5865,5950,2015,LAJES,República Dominicana
2051,9893,882,9275,4903,5437,1814,621,9343,4981,977,8966,2015,LAJES,Barbados
9070,6331,5764,4027,385,2227,3258,2342,3433,7551,406,6722,2015,LAJES,Suiça
3849,2043,4381,9826,5571,2578,7358,4837,7073,7766,8780,8352,2015,LAJES,Panamá
5916,6966,8836,1338,7216,9495,5362,7655,9580,2840,2638,3816,2015,LAJES,Zambia
2405,5790,7537,3972,9076,5435,2698,6314,889,3594,3170,3522,2015,LAJES,Alemanha
5313,4507,9519,1154,4110,1548,7715,4568,4002,7877,5268,2393,2015,LAJES,Haiti
402,4964,3827,9284,8398,3786,8629,4285,376,5728,7429,7814,2015,LAJES,Senegal
3235,4946,2689,9854,6579,6077,8349,4328,9600,9993,949,7083,2015,LAJES,Libéria
2171,5491,1122,9077,3152,6843,5700,8949,6994,7859,198,9723,2015,LAJES,Rep. Checa
4221,4104,7084,499,6321,9385,3298,3759,6524,8158,3408,2585,2015,LAJES,Dinamarca
2472,3904,5156,672,9809,7311,1186,7288,8489,8818,5548,1461,2015,LAJES,Costa Rica
1136,4463,7910,9654,2562,2073,8196,6497,1205,8247,2541,3251,2015,LAJES,Eslováquia
9651,7402,2932,4139,8598,8480,3769,7980,7396,8392,2854,3719,2015,LAJES,Brasil
317,2011,5606,2515,8809,742,5923,8282,838,8613,6053,2083,2015,LAJES,Nigéria
1029,7082,8231,1595,9850,1943,992,4070,7483,2298,2352,4115,2015,LAJES,Itália
9572,722,3968,8468,5109,4871,1225,6944,9124,1871,7053,920,2015,LAJES,Antilhas Holandesas
4633,3183,8884,1515,9442,8721,6700,699,8409,7437,1428,4369,2015,LAJES,Irlanda
80,4860,7567,9971,5936,2683,6092,4281,930,8880,9841,2665,2015,LAJES,Rússia
7474,7902,1873,8292,5493,6063,6702,2505,1538,2326,9408,2629,2015,LISBOA,França
6755,1858,1937,8952,8725,5954,8592,1999,3947,3251,242,7856,2015,LISBOA,Portugal
5595,5832,1576,4889,2176,8462,1529,2641,8803,3770,9029,1948,2015,LISBOA,Espanha
4906,1633,5078,1210,3515,6091,4863,4447,9152,5724,4561,725,2015,LISBOA,Inglaterra
8055,6738,3886,7153,359,2012,9677,1511,5197,5992,3471,3191,2015,LISBOA,Alemanha
4016,5909,9071,6025,3325,4524,7278,2514,9179,4847,7124,9631,2015,LISBOA,Brasil
5281,3631,567,750,9639,9943,742,2792,4934,6919,3557,3445,2015,LISBOA,Itália
7578,437,5005,3709,1916,7851,7285,5455,6344,5432,2008,4019,2015,LISBOA,Suiça
177,6077,7530,3398,8403,2739,5770,5159,8506,6468,5011,5502,2015,LISBOA,Holanda
9205,2454,8355,8044,6338,4071,4518,6613,832,9550,9743,4509,2015,LISBOA,Bélgica
9579,8531,8466,9983,2109,6741,700,2627,7198,3434,2069,1442,2015,LISBOA,Estados Unidos da América
3188,9595,9868,8086,2630,9703,2081,5426,6105,305,4184,5085,2015,LISBOA,Angola
912,7232,4226,9869,7869,6491,4472,1586,832,4882,439,7256,2015,LISBOA,Cabo Verde
1753,2555,2072,7225,8967,9281,9502,5374,9639,6677,7393,4062,2015,LISBOA,Emiratos Árabes
3595,1728,2746,1308,5657,7268,2741,4876,5661,3528,8634,6053,2015,LISBOA,Irlanda
7580,3230,7754,7449,2336,8894,4597,7719,8383,5996,7436,8139,2015,LISBOA,Turquia
6747,4338,4056,2754,7268,5013,6984,3041,9839,4862,305,8298,2015,LISBOA,Dinamarca
2415,2422,124,5156,9343,9965,8947,1241,2150,4302,5919,6820,2015,LISBOA,Austria
7946,5269,6461,4315,9458,6206,4614,2444,9742,8204,9220,6667,2015,LISBOA,Luxemburgo
6829,1096,6262,5678,7677,6969,760,3812,212,2817,3798,3478,2015,LISBOA,Marrocos
3601,7928,9609,2322,4412,3153,8899,8079,6573,3580,9133,8289,2015,LISBOA,Canadá
261,4145,2779,4146,986,201,6190,4723,1527,4301,2100,1892,2015,LISBOA,Suécia
2952,5066,8409,9376,5413,8051,4667,7220,5476,5108,9951,2157,2015,LISBOA,Noruega
6070,9656,5044,7343,2304,9436,8920,8569,4787,9874,8381,8821,2015,LISBOA,Polónia
7494,1974,4930,2219,7370,8471,6472,4680,9698,6776,2150,9134,2015,LISBOA,Senegal
6082,8051,8880,7033,3750,6311,4107,8260,2360,4848,9420,6427,2015,LISBOA,Hungria
7488,8158,4291,1567,4170,2815,3833,3129,1358,6395,1150,3237,2015,LISBOA,Moçambique
3206,6179,3898,2438,1767,907,6673,8638,2235,4428,2993,9374,2015,LISBOA,Rep. Checa
7942,216,1757,5334,7167,6890,3155,8115,9373,7201,7134,7343,2015,LISBOA,Finlândia
9962,1572,2386,2233,8641,2774,1829,349,5809,3846,2198,855,2015,LISBOA,Rússia
9225,3013,9943,2122,6898,6584,6910,3735,5026,6848,9358,2206,2015,LISBOA,Roménia
821,577,9817,839,9785,4847,432,6864,655,1538,632,2499,2015,LISBOA,Gana
5235,4905,6271,7091,71,8897,3056,5533,7129,5480,8676,198,2015,LISBOA,S.Tomé e Príncipe
6628,7891,3690,5098,7710,7577,7160,5154,6533,9337,447,8259,2015,LISBOA,República Dominicana
6454,907,2720,4567,174,1586,1908,8135,299,5654,149,6309,2015,LISBOA,Panamá
9960,1226,766,6049,6484,1244,7448,321,9659,353,9234,3836,2015,LISBOA,Venezuela
1687,2451,5356,199,1452,6283,5072,6092,3588,4542,1301,5339,2015,LISBOA,Colombia
1177,1328,185,526,8826,5000,3604,4901,8857,6044,2269,3074,2015,LISBOA,Israel
4697,9508,1032,5798,6930,7591,3825,4940,9929,5890,6547,3564,2015,LISBOA,Mali
1317,7341,6882,130,4641,5370,8706,3782,8106,8029,6195,5192,2015,LISBOA,Croácia
5979,4363,9496,8357,2859,1468,8113,9018,431,6858,9248,450,2015,LISBOA,Argélia
5223,3882,7350,7246,32,8962,9159,1862,2112,78,4311,6460,2015,LISBOA,Ucrânia
754,7099,8682,3571,2482,5639,2982,3106,8196,3611,365,9859,2015,LISBOA,México
1900,169,3083,4552,4862,1764,8728,3425,9766,624,4461,2373,2015,LISBOA,Moldávia
7518,6841,7392,5038,448,1325,3723,685,300,7971,9642,3193,2015,LISBOA,Tunísia
2816,3243,5660,3448,893,8394,3235,6562,8189,3821,5570,3291,2015,LISBOA,Cuba
8183,6255,4274,5190,9314,1710,1049,8792,3605,6586,1557,2297,2015,LISBOA,Jamaica
2013,7079,5650,1047,4708,2570,7587,645,1643,8359,3978,2692,2015,LISBOA,Libéria
7683,4867,6329,9100,5165,8704,5798,1911,6506,7928,7953,1294,2015,LISBOA,Egipto
5900,9196,8097,7653,7096,5248,1068,8374,4081,7582,9438,8151,2015,LISBOA,Malta
7869,6425,9800,3610,3760,151,7777,8878,9310,8084,535,1157,2015,LISBOA,Grécia
806,1401,4353,9781,6178,7039,3478,6538,9267,2072,3255,3852,2015,LISBOA,Jordânia
4639,6216,1159,559,3958,8948,7488,847,6948,7378,829,451,2015,LISBOA,Islândia
1373,941,9647,5624,4770,5845,6261,2221,1546,6226,3513,8595,2015,LISBOA,Estónia
9577,7600,7061,1721,9652,5682,4389,9419,5132,7558,2386,5010,2015,LISBOA,Sérvia e Montenegro
825,1624,8756,8658,6759,4289,8014,7445,5758,337,9854,5280,2015,LISBOA,Montenegro
7520,8691,7561,348,8716,6672,2106,5423,4988,3417,1953,9801,2015,LISBOA,Cazaquistão
541,8449,7333,4668,9847,94,894,4122,3348,6504,7056,6290,2015,LISBOA,Ruanda
2803,8632,5926,8561,2864,2301,8793,7616,3644,2832,2197,5108,2015,LISBOA,Albânia
9563,9298,2726,4408,5577,7458,2450,6760,8415,8348,3026,5633,2015,LISBOA,Eslovénia
9970,7952,3888,1843,2458,4857,7302,4959,1017,8152,5981,9851,2015,LISBOA,Haiti
2072,9613,8918,2111,9780,3340,236,925,2252,3687,5392,7821,2015,LISBOA,Eslováquia
7824,9872,5807,5017,4003,3731,9208,262,4239,9622,6643,1894,2015,LISBOA,Kuweit
4432,2587,5695,1230,8790,433,7640,4961,3266,1722,4204,7033,2015,LISBOA,Gambia
4197,7957,8385,4204,612,3538,678,144,2255,9307,1835,9486,2015,LISBOA,Africa do Sul
5362,1331,3799,3932,6829,4203,7974,6677,8272,9588,1111,7675,2015,LISBOA,Desconhecido
428,8113,2435,268,8255,3407,4600,5204,5809,5191,5358,6985,2015,LISBOA,Guiné Equatorial
8310,2549,3398,8873,3243,7314,9876,5383,6444,4428,1396,1505,2015,LISBOA,Líbano
7565,4856,9269,7352,1368,5592,5180,8214,6850,5048,7321,4903,2015,LISBOA,Congo
4729,1846,9850,9221,3210,3074,687,154,4674,7240,1579,6152,2015,LISBOA,Bulgária
724,5689,6003,1461,8924,4355,6308,4353,1771,5006,6726,267,2015,LISBOA,Etiópia
7407,2193,7282,2125,5149,1980,8614,4748,5674,7734,4639,4117,2015,LISBOA,Irão
5974,4732,7202,9103,247,3628,3267,5171,1197,7031,9781,292,2015,LISBOA,Peru
4017,2071,5664,4115,4554,8181,3900,6931,7108,4794,8260,5420,2015,LISBOA,Martinica
6022,4304,2129,8535,5318,5408,6616,9922,8009,7845,1586,8555,2015,LISBOA,Seichelles
5788,6068,2795,8623,9909,1742,5856,1170,5379,2318,1614,1403,2015,LISBOA,Zimbabwe
8631,4205,356,4500,1769,5553,1408,2234,229,981,2812,5648,2015,LISBOA,India
6973,9556,5284,8509,542,4390,909,5336,5897,3671,3774,6297,2015,LISBOA,Nigéria
5257,9074,6864,4729,2201,9143,9904,4206,1534,6436,4729,8685,2015,LISBOA,Equador
7579,5779,2735,817,1481,2267,3242,5133,3470,8074,3260,8826,2015,LISBOA,Barbados
835,2614,9745,6282,1406,1237,3785,2401,6465,6856,5862,5686,2015,LISBOA,Arábia Saudita
7983,2705,5399,1256,9030,1527,8387,5308,3608,3553,256,6489,2015,LISBOA,Lituânia
264,9061,7421,2524,81,6370,2307,1914,9191,141,1637,1227,2015,LISBOA,Benin
7366,1950,9939,813,6059,8468,9980,5820,9374,5342,7515,7223,2015,LISBOA,Argentina
5233,2575,4347,7096,1718,137,3256,3310,2326,8779,2428,3856,2015,LISBOA,Antilhas Holandesas
74,7766,4791,1951,8757,7466,7446,553,9946,3049,6795,8374,2015,LISBOA,Austrália
8067,854,3992,2027,2271,3396,2558,2088,273,1844,9801,8122,2015,LISBOA,Antígua e Barbuda
985,5478,1606,8104,3901,9703,6953,250,6215,4831,7596,5409,2015,LISBOA,Desconhecido N/Schen
3388,8687,1629,6148,1435,6345,7693,1897,6520,1184,4610,6963,2015,LISBOA,Guiné
609,4308,4709,455,9876,477,830,8558,225,2904,6624,3435,2015,LISBOA,Costa do Marfim
3268,9959,245,7349,4441,2184,7197,7714,5180,7980,4473,1529,2015,P.DELGADA,Portugal
853,6466,3785,2296,1980,8952,9811,8095,7282,1600,4465,103,2015,P.DELGADA,Estados Unidos da América
5837,2315,4656,3795,9887,9319,7135,7121,9699,562,7928,7132,2015,P.DELGADA,Canadá
8028,5720,5943,2618,1498,8682,290,8410,8860,1236,922,3876,2015,P.DELGADA,Alemanha
7955,1180,5340,8033,294,3149,3934,2944,1996,8073,1406,7456,2015,P.DELGADA,Inglaterra
9102,8029,2067,1000,2901,2206,8764,2606,302,8359,9813,752,2015,P.DELGADA,Espanha
6422,9841,2417,2804,8164,8563,616,5049,732,482,6681,9730,2015,P.DELGADA,Holanda
7371,893,595,9286,1572,8001,9770,2241,4818,2009,5158,1234,2015,P.DELGADA,Suécia
8054,2330,8732,3797,6581,1894,5706,8607,7937,2977,140,8302,2015,P.DELGADA,Bélgica
4818,7953,3069,9669,8441,1750,3416,6208,4804,1162,2994,1277,2015,P.DELGADA,Dinamarca
9156,8873,8860,6280,2701,2151,6906,4089,1071,8933,5043,1998,2015,P.DELGADA,França
6104,9770,972,9513,5510,1227,3537,3782,1891,2072,7543,1193,2015,P.DELGADA,Finlândia
4171,8438,7578,3937,5547,3297,7619,1074,1181,3459,3104,3369,2015,P.DELGADA,Rep. Checa
1361,6018,4415,4430,4536,8337,5921,1286,8605,4269,5560,9017,2015,P.DELGADA,Itália
6147,5883,5130,3169,9128,8211,2541,4085,7872,8176,6647,3367,2015,P.DELGADA,Suiça
5934,436,1906,6257,8522,7390,8900,6331,6722,7643,98,1122,2015,P.DELGADA,Marrocos
6876,4444,8973,1443,325,1525,2554,6295,6017,6651,7051,2987,2015,P.DELGADA,Antígua e Barbuda
7082,8725,4915,9670,9296,1025,459,3021,3841,4484,1972,2769,2015,P.DELGADA,Venezuela
3434,5644,1497,8758,6101,3549,3935,4783,2896,6043,8252,2122,2015,P.DELGADA,República Dominicana
529,321,9335,2175,668,5695,5296,9801,1080,3874,4566,220,2015,P.DELGADA,Barbados
9167,344,896,5332,7041,3932,9663,1635,1585,3608,3824,4945,2015,P.DELGADA,Antilhas Holandesas
7315,3880,4084,7401,4784,9614,1799,3761,5299,8002,6790,5653,2015,P.DELGADA,Desconhecido
6747,4079,7785,4544,4863,3156,3946,116,8164,8283,2047,496,2015,P.DELGADA,Níger
6923,6935,177,7530,3373,1075,9900,1253,2479,8873,8986,2365,2015,P.DELGADA,Ucrânia
847,8486,8758,3395,783,3751,6280,6241,929,835,8341,138,2015,P.DELGADA,Bermuda
5529,8909,1250,9759,183,7390,809,5133,2657,6966,3858,9436,2015,P.DELGADA,Polónia
4051,4897,9638,7088,484,3038,6656,2194,8546,3870,8327,8504,2015,P.DELGADA,Gibraltar
8369,2271,4285,4908,1614,6108,1799,5471,3232,57,4029,4417,2015,P.SANTO,Portugal
5139,6566,8050,3865,1841,7368,722,5945,5949,3842,6355,5689,2015,P.SANTO,Inglaterra
4673,1516,6246,9970,7163,8858,8357,7292,6507,2672,7957,8042,2015,P.SANTO,Itália
1992,8946,5932,4946,9125,572,1614,1502,7779,3278,6217,5523,2015,P.SANTO,Alemanha
8235,9575,236,7033,2367,6850,7111,1301,6939,7048,4413,7287,2015,P.SANTO,Espanha
2235,9023,6989,8385,4026,8186,9442,738,7037,1915,8777,1185,2015,P.SANTO,França
6965,4101,1399,8536,1431,8313,7629,5094,1653,3149,4361,9566,2015,P.SANTO,Finlândia
253,1779,6650,5305,2194,7647,2516,4293,4483,8177,8262,4281,2015,P.SANTO,Dinamarca
4911,6913,4213,1361,9832,2920,7791,7986,7547,4743,489,7838,2015,P.SANTO,Noruega
8071,1363,1961,9470,3484,9422,6900,7592,8254,525,1616,3189,2015,P.SANTO,Suécia
1039,2135,202,3939,7352,7327,2089,3904,3072,970,8318,2673,2015,P.SANTO,Holanda
833,5803,1636,1445,6464,5841,4712,5408,9000,9935,1795,3273,2015,P.SANTO,Rep. Checa
1699,4189,5530,4562,5779,3013,7896,7291,7685,968,9571,8470,2015,P.SANTO,Senegal
510,8815,1253,1102,6226,3188,2944,9365,8598,8701,2809,1293,2015,P.SANTO,Mali
2077,6705,4233,6695,864,1859,9293,7608,4778,4637,5071,2916,2015,P.SANTO,Marrocos
92,2217,1280,6972,2844,7966,7448,8603,4863,7022,2186,3543,2015,P.SANTO,Cabo Verde
4864,647,7621,8885,2366,1740,7394,3191,1850,5731,7270,4808,2015,PICO,Portugal
8141,3539,3385,4140,7303,2300,350,7461,1483,7050,4281,614,2015,PICO,Dinamarca
4809,4028,7591,1110,7511,7384,216,7597,2736,4095,9415,6840,2015,PORTIMÃO,Portugal
9908,346,1059,4167,4386,6296,6740,5090,9724,800,7899,7947,2015,PORTO,França
2209,8413,8691,3770,4642,9468,1997,216,3224,6410,8084,5924,2015,PORTO,Portugal
2142,242,8375,1099,8999,6982,6978,1335,6936,7820,1453,7697,2015,PORTO,Espanha
1906,6015,6806,7201,5336,9537,3564,5115,674,3774,3312,1659,2015,PORTO,Alemanha
4760,1842,6102,5708,9098,7346,6762,3103,3421,9714,7274,2183,2015,PORTO,Suiça
5845,3414,2548,2111,1968,4603,2226,8827,1086,9320,8884,4669,2015,PORTO,Inglaterra
1304,9593,631,8924,4088,9721,9645,4066,4134,2884,4558,9031,2015,PORTO,Bélgica
1427,243,2369,4462,4266,3395,6195,5369,5434,2515,6771,1262,2015,PORTO,Itália
5825,8070,1098,21,1816,5895,4446,308,609,610,2197,590,2015,PORTO,Holanda
801,6869,932,6105,5768,8343,9533,4756,1905,2978,5527,5579,2015,PORTO,Luxemburgo
9533,2671,3024,3783,3829,1197,5104,4716,8937,1679,4709,9004,2015,PORTO,Brasil
9254,6210,7121,634,6322,9880,4363,4587,6274,7334,1627,7114,2015,PORTO,Angola
7708,950,9159,525,8928,6120,1424,3570,3992,1571,8516,386,2015,PORTO,Estados Unidos da América
3756,4274,2589,4903,115,7786,4176,2371,5494,948,3616,8957,2015,PORTO,Canadá
7409,8753,9506,1177,7512,8080,9975,1623,2239,3412,6164,3092,2015,PORTO,Turquia
2475,5783,9890,2134,6210,1941,2867,1498,9141,2869,9310,397,2015,PORTO,Irlanda
1815,6701,9123,5723,5239,4702,5410,7313,6893,857,1382,4858,2015,PORTO,Venezuela
3228,4816,6722,3051,6575,4890,4674,7217,1718,8060,3171,4150,2015,PORTO,Marrocos
452,6543,2108,7265,4567,5786,9377,5270,3172,9922,312,8340,2015,PORTO,Cabo Verde
5574,3335,5002,7078,8038,1459,1264,6210,767,1912,4084,6516,2015,PORTO,Rep. Checa
4400,4341,3102,5334,9305,2135,3919,9514,4961,9731,2148,8448,2015,PORTO,Israel
8342,4813,9614,5578,1603,9375,7364,8674,9235,6780,6474,9770,2015,PORTO,Austria
7719,7416,9231,5120,4531,700,2574,4312,335,5011,6541,5108,2015,PORTO,Tunísia
1376,722,5594,2156,7507,9389,9895,3627,3851,2183,1175,3696,2015,PORTO,Dinamarca
972,9993,4860,3652,5761,8796,7740,7448,3778,4165,2190,8616,2015,PORTO,Ucrânia
9515,9266,816,3290,4382,3906,5024,8504,7194,3848,1592,7064,2015,PORTO,Eslováquia
6900,2817,5086,9799,8386,2520,6180,5462,7802,6952,194,6331,2015,PORTO,Croácia
3877,9199,4701,4790,9392,2333,1834,7849,3575,2068,696,8828,2015,PORTO,Bulgária
8797,3427,145,2451,5624,1489,376,7348,4320,9101,2362,2274,2015,PORTO,Gana
7159,1410,2686,9350,2456,4433,7744,2893,7843,8342,8408,434,2015,PORTO,Nigéria
2754,1720,9772,8685,3214,6621,4027,8431,610,7230,4149,7825,2015,PORTO,Bielorússia
3358,2051,3210,2260,5767,4707,3342,7293,8422,8852,2735,6568,2015,PORTO,Líbano
9047,5945,3944,7719,6550,8446,6217,2598,9128,3865,210,1498,2015,PORTO,Roménia
2867,9413,6125,4718,9386,7692,5315,7072,9015,3157,6083,3483,2015,PORTO,Suécia
5477,7559,2991,7510,2485,3125,3705,6950,3784,1013,5743,6663,2015,PORTO,Polónia
8236,4310,5915,1242,1439,9643,7160,2704,2517,5979,9717,4081,2015,PORTO,Islândia
2313,3950,6634,2101,3560,8403,9468,9259,3164,9002,1264,3961,2015,PORTO,Letónia
3778,8312,9341,5036,1203,4162,1672,9228,5809,1655,1365,6193,2015,PORTO,Guadalupe
3289,3983,9167,832,5118,1179,7626,7844,7490,9082,2664,2672,2015,PORTO,Costa do Marfim
4867,4286,8829,7544,6897,1656,2468,6903,247,4133,7491,2229,2015,PORTO,Rússia
2908,6046,3649,2495,288,8108,8468,2268,5782,7805,3595,5307,2015,PORTO,S.Tomé e Príncipe
899,1383,9714,9282,4775,5061,5952,3964,1337,9491,6160,4856,2015,PORTO,Argélia
1789,1106,1855,8133,7573,3474,6532,9103,4245,4477,2597,2064,2015,PORTO,Bermuda
2704,7768,6235,4138,6286,6462,5553,2868,6020,4578,9931,1819,2015,S.JORGE,Portugal
2921,6273,9283,6113,2288,962,7492,7293,8924,88,8906,9603,2015,S.JORGE,Dinamarca
889,5250,5432,3151,4521,7923,4569,4490,1451,3681,7130,4407,2015,S.MARIA,Portugal
4114,7920,5754,8719,9761,320,9327,2814,8091,123,1659,2130,2015,S.MARIA,Rep. Checa
5480,3882,7081,7702,9106,9233,8149,4888,5537,6644,7434,8098,2015,S.MARIA,República Dominicana
5901,3477,7898,5305,5130,5154,8172,6995,6384,2490,9991,5905,2015,S.MARIA,Marrocos
6157,4108,4748,5001,195,9798,910,8036,3673,741,8626,9749,2015,S.MARIA,Espanha
5020,1213,6654,592,6910,8392,4859,2986,4211,9779,3043,3153,2015,S.MARIA,Estados Unidos da América
1850,7037,7299,4263,323,9088,3498,3190,722,4878,1900,8546,2015,S.MARIA,Holanda
8971,2845,3289,1297,8654,3507,4960,9898,7936,2384,1705,1830,2015,S.MARIA,Barbados
7984,9952,6106,9043,7008,555,1588,3320,4017,3421,7242,7563,2015,S.MARIA,Inglaterra
3579,8300,5418,9203,2827,8141,5026,7270,8878,2931,3845,318,2015,S.MARIA,Canadá
7931,224,899,9265,9279,8494,4426,1979,5017,2292,3187,7526,2015,S.MARIA,Dinamarca
9455,2268,8138,9178,3312,9486,8803,4367,5556,2541,4195,8610,2015,S.MARIA,Polónia
9242,9405,2288,3554,7268,7106,5100,9251,2868,900,650,1771,2015,S.MARIA,Bélgica
9224,239,2477,5937,4957,8472,6604,2748,9151,4310,8021,6559,2015,S.MARIA,Suiça
6368,2419,5484,547,1451,7850,9525,6735,7304,8896,8628,9385,2015,S.MARIA,Itália
915,5313,735,6592,1632,9333,2738,1504,8898,8318,3016,8673,2015,S.MARIA,França
7809,1429,1375,2860,787,5344,8248,7217,6453,3291,501,5739,2015,S.MARIA,Jordânia
9158,4233,3788,1123,7071,2727,513,2735,4076,4741,683,5143,2015,S.MARIA,Venezuela
4137,7064,9072,8715,4279,2749,3446,8441,3531,8944,5281,712,2015,S.MARIA,Antilhas Holandesas
8463,2138,3876,1342,1238,1012,7929,1781,4135,2112,552,1609,2015,S.MARIA,Nigéria
7723,9757,8867,640,2738,1458,8726,8812,5343,7064,5805,9025,2015,S.MARIA,Alemanha
9689,637,6626,5254,4042,9384,7722,7526,7412,3910,2156,5942,2015,S.MARIA,Burkina Faso
1734,1735,374,4575,1086,3722,3602,4827,7110,2255,7526,7023,2015,S.MARIA,Antígua e Barbuda
2283,252,6311,6856,8492,8475,3455,7105,5539,3711,4421,1745,2015,S.MARIA,Cuba
2121,6038,3396,1246,5106,6241,7870,7952,1745,9399,8953,2538,2015,S.MARIA,Bahamas
1374,2171,6699,2308,3471,6958,5284,5157,7863,7924,2242,8027,2015,S.MARIA,Rússia
9443,4207,3021,5461,4543,5920,9037,4451,5093,7667,3079,5557,2015,S.MARIA,Malta
3570,4461,8764,5609,839,688,2552,7421,4534,5811,182,4400,2015,S.MARIA,Turcos e Caicos
9209,1088,2486,6471,9485,9205,1221,6982,1666,3122,6738,5975,2015,S.MARIA,Bermuda
1026,2222,7840,6230,4600,7992,3078,2590,1020,8891,1647,4365,2015,S.MARIA,Mauritânia
7275,3999,5117,7256,3222,2629,9337,5691,985,70,6139,1779,2015,S.MARIA,Granada
5642,3190,8771,9774,3925,8274,8787,9238,5078,6281,6489,2407,2015,S.MARIA,Porto Rico
6877,122,3502,2409,661,4079,2024,3625,813,3948,5352,4782,2015,S.MARIA,Austria
696,3738,5582,2344,2933,5782,8264,4733,2450,5199,1426,2021,2015,S.MARIA,Colombia
6160,8811,9199,335,4258,4115,4258,670,9956,6219,7569,4066,2015,S.MARIA,Eslováquia
5496,2073,2760,1446,3801,7180,2258,8820,5061,6485,7131,5704,2015,S.MARIA,Ilhas Virgens USA
7572,3324,8687,5294,9269,8543,7843,4780,4242,8829,4666,1147,2015,S.MARIA,Peru
5242,96,6568,8821,8203,5419,7616,961,1916,4370,7016,2469,2015,S.MARIA,Israel
7639,4770,917,6879,2100,9980,5556,3878,5840,3449,6776,5508,2015,S.MARIA,Santa Lúcia
6956,3938,1080,5837,4600,7325,5866,7436,1773,4025,1303,1465,2015,S.MARIA,Ilhas Caimão
4866,9593,1344,8515,7,3746,1345,7194,1061,9822,822,8612,2015,S.MARIA,Dominica
2740,2450,3425,6029,9674,2273,5833,5684,839,6890,3995,8301,2015,S.MARIA,Turquia
3643,8881,3113,7850,6851,4558,9662,7999,6989,1852,5877,2872,2015,S.MARIA,Gana
6850,4467,9946,6977,9320,9703,9142,3213,2434,3486,7398,8715,2015,S.MARIA,S.Tomé e Príncipe
6198,8530,4243,6158,2922,8972,897,7889,6717,1089,6427,6675,2015,S.MARIA,Cazaquistão
3584,2688,6867,4814,6161,9716,4088,342,534,2072,6941,7492,2015,S.MARIA,Emiratos Árabes
5871,9822,4095,166,864,1220,66,1244,3771,1724,5168,7837,2015,S.MARIA,Líbano
7683,4007,4301,2273,1045,187,3694,8297,3797,5511,7271,7822,2015,S.MARIA,Grécia
9187,8485,6203,7825,6168,7270,8709,6644,6529,1783,6390,8756,2015,S.MARIA,Panamá
9622,8785,7832,1289,1385,1351,4769,6718,3674,9005,985,2296,2015,S.MARIA,Costa Rica
7732,8488,4284,3385,1792,4770,408,4079,2147,7070,6496,3611,2015,S.MARIA,Costa do Marfim
6110,4136,8280,7813,6523,9788,3914,5045,2186,7570,2092,1479,2015,S.MARIA,Senegal
3621,5432,6533,9517,5280,9622,4704,1485,5132,4290,9248,1677,2015,VILA REAL,Portugal
8846,6639,8493,2815,811,2112,5291,7979,5784,7804,3295,7806,2015,VISEU,Portugal
8781,8026,3621,5034,5960,8631,2143,3226,1346,2828,1652,7795,2016,BEJA,Portugal
2418,7165,1423,6304,9215,4127,9002,8129,2736,5776,428,5397,2016,BEJA,Suiça
3983,1862,8442,5512,7681,1855,1079,2498,3102,565,2190,2015,2016,BEJA,Holanda
1122,7738,2620,7301,5586,6790,8593,7642,8125,1314,2666,2739,2016,BEJA,Alemanha
3746,342,6842,3974,9376,2859,9204,7915,4915,9178,3819,1357,2016,BEJA,Itália
9123,3490,6135,39,5582,9012,9839,5456,2635,7813,836,4487,2016,BEJA,Inglaterra
4621,7268,8126,3218,8184,6322,4999,5255,1484,57,4655,34,2016,BEJA,França
8164,775,1290,8847,8495,1179,251,7571,9214,2417,5513,8902,2016,BEJA,Austria
6605,1368,4183,8598,7788,6156,8615,8010,5627,407,1019,4628,2016,BRAGANÇA,Portugal
564,6746,8550,220,770,4035,4416,6933,7076,354,4865,8457,2016,CASCAIS,Portugal
6566,2080,7526,3454,6621,2332,7425,7396,7597,1272,7686,3882,2016,CASCAIS,Espanha
1626,7241,9769,9734,5807,7168,7572,845,1720,7076,8200,8155,2016,CASCAIS,França
878,1269,2796,7179,5068,6371,7152,1529,6927,5654,2036,7518,2016,CASCAIS,Inglaterra
2286,8159,8105,989,4494,7712,9376,1479,4667,2015,7557,7832,2016,CASCAIS,Itália
9800,5972,7085,3119,6804,6443,1259,4394,2897,6498,7289,4828,2016,CASCAIS,Angola
8870,8304,3774,9991,2276,706,440,4108,1039,2531,2509,3639,2016,CASCAIS,Suiça
7975,9882,3981,5232,5976,4044,8681,5869,3327,1946,3131,5960,2016,CASCAIS,Alemanha
8407,7193,9333,5964,8783,6306,2321,4245,7174,1334,8846,6880,2016,CASCAIS,Holanda
6786,8077,6750,420,110,227,9673,2766,8489,5853,459,6949,2016,CASCAIS,Marrocos
9975,1009,3251,2984,1783,5269,5434,3130,2095,9406,4819,3404,2016,CASCAIS,Brasil
294,8762,1670,7783,1944,8019,8278,2569,5139,2517,2803,9032,2016,CASCAIS,Cabo Verde
4405,360,830,7075,6936,2083,4236,1823,5600,5349,6303,9380,2016,CASCAIS,Estados Unidos da América
1085,7256,3534,4145,9684,119,3010,3359,415,7371,4164,6803,2016,CASCAIS,Polónia
6422,8968,903,1721,3848,2421,1298,3112,1448,2509,4630,1854,2016,CASCAIS,Malta
7437,8518,3590,145,4406,9735,3615,1181,2014,499,3997,3055,2016,CASCAIS,Bélgica
3625,3309,994,4972,9689,2854,8900,2658,6104,7155,1221,3550,2016,CASCAIS,Rep. Checa
7755,7013,1578,591,5960,4624,7624,3098,8456,7313,7294,3706,2016,CASCAIS,Grécia
4868,9008,3952,8646,369,8217,2844,7705,8267,105,5508,2157,2016,CASCAIS,Austria
657,7493,3896,1586,812,3569,4770,1496,9856,6995,7636,7600,2016,CASCAIS,Dinamarca
2372,903,7993,6606,2701,169,5842,4643,6369,782,9691,2448,2016,CASCAIS,Luxemburgo
7935,9411,6802,2321,3262,7818,7450,2744,9684,2259,6313,7640,2016,CASCAIS,Gibraltar
4909,5800,5446,7022,5484,9315,4204,1372,5105,8531,7011,5904,2016,CASCAIS,Gana
6575,3547,5203,4558,530,2075,4656,3094,2349,932,2869,1386,2016,CASCAIS,Irlanda
6491,1803,9967,2112,8161,9887,1771,3045,1401,5838,2203,4124,2016,CASCAIS,Emiratos Árabes
6086,4928,297,9920,9447,1641,3430,7259,3288,6148,5136,3401,2016,CASCAIS,Montenegro
7482,7575,2693,2190,2677,4266,7775,6823,22,5883,2117,597,2016,CASCAIS,Argélia
3470,2819,9668,678,1919,8418,2006,6848,7531,1974,4384,4616,2016,CASCAIS,Bósnia Hergovina
7251,9410,2230,5212,5780,8543,6911,9210,2749,8715,4929,8247,2016,CASCAIS,Suécia
6204,7639,5626,9693,3189,9945,2845,3951,5094,6412,4385,4550,2016,CASCAIS,Croácia
7189,4457,8441,4863,7299,8928,647,6996,5913,87,1015,7465,2016,CASCAIS,Sérvia e Montenegro
2731,7609,3211,4514,973,8076,7187,2053,8482,6204,6385,9020,2016,CASCAIS,Noruega
3249,2296,9746,9251,384,4292,8631,8164,678,2133,5775,7090,2016,CORVO,Portugal
5045,9807,1207,8555,58,5952,7109,4483,521,5705,9187,1268,2016,FARO,Inglaterra
9171,7603,3335,4650,5658,1251,1168,2942,3007,1808,3077,4419,2016,FARO,Alemanha
5664,4821,4599,8385,394,1995,1597,8509,9140,6364,9922,887,2016,FARO,Irlanda
101,2941,1516,3235,3523,8292,7876,4235,1839,266,6284,4622,2016,FARO,Holanda
8499,1352,5515,2046,5080,4034,4107,6349,8367,9000,3626,8789,2016,FARO,França
1178,8946,5422,9758,7923,3063,2085,366,3074,8223,7730,8050,2016,FARO,Portugal
9847,7604,5631,2184,9897,1868,552,6798,3276,8122,5154,6420,2016,FARO,Bélgica
482,1858,9180,7494,3695,7741,6714,2462,390,4803,9913,4638,2016,FARO,Espanha
2992,1628,8748,7026,7494,3529,8400,1374,7087,1064,975,577,2016,FARO,Suiça
3726,347,7090,9857,6740,5376,4490,4398,1283,2649,8631,82,2016,FARO,Polónia
4924,7403,6089,6560,8780,9230,2683,9348,1467,2862,4639,908,2016,FARO,Suécia
8474,1161,4469,8227,1977,6392,5122,4512,2107,8725,9505,5505,2016,FARO,Dinamarca
6250,5206,684,4900,19,8010,9710,5530,5749,4408,6690,7108,2016,FARO,Austria
1508,2419,1747,117,1770,2901,4125,4560,3098,3564,5294,2157,2016,FARO,Noruega
3399,8062,5116,7210,1660,4721,1964,6826,4218,9277,519,6264,2016,FARO,Luxemburgo
5661,787,414,9715,7966,8827,3617,6018,1065,7534,4893,6741,2016,FARO,Finlândia
9049,49,5348,2323,2748,6189,5170,1441,1435,7630,5165,9874,2016,FARO,Rep. Checa
6270,4134,8977,3746,9480,7940,3589,8585,2510,8764,803,279,2016,FARO,Canadá
3828,7481,7169,8283,243,1242,4047,7975,7522,1176,158,4995,2016,FARO,Cabo Verde
1973,6601,4939,9862,486,7160,3747,3396,3341,8237,7733,2157,2016,FARO,Itália
4946,5186,9302,4870,399,6525,5366,7830,8056,8593,3648,5010,2016,FARO,Roménia
4118,8023,394,4236,4772,8388,2800,5161,482,4118,7876,2776,2016,FARO,Islândia
8378,6234,939,2461,1760,1488,4389,6156,4763,6586,217,7141,2016,FARO,Lituânia
6182,853,5301,6537,8851,2862,4307,2131,852,4541,9023,2572,2016,FARO,Brasil
3448,6500,1363,8458,620,8186,7661,309,9285,2040,7681,4433,2016,FARO,Gambia
4956,5543,2118,8,2353,3263,783,4016,4779,761,5051,9601,2016,FARO,Estónia
2069,5222,4764,4458,3593,798,8131,5494,4098,948,4126,6369,2016,FARO,Rússia
4172,550,6414,3127,5658,5639,618,286,8332,7939,6676,9011,2016,FARO,Marrocos
3718,1329,7512,4369,2483,815,405,6254,5231,4063,6877,9103,2016,FARO,Hungria
5018,367,5440,5616,5984,7214,4803,6696,3603,7591,3922,3499,2016,FARO,Sérvia e Montenegro
8471,7587,1573,7899,7845,7992,1912,7758,3120,9846,3869,9834,2016,FARO,Croácia
3519,5914,6378,7183,3596,4251,9997,2173,9334,6024,3886,1722,2016,FARO,Letónia
3446,6460,9963,4194,1780,4923,1887,1549,3569,5105,134,6567,2016,FARO,Moldávia
6391,6444,6779,2857,2546,5467,4967,1090,7117,8090,8785,6932,2016,FARO,Grécia
4129,5141,5803,4173,9658,322,9229,9569,7339,6342,2343,4617,2016,FARO,Eslováquia
3111,7947,8742,4753,6232,9536,6279,9861,9836,9992,876,4263,2016,FARO,Estados Unidos da América
102,4088,4017,1997,7351,703,5817,2759,1835,6364,4027,9640,2016,FARO,Argélia
8770,5401,3330,2971,3486,1709,8026,3199,363,2284,2373,9045,2016,FARO,Angola
1932,7483,6611,9180,8489,746,5879,420,4097,9445,1579,2959,2016,FARO,Mali
9733,6909,4750,3533,6171,9591,2215,5174,7234,6404,7335,918,2016,FARO,Gana
6623,1850,1048,2509,185,442,1166,4757,9065,664,2805,8499,2016,FARO,Bulgária
3666,6716,9419,7137,1277,3298,4046,62,9945,5781,8842,2063,2016,FARO,Emiratos Árabes
1972,2899,4938,5821,6199,9588,2790,1243,461,1474,5935,4003,2016,FARO,Egipto
9161,8904,807,2774,7843,962,5818,9376,1677,7215,9572,9833,2016,FARO,Gibraltar
8045,621,8422,95,2321,313,7946,5821,6382,4188,5067,8572,2016,FARO,Porto Rico
5612,195,9211,4045,4829,3554,5099,9243,4562,8333,3688,6637,2016,FARO,Uganda
8889,6860,4072,3023,3813,6922,2419,2438,9610,9072,2023,8763,2016,FARO,Senegal
8384,4032,203,178,4224,1312,2393,4236,7723,2311,8700,9458,2016,FARO,Desconhecido
57,1712,3066,4772,7023,687,3212,4111,1795,3842,6221,6239,2016,FARO,Turquia
3389,9798,3598,1843,8073,3293,4314,680,7428,3750,3432,9588,2016,FARO,Mauritânia
3790,5757,2074,9918,1948,7647,2491,9818,7083,4296,8298,8235,2016,FARO,Equador
4166,3769,8439,4234,2243,8525,9822,469,4149,1950,1478,2411,2016,FARO,Montenegro
8966,6708,8176,6885,863,9865,9907,49,8613,7578,3306,9169,2016,FARO,Chipre
8855,3454,3833,7508,6121,2672,1238,8187,7703,9949,7718,3813,2016,FARO,Bermuda
2154,1342,7933,537,2797,8966,8173,3498,9834,4177,9209,1457,2016,FARO,Guiné
2028,2292,4858,8762,5652,3754,8540,206,5052,8848,2749,1973,2016,FLORES,Portugal
8934,4358,3160,9478,539,3496,4406,1978,9662,9703,6631,9034,2016,FUNCHAL,Portugal
8500,6361,1584,2838,4659,2606,4982,7086,4338,325,720,2057,2016,FUNCHAL,Inglaterra
5187,5404,4260,3191,1449,8575,466,3036,4394,5602,6853,5219,2016,FUNCHAL,Alemanha
9861,4320,4602,1546,251,3818,5738,9336,125,827,9730,114,2016,FUNCHAL,França
2411,2863,9494,8309,6495,3958,5099,9077,7329,1989,6515,1690,2016,FUNCHAL,Holanda
8567,2124,6548,9971,194,7626,2871,5558,5259,5085,3532,6832,2016,FUNCHAL,Espanha
157,5448,3107,4031,7217,9197,7992,1629,2526,3237,5156,3486,2016,FUNCHAL,Polónia
5568,4851,9704,1822,4068,4927,2054,4989,8572,183,8349,6421,2016,FUNCHAL,Dinamarca
3288,4508,4761,962,6800,3240,8914,1440,4927,7353,9470,1727,2016,FUNCHAL,Bélgica
3254,8744,8645,718,9274,2640,5314,794,9018,3849,7209,6550,2016,FUNCHAL,Finlândia
9204,1372,2126,2399,1831,4889,9927,4984,957,8480,2288,5982,2016,FUNCHAL,Suiça
7980,1319,7015,9676,1778,8265,3045,6740,6199,3375,5956,6273,2016,FUNCHAL,Suécia
4173,4119,1996,6193,1383,8192,9235,5231,6547,8883,5504,9732,2016,FUNCHAL,Austria
5458,3142,1263,6348,5972,273,934,6614,2044,9410,3709,9145,2016,FUNCHAL,Luxemburgo
7078,5665,2580,268,6354,7018,3083,1167,1601,1925,6411,4080,2016,FUNCHAL,Noruega
9005,9363,2410,4497,6119,563,744,6847,3674,1621,8911,3571,2016,FUNCHAL,Rep. Checa
3857,2420,5921,4235,9462,6041,4625,6374,1948,1380,2137,4642,2016,FUNCHAL,Irlanda
8337,2839,3520,7023,785,6680,1593,3316,7398,3770,9288,6603,2016,FUNCHAL,Lituânia
9547,9935,5923,4824,1309,7855,8658,5594,9522,8717,3955,1193,2016,FUNCHAL,Estónia
7885,8731,8235,8020,1032,7044,6275,1517,7973,2231,4418,430,2016,FUNCHAL,Letónia
197,1905,6569,3090,1394,2119,8240,4925,4391,3973,45,7051,2016,FUNCHAL,Venezuela
9088,0,5570,4267,2776,8500,2109,9216,808,875,2942,1556,2016,FUNCHAL,Estados Unidos da América
924,4284,659,9508,6149,6600,5098,5746,3399,1515,7347,1325,2016,FUNCHAL,Islândia
2096,2385,2540,6961,8181,68,3480,4310,4174,4282,711,5463,2016,FUNCHAL,Roménia
55,8386,8546,4708,8607,116,2139,4990,7056,9502,5668,4003,2016,FUNCHAL,Cabo Verde
1962,6656,7901,7285,3520,5461,4204,5893,6816,9332,5205,9016,2016,FUNCHAL,Itália
7552,8463,5102,5569,7669,3120,2624,5330,7207,4812,7791,6538,2016,FUNCHAL,Rússia
6438,4433,1156,5164,1862,3995,6461,9045,5088,6395,6694,5651,2016,FUNCHAL,Marrocos
8419,9434,7649,1113,4377,136,7397,9773,6872,3063,9919,7898,2016,FUNCHAL,Burkina Faso
4927,4066,3559,2220,3757,8074,3755,1536,2450,6778,5939,8562,2016,FUNCHAL,Cuba
9795,8582,895,2284,7827,6689,2195,8927,6232,7073,3877,1336,2016,FUNCHAL,Canadá
2471,5926,6354,3095,4090,4439,5380,4723,2765,3923,5894,1459,2016,FUNCHAL,Desconhecido
4479,187,8632,7532,3959,4,5987,2754,1810,8585,9312,1626,2016,GRACIOSA,Portugal
7194,1466,2500,2487,5820,3039,8487,3072,6094,5437,2486,9796,2016,HORTA,Portugal
5573,7651,2675,7797,4611,8964,5366,9986,6486,5154,8458,9520,2016,HORTA,Canadá
1342,2171,875,2463,4172,4748,1854,9826,3041,7559,5445,5534,2016,HORTA,Itália
7128,823,2587,8919,590,8537,2308,5957,2284,2353,4003,5426,2016,LAJES,Portugal
1244,83,9770,4310,1213,1853,8004,874,9995,4253,3688,7369,2016,LAJES,Estados Unidos da América
4249,2013,3114,1135,3356,3262,164,3082,7757,2387,5762,8745,2016,LAJES,Espanha
9325,1159,8220,5013,8633,7449,5714,8225,3258,7260,8084,5020,2016,LAJES,Holanda
5438,9536,1679,9496,2966,5957,6834,5028,3504,7198,8600,6940,2016,LAJES,Canadá
1185,5389,2648,2425,571,1223,2682,5684,955,4517,2710,6807,2016,LAJES,Alemanha
6488,5156,6545,4440,5427,1006,3676,8987,4619,8428,6348,2763,2016,LAJES,França
3467,3732,4195,6347,444,7126,7115,1171,5397,9557,4121,2662,2016,LAJES,Marrocos
1093,718,1867,8266,2541,842,2742,9110,3684,3323,2993,5351,2016,LAJES,Martinica
8341,7406,8430,6065,270,9879,842,40,3673,749,139,6749,2016,LAJES,República Dominicana
4485,2070,4047,3534,3955,1022,1768,2119,4145,6116,4060,5242,2016,LAJES,Inglaterra
9222,5711,5256,7598,322,6230,8674,2846,7010,7289,8231,9559,2016,LAJES,Eslováquia
7707,1663,3626,513,2619,8768,1137,6036,3409,9471,5244,3465,2016,LAJES,Suiça
5729,3521,7519,4281,4306,519,1535,8252,9808,521,5470,8149,2016,LAJES,Itália
9159,7529,7392,8304,8089,6563,2051,9359,1251,7512,7039,8915,2016,LAJES,Turcos e Caicos
7007,5916,1637,8616,7100,8152,3293,6425,4167,8567,8870,7208,2016,LAJES,Rep. Checa
805,5411,4171,5306,678,3477,6406,4435,9313,2670,3094,8211,2016,LAJES,Gabão
611,5849,6606,9044,6343,7568,9130,446,4127,5473,6197,8098,2016,LAJES,Barbados
1015,1361,7390,6146,9147,4795,1057,7267,8742,8561,4016,5306,2016,LAJES,Antilhas Holandesas
5081,6907,173,2443,4417,9413,4675,192,3774,4851,8908,3881,2016,LAJES,Chipre
8710,7592,7408,1991,4285,6775,6859,7087,5077,1456,3769,8995,2016,LAJES,Grécia
2415,2793,9217,3324,2584,9377,4453,8361,572,1621,6170,4588,2016,LAJES,Austria
7979,58,6705,8342,5825,5717,4307,1364,5550,2179,6333,1624,2016,LAJES,Bahamas
1923,3982,8520,8390,991,3486,4182,3837,8554,2906,7935,2241,2016,LAJES,Senegal
647,5088,2643,7263,6884,9566,1602,5856,3134,8183,7194,7349,2016,LISBOA,França
9292,7526,444,5789,4528,5015,4051,2267,1612,1478,6570,536,2016,LISBOA,Portugal
8565,4768,7577,2577,108,6902,1503,8085,6511,9225,1877,6401,2016,LISBOA,Espanha
8123,3676,8693,9751,4334,283,7016,6784,3176,399,1673,3587,2016,LISBOA,Inglaterra
598,6708,1180,2390,8648,9788,8731,7470,2975,2977,9731,6473,2016,LISBOA,Alemanha
7822,2038,9525,419,8905,2488,3025,2069,591,3215,1098,2663,2016,LISBOA,Brasil
6381,8172,6735,9504,5924,4725,111,5169,9059,816,3611,970,2016,LISBOA,Itália
428,7096,9203,1322,5200,6298,7610,8034,8267,9827,4405,7991,2016,LISBOA,Suiça
4136,6429,5054,8413,9840,5817,1016,1526,7821,3612,502,8228,2016,LISBOA,Holanda
9170,4064,2887,9564,435,4813,312,5300,3499,8891,8825,4018,2016,LISBOA,Bélgica
8606,711,2797,2406,671,3212,1138,622,207,859,5400,8241,2016,LISBOA,Estados Unidos da América
7828,3950,4444,5156,1393,8434,9286,7042,7204,6359,7589,9189,2016,LISBOA,Angola
1444,6480,7819,2164,5162,4475,8202,1007,9344,8109,9174,8948,2016,LISBOA,Emiratos Árabes
7472,4475,9175,9596,8244,3608,8076,5400,3931,664,159,802,2016,LISBOA,Cabo Verde
361,6604,7891,1664,2648,628,3786,6289,5900,2462,9479,51,2016,LISBOA,Irlanda
4998,5573,2847,5247,9673,8715,5551,8893,4510,9011,1519,8498,2016,LISBOA,Marrocos
8975,5598,6389,9138,2706,445,6326,8693,8809,4574,1175,460,2016,LISBOA,Turquia
9365,9934,8042,9625,9545,6581,9348,4404,2279,5224,5801,2794,2016,LISBOA,Dinamarca
2684,3394,1764,6129,5928,6773,5944,8924,9378,648,4774,6099,2016,LISBOA,Luxemburgo
6575,968,6206,289,1096,6699,7337,5791,1103,4581,5433,2195,2016,LISBOA,Austria
5448,9033,9259,2523,1590,7130,5869,2516,9491,4316,3218,8178,2016,LISBOA,Canadá
4713,2194,9773,3143,6918,464,2134,8049,8113,7541,3083,4648,2016,LISBOA,Polónia
95,4074,1631,5813,5823,3238,7871,2124,9495,622,3212,4622,2016,LISBOA,Senegal
5574,6063,6150,381,9584,232,946,774,9718,3089,7066,1049,2016,LISBOA,Noruega
9879,5132,2135,6370,3663,1447,570,7777,4583,2144,3068,6007,2016,LISBOA,Suécia
9625,3311,5668,8847,4016,4724,2731,8730,7135,5881,8648,659,2016,LISBOA,Rep. Checa
41,3695,2177,137,5883,8827,3769,2470,5347,6908,8545,7288,2016,LISBOA,Moçambique
5940,4257,1760,6542,7354,1418,6560,9247,9440,4610,947,1994,2016,LISBOA,Hungria
68,4425,8167,1377,6964,3555,2905,8704,1954,1163,6154,8492,2016,LISBOA,Rússia
4911,7522,4340,8955,2098,235,3489,9816,5547,4638,1666,908,2016,LISBOA,Finlândia
201,2881,2890,3520,5672,4203,2070,1085,175,2671,1054,2080,2016,LISBOA,Roménia
2502,2014,825,7058,7070,4915,4449,2504,7909,7172,9210,3194,2016,LISBOA,Gana
7846,488,7393,7179,4706,225,1819,3320,4593,8761,3134,7760,2016,LISBOA,Venezuela
164,777,8432,477,9280,1887,1456,7349,7796,6501,2301,2990,2016,LISBOA,Israel
2007,7290,467,3817,5692,6296,6567,9897,6272,3769,3398,3388,2016,LISBOA,S.Tomé e Príncipe
1652,6501,3834,7930,9632,4394,6852,668,4706,263,2017,6204,2016,LISBOA,República Dominicana
9444,1900,1868,3581,4616,9034,239,6075,168,5351,5062,7237,2016,LISBOA,Argélia
9742,9220,6805,7398,1968,753,6388,972,2379,3901,5953,2561,2016,LISBOA,México
4452,9643,1149,6887,6779,2465,7024,3966,5453,4151,6658,4053,2016,LISBOA,Grécia
717,4608,2295,2432,1986,6800,1895,7840,502,3764,4452,5847,2016,LISBOA,Moldávia
7887,8429,5170,6853,137,4557,8854,8335,6291,7140,8139,9926,2016,LISBOA,Croácia
9880,2155,7415,7245,7939,4412,5026,7783,8900,8543,435,3344,2016,LISBOA,Cuba
3594,7505,691,5642,9025,2863,6631,7090,8547,5534,177,8815,2016,LISBOA,Tunísia
9810,6025,4625,8344,5374,9491,3789,1944,8584,5980,9848,2443,2016,LISBOA,Panamá
6302,5339,1109,1092,6543,6635,2713,3865,6761,7497,3578,9208,2016,LISBOA,Bulgária
2589,4557,9162,6769,5847,5595,2825,956,2551,719,4937,8278,2016,LISBOA,Colombia
2679,3086,1223,8168,1058,3045,4874,4951,5824,6820,9597,2507,2016,LISBOA,Islândia
3839,2150,7412,1171,6084,1084,611,4819,6161,1850,8688,760,2016,LISBOA,Malta
9537,901,6582,3363,4341,8315,5553,447,4750,7871,3274,1773,2016,LISBOA,Jordânia
9706,5112,8889,7016,3921,880,6690,3718,4740,3501,7467,2331,2016,LISBOA,Ucrânia
2409,937,9101,3769,5551,1910,5070,60,7273,1716,2340,1066,2016,LISBOA,Montenegro
6991,9095,1445,7677,1855,3628,1733,6793,6779,6718,6008,8480,2016,LISBOA,Letónia
9742,9651,1741,5568,2505,1748,9599,2606,7517,9988,7749,1544,2016,LISBOA,Eslovénia
6544,6770,1211,7418,1711,6677,7409,7273,5875,1009,678,2071,2016,LISBOA,Egipto
2553,8901,6824,5076,4566,2183,1426,1361,6703,5594,7079,7838,2016,LISBOA,Sérvia e Montenegro
5369,540,6711,4255,2943,8263,6650,88,9002,1463,2174,252,2016,LISBOA,Lituânia
8691,3230,9697,2923,1052,1705,3364,5290,644,1269,7435,4121,2016,LISBOA,Ilhas Faroé
1887,5396,932,1740,4147,9590,8253,9450,4024,6740,4124,2374,2016,LISBOA,Chipre
1404,4475,5557,7837,4105,3299,7768,4318,6881,8785,3849,2593,2016,LISBOA,Africa do Sul
3258,7785,5719,5256,9596,8051,31,9824,4213,3892,1014,1320,2016,LISBOA,Nigéria
8916,9830,5864,4146,5167,132,658,7888,4226,7091,2034,5450,2016,LISBOA,Mali
6874,2677,2626,4110,528,7443,1434,8862,1963,1328,4837,4288,2016,LISBOA,Geórgia
9720,9325,9032,2779,4283,8459,4108,4788,8064,5807,2457,1630,2016,LISBOA,Chile
1131,518,1926,8924,6174,5760,7731,2689,7613,4582,2980,8671,2016,LISBOA,Congo
113,7991,3135,9302,3028,8199,6293,292,1782,5267,6584,3263,2016,LISBOA,Gibraltar
4379,1807,5879,2267,1756,5875,2285,2335,8130,5473,3847,5447,2016,LISBOA,Níger
7137,9440,7706,9844,1992,7775,2995,7713,1395,7786,1319,477,2016,LISBOA,Eslováquia
8082,2242,4731,649,6519,7642,3470,4282,9146,4277,7848,3253,2016,LISBOA,Madagascar
3107,7777,9779,4092,2399,2554,9984,5957,2426,3867,7196,3791,2016,LISBOA,Barbados
8542,562,294,7637,7102,4006,5212,799,3836,4019,6395,8220,2016,LISBOA,Arménia
7894,3361,6473,7226,7600,6113,7435,6299,2799,5284,6126,7779,2016,LISBOA,Togo
3347,3070,3829,522,5858,6125,3732,8099,9678,3838,3378,7873,2016,LISBOA,Líbano
6060,8224,4817,9504,8824,219,6116,1199,1171,1897,8930,5002,2016,LISBOA,Bermuda
4661,8287,5871,1544,4515,1936,5098,5576,7509,8403,2430,821,2016,LISBOA,Uganda
8925,1998,9653,4354,9419,432,6254,2395,2224,2078,9040,7213,2016,LISBOA,Antilhas Holandesas
8032,7814,4462,1500,1557,2758,2442,6817,7313,4309,5637,9994,2016,LISBOA,Bahamas
8144,8416,5971,6644,1610,6829,4781,688,1334,9036,8413,3086,2016,LISBOA,São Cristovão e Nevis
7435,9134,1907,8292,4311,3969,3085,7118,10,2351,9993,4372,2016,LISBOA,India
5574,3226,7022,9785,3509,7959,5375,664,7185,4233,9305,3159,2016,LISBOA,Guiné Equatorial
3217,5682,8178,1732,7321,6329,6416,8903,2759,3698,4980,5983,2016,LISBOA,Desconhecido
9160,4061,4342,7535,4740,9343,3140,3908,4911,8467,4539,9995,2016,P.DELGADA,Portugal
5223,8750,1665,7014,3607,4348,386,5735,5696,6138,3921,5117,2016,P.DELGADA,Estados Unidos da América
1405,9384,4242,6030,7731,8068,8906,4645,3955,1315,5287,344,2016,P.DELGADA,Canadá
7405,8536,13,3323,1769,6896,6419,7218,6452,826,2803,885,2016,P.DELGADA,Alemanha
6721,1885,9614,8572,5733,3014,6717,5090,1867,6835,1575,5904,2016,P.DELGADA,Inglaterra
5143,6115,4341,1616,5909,9584,7974,4022,5913,8281,1589,2429,2016,P.DELGADA,Bélgica
3444,4683,3059,6018,6286,7862,591,8663,300,604,659,6456,2016,P.DELGADA,Holanda
4038,6504,3109,8407,9384,9933,7770,2748,8671,8439,381,3521,2016,P.DELGADA,Suécia
2260,9347,2683,6023,8650,2738,9223,2777,2430,2250,3059,3013,2016,P.DELGADA,Espanha
7573,7489,197,4713,2400,7912,9815,1840,3807,2519,8765,3978,2016,P.DELGADA,Dinamarca
6734,2147,8775,9286,3994,7205,3879,5887,7157,7749,6039,931,2016,P.DELGADA,Noruega
5840,8077,4078,183,9260,2265,6557,3530,8137,6432,9839,4380,2016,P.DELGADA,França
9936,7569,2122,6790,8117,3659,393,6276,1652,4430,8275,2094,2016,P.DELGADA,Argélia
3963,8155,7442,3925,5181,771,9930,9473,4822,204,6324,5100,2016,P.DELGADA,Venezuela
7103,796,9912,2745,8535,9216,729,2553,4770,7177,2712,6602,2016,P.DELGADA,Arábia Saudita
8697,5741,6339,6611,9387,4189,5123,6912,853,4799,1251,5577,2016,P.DELGADA,Bermuda
9126,4044,2790,1487,372,2284,9508,5477,9318,8231,4532,5493,2016,P.DELGADA,Itália
3517,6253,1262,8074,4196,7351,3915,6565,3668,4275,6171,4709,2016,P.DELGADA,Antígua e Barbuda
634,1451,4825,5142,6699,3287,1994,2004,3891,7894,9245,8876,2016,P.DELGADA,Senegal
6927,2325,5723,8381,7974,1471,4050,7530,5712,4957,9933,8074,2016,P.DELGADA,Cabo Verde
5817,7238,6686,4612,9258,3330,6119,5258,5262,5309,2842,3397,2016,P.DELGADA,Rep. Checa
1516,7611,4432,6786,1801,6356,1851,3872,9634,2883,4034,8184,2016,P.DELGADA,Desconhecido
7844,5124,4179,6126,5664,4997,8175,6322,6852,94,1805,4211,2016,P.DELGADA,Rússia
9129,303,2296,437,9761,9329,2383,2180,7634,4030,6496,7691,2016,P.DELGADA,Polónia
3827,4680,45,8535,4150,5036,9298,1968,106,364,8693,8933,2016,P.DELGADA,República Dominicana
7512,2751,1690,3344,6957,3961,1363,619,404,3783,2466,9220,2016,P.DELGADA,Suiça
7224,7142,9240,667,6534,5381,2381,1547,2449,5503,2139,7577,2016,P.SANTO,Portugal
194,8654,5007,5575,5185,9028,2571,1930,2436,4829,3425,1135,2016,P.SANTO,Inglaterra
693,8702,1517,3143,9926,1959,8859,5843,3698,4516,5771,6613,2016,P.SANTO,Itália
4729,2134,8900,286,8331,4443,3984,3340,1425,7994,3480,2888,2016,P.SANTO,Dinamarca
6836,4939,7500,8625,6316,9730,8847,150,4264,8767,3706,9408,2016,P.SANTO,Alemanha
1946,5998,9937,5316,3672,4964,5403,4417,2024,1707,8661,2755,2016,P.SANTO,França
6518,7839,7031,4859,257,9593,1979,298,7041,6302,6443,1498,2016,P.SANTO,Espanha
5261,3840,4764,4178,9850,8134,5780,1970,3834,7944,6922,408,2016,P.SANTO,Holanda
5576,6993,4471,7940,2356,6222,5032,8404,7338,5229,418,397,2016,P.SANTO,Suiça
3069,3701,5463,3938,3239,6536,9410,5344,7548,1286,6337,2339,2016,P.SANTO,Polónia
8165,9096,7299,6549,6163,9653,4209,5576,8241,8131,8188,7426,2016,P.SANTO,Finlândia
9399,1148,9242,9112,4978,2672,303,4219,9655,6975,3928,4667,2016,P.SANTO,Rep. Checa
1892,8213,7890,9948,8338,5274,4609,1126,5675,7425,2660,8207,2016,P.SANTO,Suécia
4871,2961,9772,1063,925,8794,1064,224,2223,7233,3386,1192,2016,P.SANTO,Letónia
1503,1555,2967,9916,8176,2368,221,5409,4734,3144,1250,8940,2016,P.SANTO,Luxemburgo
7681,660,733,6489,6760,3487,8453,2420,9983,5913,5390,1833,2016,P.SANTO,Austria
6229,7657,6572,6322,1915,3394,2108,2513,9193,6108,5518,1855,2016,P.SANTO,Noruega
5393,3098,5855,8912,4533,2467,4659,1286,373,3915,7534,6790,2016,P.SANTO,Marrocos
1705,1085,3984,8028,112,8729,5751,543,7386,6006,2756,6645,2016,P.SANTO,Senegal
1011,7720,6289,470,7958,8266,6428,844,9062,6903,7785,6218,2016,PICO,Portugal
9085,9399,2463,2627,900,4175,7586,6143,2377,5231,7773,724,2016,PICO,Holanda
1600,7584,3667,4460,9482,2539,5621,9604,1849,7200,6095,6712,2016,PICO,Dinamarca
8771,9957,9105,9591,8863,3067,6614,7154,1695,9899,1952,6083,2016,PORTIMÃO,Portugal
6163,2489,4443,1269,5238,1245,268,5587,8382,3255,4219,5629,2016,PORTO,França
5718,3826,5684,7671,5226,2115,6984,5362,4230,2226,5130,3333,2016,PORTO,Portugal
585,985,6182,6498,1664,9187,3631,8729,819,6266,9112,8088,2016,PORTO,Espanha
7717,2522,9287,840,5995,451,135,7397,5251,9927,2557,8036,2016,PORTO,Alemanha
2492,1575,3180,2884,6953,3253,183,2898,8565,6308,1932,4513,2016,PORTO,Suiça
8585,4470,287,6992,3800,7794,3638,9465,6237,9403,9246,2609,2016,PORTO,Inglaterra
391,2018,9369,2019,8569,8503,4731,7920,8509,4300,3336,818,2016,PORTO,Bélgica
3770,1587,9715,7802,2034,7340,4950,5327,2476,9153,1005,500,2016,PORTO,Holanda
344,5884,4931,9790,8652,8313,3559,8305,4546,3210,777,2628,2016,PORTO,Itália
6782,2018,7894,9973,3318,6458,1462,8669,5046,4618,5999,1676,2016,PORTO,Luxemburgo
2063,4194,4624,4194,4971,3461,2921,6456,7269,4548,134,2279,2016,PORTO,Brasil
4992,3873,285,7776,2986,5508,8886,569,5796,4917,3298,1348,2016,PORTO,Turquia
5321,3833,1549,3135,3198,7476,8563,4950,6678,6546,6689,9393,2016,PORTO,Angola
2309,6244,4014,7337,5189,291,7431,7028,5322,5609,1504,1086,2016,PORTO,Canadá
2760,9629,4084,6713,217,137,9652,2243,676,6076,6526,2963,2016,PORTO,Estados Unidos da América
6452,4637,549,3907,3180,3155,3856,1241,9527,8172,5615,5898,2016,PORTO,Irlanda
7712,2321,4107,2910,4085,3469,3095,9079,3641,9135,616,6674,2016,PORTO,Dinamarca
8981,9120,8636,8837,5560,3211,8449,3319,6286,2303,5078,1604,2016,PORTO,Polónia
6374,1965,4100,8227,2513,5055,7462,4477,5186,5338,8346,1795,2016,PORTO,Cabo Verde
9948,140,9922,1107,336,5233,5870,810,1797,501,8829,8519,2016,PORTO,Marrocos
1069,4726,9028,6827,9890,5879,1396,4550,2916,2282,609,1680,2016,PORTO,Rep. Checa
5951,3327,1875,5457,3617,9818,800,3074,4380,3247,3001,5902,2016,PORTO,Hungria
8807,8083,1494,8249,4586,4656,1873,2275,3164,2792,1084,8711,2016,PORTO,Israel
7481,6242,8697,7335,4466,6163,2626,4867,9412,567,7754,4059,2016,PORTO,Tunísia
9289,2440,241,4285,6460,5291,3938,146,3053,7032,1739,4716,2016,PORTO,Austria
3830,8550,3011,767,2653,8070,1653,2547,8220,5851,2502,1843,2016,PORTO,Suécia
288,963,9224,5611,8323,279,5871,408,2692,546,6438,4962,2016,PORTO,República Dominicana
7037,989,8809,2952,1260,6913,438,5416,7812,6390,7404,2145,2016,PORTO,Letónia
1065,4581,99,5708,9449,4888,7999,6581,9557,68,9674,9581,2016,PORTO,Malta
1845,4050,5381,7373,9616,8879,7427,4766,2453,3031,5771,2119,2016,PORTO,México
2815,7554,7443,7910,4198,9173,5171,3509,4134,4469,3820,5230,2016,PORTO,Rússia
5049,6638,6065,2963,763,1291,2109,5081,7988,4607,4668,916,2016,PORTO,Islândia
3251,666,5227,7841,7532,6536,3538,9710,7206,6343,9916,821,2016,PORTO,Croácia
3540,8360,1000,7930,3500,4993,469,8523,4036,8172,1985,7473,2016,PORTO,Ucrânia
1554,6712,144,5420,5482,9448,7222,563,9804,6396,5062,2512,2016,PORTO,Grécia
322,9145,2983,4047,3662,4969,8651,316,8941,6594,6573,7705,2016,PORTO,Noruega
1439,973,3838,4460,1777,6091,3285,9851,3445,969,4161,2842,2016,PORTO,Argélia
926,6061,4863,5408,8682,4931,6526,6300,8310,3620,6481,7792,2016,PORTO,Finlândia
4619,5372,418,7996,7128,6795,3753,5309,5699,4405,7211,2736,2016,PORTO,Venezuela
6313,2999,9856,2374,4598,5749,3444,4819,941,6716,5685,4342,2016,PORTO,Sérvia e Montenegro
695,8350,5597,3715,628,9762,989,9541,6583,8315,1193,6169,2016,PORTO,Senegal
629,9474,8366,1843,9847,4456,6925,3069,729,9007,1147,6571,2016,PORTO,Serra Leoa
2756,1273,6370,4639,7539,506,353,353,7473,6677,9876,2147,2016,S.JORGE,Portugal
5013,1385,546,3652,6971,9079,7644,9429,7277,65,9773,1669,2016,S.JORGE,Dinamarca
3996,6709,2633,4117,5339,2779,3237,1836,1845,4959,2967,582,2016,S.MARIA,Portugal
2158,2127,5793,364,4333,7963,3296,8159,8151,8822,686,4143,2016,S.MARIA,República Dominicana
530,4678,8190,9591,9945,3238,9014,4131,9444,3672,4068,6905,2016,S.MARIA,Rep. Checa
3496,938,6763,4756,7231,4534,2403,741,5370,3390,7490,5241,2016,S.MARIA,Polónia
5555,9106,9417,5891,9194,3063,7452,1317,3545,7756,6147,3112,2016,S.MARIA,Estados Unidos da América
848,914,131,1450,5939,1630,3672,1873,5824,3833,9894,5979,2016,S.MARIA,Bélgica
1009,4951,5183,1989,9916,4647,4627,7656,2973,7225,7875,624,2016,S.MARIA,Cuba
9713,3541,2894,7113,8464,8100,2764,6908,5751,9196,2141,2474,2016,S.MARIA,Colombia
2861,5701,6758,1544,754,3336,5419,8894,6169,5214,7563,2212,2016,S.MARIA,Suécia
1609,4200,5857,6997,641,4585,2435,3970,1647,3137,8010,2517,2016,S.MARIA,Noruega
8303,9218,2408,5816,5837,1475,489,9966,2447,7879,5965,3908,2016,S.MARIA,Inglaterra
7050,2779,9010,8949,3149,7515,1059,7333,1010,7324,2575,5217,2016,S.MARIA,Espanha
3574,7393,281,8257,4996,990,9479,3044,9203,2316,4859,9426,2016,S.MARIA,Jordânia
9101,2513,6515,9407,4604,7334,5227,9947,4217,1168,6829,8611,2016,S.MARIA,Barbados
9894,1215,3279,1873,341,3965,7445,3981,4488,461,3338,7766,2016,S.MARIA,Antilhas Holandesas
2627,6346,4948,5558,6914,8423,92,9326,9770,1558,7754,5503,2016,S.MARIA,Itália
682,134,7266,7397,3146,3343,5912,5468,9106,8792,702,4655,2016,S.MARIA,Nigéria
6442,5198,2467,6246,2503,885,7836,4124,7403,7744,9920,9535,2016,S.MARIA,Suiça
3910,5912,5719,2299,953,848,8551,4388,445,8008,3295,7744,2016,S.MARIA,França
8534,9886,6025,7645,5632,7865,8401,5139,7859,3100,9646,4379,2016,S.MARIA,Eslováquia
9975,2265,4549,1558,1202,9129,2904,8643,1598,8042,4384,1377,2016,S.MARIA,Burkina Faso
4721,9275,2802,513,9328,3535,140,5350,5769,5938,4297,9917,2016,S.MARIA,Venezuela
1420,1744,9807,3878,4104,1925,5201,4382,3664,4397,5063,8301,2016,S.MARIA,Antígua e Barbuda
2681,2380,4652,1607,1193,5740,2230,884,7875,6640,5985,9994,2016,S.MARIA,Bahamas
1645,3631,6995,9580,4902,424,9642,5073,6673,4266,4205,120,2016,S.MARIA,Gambia
5761,6394,9274,8130,3506,9229,2316,3971,6562,2121,8966,5220,2016,S.MARIA,Rússia
8035,5729,6364,3120,2438,9129,6270,7559,6027,1590,9340,2595,2016,S.MARIA,Marrocos
5468,7021,3105,3192,2823,7853,5931,5822,7587,2236,4371,7374,2016,S.MARIA,Turcos e Caicos
5649,4951,8450,4131,5590,1397,9977,3720,3199,2616,2384,4830,2016,S.MARIA,Malta
1980,9992,3211,8851,2142,9748,7924,7671,3036,3614,8966,6207,2016,S.MARIA,México
1284,3009,135,882,3413,7869,441,3853,2817,4341,1705,8085,2016,S.MARIA,Canadá
8648,3811,1024,768,7722,5122,3181,8524,4951,6400,7221,1275,2016,S.MARIA,Santa Lúcia
9493,8576,4641,9499,3615,6620,6028,6629,8858,7974,1548,5157,2016,S.MARIA,Turquia
4794,6595,1780,1804,5891,343,7250,5857,9611,4808,3549,4516,2016,S.MARIA,Granada
8389,3533,9034,1779,4151,117,686,489,3527,7513,982,2862,2016,S.MARIA,Alemanha
2097,2648,2392,7213,3756,8464,5293,6773,9802,6719,9517,839,2016,S.MARIA,Austria
7628,1960,8719,5420,2977,1839,9160,7227,5769,9958,1481,6856,2016,S.MARIA,Martinica
2538,9319,6637,5797,99,9632,947,4213,4008,6332,3513,9681,2016,S.MARIA,Bulgária
7304,9023,5774,4143,4735,6165,2629,8051,9781,3539,520,3824,2016,S.MARIA,Mauritânia
1154,1374,421,7438,2798,3897,5093,3000,9480,2950,8310,6841,2016,S.MARIA,Panamá
4787,2659,2685,9865,2339,428,9645,9622,3755,977,5670,4786,2016,S.MARIA,Holanda
9908,9263,4479,7354,2640,8854,7437,4917,7660,8995,8874,338,2016,S.MARIA,Grécia
242,953,5139,5114,2066,897,9766,9510,4703,6221,471,9283,2016,S.MARIA,Guiné Equatorial
6438,5755,6807,2047,659,3110,1465,8996,6728,5285,3938,9076,2016,S.MARIA,Bermuda
2504,2698,6173,4477,9406,4519,6143,6560,4859,3189,5180,6535,2016,S.MARIA,Jamaica
9018,1209,7372,4031,3071,9500,1606,2072,9740,2561,5193,2787,2016,S.MARIA,Brasil
9406,8766,1068,139,6131,371,460,885,2343,3112,4930,6095,2016,S.MARIA,Irlanda
2439,5350,9527,1935,1315,2591,2467,2884,9636,6418,5826,3361,2016,S.MARIA,Israel
2103,2068,5113,3304,9016,2738,1588,2021,5638,2821,3352,7165,2016,S.MARIA,Ilhas Virgens UK
2962,3273,252,2988,4828,4722,4436,1706,7278,5031,2524,58,2016,VILA REAL,Portugal
913,7507,684,4499,6204,5395,1713,8995,659,2666,5129,8379,2016,VISEU,Portugal
8545,4616,5945,2772,7383,8234,1228,7870,6904,3682,4742,6723,2017,BEJA,Sérvia e Montenegro
1329,710,2414,7347,6566,2554,1130,2421,7454,1050,3781,5613,2017,BEJA,Portugal
7351,2720,7174,2160,7162,4456,5955,8369,8903,170,7492,5933,2017,BEJA,Suiça
6481,6863,7573,6189,2865,8568,6143,5841,871,171,4474,8819,2017,BEJA,Holanda
7799,4624,3876,8557,4682,9356,500,3603,1703,2788,7343,1627,2017,BEJA,Estados Unidos da América
9882,952,1099,339,3350,1140,6133,9316,3299,2505,3516,2880,2017,BEJA,Austria
5425,8186,1987,343,6479,4792,9822,6760,6157,9942,252,1382,2017,BEJA,França
3948,2000,6088,5677,4251,3828,2446,4446,9,5104,1076,667,2017,BEJA,Inglaterra
2384,4609,5206,740,6101,7201,7127,3748,2703,5110,3025,8254,2017,BEJA,Suécia
2764,1841,9947,410,2247,6148,4792,9699,3094,6316,2490,366,2017,BRAGANÇA,Portugal
5294,5986,1056,6309,2681,8485,7931,5870,2390,2001,9048,558,2017,CASCAIS,Portugal
7521,651,243,9907,2115,408,831,1899,3602,8180,2577,9193,2017,CASCAIS,Espanha
2741,3671,3366,9401,7470,5094,7779,2455,5178,1567,4278,2316,2017,CASCAIS,França
8592,9507,7283,3244,9901,9704,3886,4396,6639,3369,7483,3801,2017,CASCAIS,Inglaterra
7314,5992,4145,9357,3624,2899,3763,9696,9463,6757,6914,1908,2017,CASCAIS,Suiça
7467,5524,1428,5910,2757,1033,7004,6588,8115,6017,6657,4414,2017,CASCAIS,Itália
7965,9179,7823,6627,3948,2707,9460,2169,5757,6414,8364,6866,2017,CASCAIS,Angola
5703,2400,5513,2491,2071,3827,2210,5691,4222,6105,3917,2187,2017,CASCAIS,Alemanha
7640,320,6042,5749,501,75,2218,6379,1513,1315,714,4625,2017,CASCAIS,Marrocos
1682,7830,979,2671,1059,6442,3549,5671,9072,2579,6002,5584,2017,CASCAIS,Grécia
6766,3397,6935,7345,6150,5514,5039,7733,8665,1102,6747,5189,2017,CASCAIS,Estados Unidos da América
6963,3738,4389,1743,8375,3218,5096,2614,8904,1498,1271,9329,2017,CASCAIS,Polónia
4124,7305,4228,1828,7468,5432,8249,4477,1859,9608,9797,1348,2017,CASCAIS,Malta
4454,6269,4305,2433,3321,4881,92,4399,561,1366,2242,3879,2017,CASCAIS,Dinamarca
641,9475,1641,3490,4547,2964,6206,7750,4362,354,9455,2658,2017,CASCAIS,Luxemburgo
6599,4087,1423,1854,6947,7324,7734,7346,2816,427,9029,3439,2017,CASCAIS,Hungria
7249,6288,5630,1977,5403,7753,8130,8562,1788,1330,6128,6148,2017,CASCAIS,Cabo Verde
9425,5863,958,1741,7050,612,6954,2923,4085,9923,1938,4487,2017,CASCAIS,Canadá
7331,1123,9455,2373,9194,3683,1302,5900,1389,8861,1425,8066,2017,CASCAIS,Israel
1691,720,2577,7007,7365,6967,7667,8348,5564,3232,595,7079,2017,CASCAIS,Desconhecido
6245,3427,5515,9849,5896,3801,8746,5395,9768,6634,2741,7269,2017,CASCAIS,Austria
6230,4750,6952,1518,34,2869,8396,7238,7337,573,5555,9290,2017,CASCAIS,Gibraltar
103,2191,964,2454,3318,7576,775,2720,643,9303,3923,656,2017,CASCAIS,Rússia
4951,9557,6889,1539,5339,7035,5142,7946,7955,1785,5608,9348,2017,CASCAIS,Rep. Checa
3134,6430,7955,9677,905,2760,8514,7288,9142,3609,4517,7286,2017,CASCAIS,Bélgica
6292,8443,7213,3534,5507,8629,331,1646,9462,5427,6857,3667,2017,CASCAIS,Montenegro
6965,856,8543,7537,1004,5448,1873,5816,9425,6902,5086,7052,2017,CASCAIS,Holanda
6067,429,2351,9848,6637,2322,7621,4044,842,969,9497,2311,2017,CASCAIS,Sérvia e Montenegro
4206,2471,3825,4754,3053,1837,7555,5667,5778,7656,4264,5385,2017,CASCAIS,Senegal
6869,3380,4814,4178,9355,2437,3763,2940,460,8278,3337,1235,2017,CASCAIS,Aruba
690,3533,7972,3621,7442,7045,9617,632,36,5013,8941,1572,2017,CASCAIS,Brasil
388,3506,6179,6284,9270,2464,1996,7161,176,2887,3661,7593,2017,CASCAIS,Suécia
5034,4259,3481,977,8931,8774,5925,7445,4128,9984,7024,9420,2017,CASCAIS,Argélia
2132,4537,1864,4534,7102,1244,337,5711,6822,3573,9386,5556,2017,CASCAIS,Gana
4416,9526,4469,7388,3446,7052,9538,5983,7650,8060,8783,6708,2017,CASCAIS,Irlanda
6793,8857,4537,4665,459,9011,9128,1326,6520,5219,3192,6225,2017,CORVO,Portugal
4440,2690,2765,720,6831,446,3634,9385,8150,920,6910,3784,2017,CORVO,Dinamarca
5122,4786,1361,6450,5723,2486,4012,1681,9003,8031,8252,1191,2017,FARO,Inglaterra
9693,3728,8392,208,445,1050,1222,4797,2661,5663,6263,6784,2017,FARO,Alemanha
786,6394,3790,2949,6937,8270,3414,6746,7834,1623,4670,8133,2017,FARO,Irlanda
2700,50,6840,9906,8184,2029,6233,3821,4164,2456,1266,2061,2017,FARO,Holanda
8329,8142,8300,1245,2849,9353,260,3114,2965,829,1612,4993,2017,FARO,França
2217,250,169,7489,6704,766,4599,3785,1677,4075,630,2843,2017,FARO,Portugal
9951,2260,7322,5838,8614,1045,7376,9621,8498,8977,5775,16,2017,FARO,Bélgica
9720,590,1173,8639,4924,6818,1373,135,622,7220,2771,9246,2017,FARO,Suiça
8987,8490,5828,5541,8821,7267,3653,3259,5413,2311,1286,9322,2017,FARO,Polónia
8615,4727,339,4013,1988,1429,7835,472,4046,8611,8495,2051,2017,FARO,Espanha
6184,9890,237,3637,9195,6237,343,1636,3357,1542,9386,132,2017,FARO,Suécia
7521,9251,3352,5465,87,4183,3929,7823,1815,5944,9179,5292,2017,FARO,Dinamarca
6749,9006,9748,3169,35,7088,5839,6909,9691,6035,4736,8367,2017,FARO,Noruega
9490,8634,8549,1940,2822,5875,6600,1881,1001,6650,1951,6686,2017,FARO,Luxemburgo
8221,4729,7349,6764,4510,5255,8300,9702,4060,6015,2061,488,2017,FARO,Austria
2448,6338,3887,1967,2419,8437,3201,34,7714,5031,8574,1249,2017,FARO,Hungria
1795,9175,5521,5407,1515,4019,8126,543,3787,2560,5628,9444,2017,FARO,Finlândia
2368,8916,7860,4426,7392,9535,6733,1354,8340,4422,5734,9086,2017,FARO,Rep. Checa
1658,783,8881,9826,1584,9511,2108,2091,8587,5558,4915,9765,2017,FARO,Canadá
2082,3596,2611,6872,1762,4915,8307,9328,8510,7278,3036,1110,2017,FARO,Lituânia
4439,8286,8405,6475,1536,9125,7941,2784,7352,3833,1631,5973,2017,FARO,Itália
7010,3596,9623,2547,5547,9903,9000,3102,6428,4058,9402,638,2017,FARO,Islândia
3050,7375,2077,6216,4034,2471,5941,623,294,3638,5974,2141,2017,FARO,Cabo Verde
4318,4173,6276,7641,9137,4947,5308,3115,3019,7822,1352,2048,2017,FARO,Brasil
874,7466,7843,3471,2930,6365,8067,3348,5357,6068,2661,9259,2017,FARO,Estados Unidos da América
4224,1620,8252,5738,5539,8236,8284,9604,3845,3678,1937,5064,2017,FARO,Eslováquia
7674,8023,4496,216,6250,6587,8426,2671,3014,9836,1579,510,2017,FARO,Turquia
8951,3347,9652,2134,7560,3877,529,4421,5330,2948,1718,9445,2017,FARO,Gambia
8462,35,3401,7903,7213,9118,3396,8820,1326,2730,6330,4762,2017,FARO,Marrocos
9204,826,4538,6265,4441,886,2982,9510,8794,8735,9377,8526,2017,FARO,Chipre
5208,9977,2114,4651,191,4668,5337,2391,8289,9978,250,4864,2017,FARO,Croácia
3563,8162,8446,4681,794,7939,9508,4776,3005,1845,6469,748,2017,FARO,Rússia
9212,9169,3281,4648,79,6941,3463,3743,8812,1375,2278,7182,2017,FARO,Bulgária
9223,5101,887,4267,3709,4680,5431,3571,7646,6009,8981,5169,2017,FARO,Roménia
805,4261,9109,6422,4075,744,90,5235,7417,3156,1998,3094,2017,FARO,Grécia
1693,7019,5502,6677,3662,4206,7804,350,5501,3803,6858,7435,2017,FARO,Eslovénia
3825,2245,9827,4009,8825,8877,529,2438,1136,8996,5284,8568,2017,FARO,Israel
3322,3116,2093,3895,1022,2398,3482,7957,914,7412,7381,45,2017,FARO,Ucrânia
5547,1771,7675,4818,2325,936,8225,7156,2437,3118,3340,4961,2017,FARO,Sérvia e Montenegro
1926,261,2227,4528,4663,3463,6695,4871,1475,1050,6338,8854,2017,FARO,Arábia Saudita
3077,6433,405,9878,7534,9336,421,6156,3092,168,7083,6361,2017,FARO,Emiratos Árabes
9547,27,2426,3057,2778,9817,3177,7732,6467,1049,1439,2212,2017,FARO,Egipto
39,5975,9519,5496,5675,4074,2960,989,9163,5982,8496,2824,2017,FARO,Malta
2897,1378,999,9707,5439,7095,2023,5408,590,9089,2873,2198,2017,FARO,Barbados
9669,2074,6288,9522,5636,8969,35,1027,7465,7456,5433,3067,2017,FARO,Venezuela
9078,862,448,8650,7929,5122,7163,9924,7528,4405,67,7258,2017,FARO,Gibraltar
9584,7196,1026,1879,9672,6062,2947,950,2587,9648,3799,7660,2017,FARO,Ilhas Caimão
2473,1477,953,2845,6362,6806,4559,2807,7093,5401,5204,409,2017,FARO,Senegal
3623,9987,8070,254,3518,7876,9359,5566,2536,1197,1482,4395,2017,FARO,Ruanda
1885,2611,2838,666,83,2055,3894,8481,8551,691,1067,7948,2017,FARO,Uganda
6427,3078,4809,3983,9203,7153,4821,6105,8219,5379,5538,4108,2017,FARO,Uruguai
5247,7579,980,6267,9590,5817,8064,8500,8511,6279,1170,2988,2017,FARO,Bermuda
4985,7025,6260,9395,2015,9713,390,7447,1080,7434,7789,2458,2017,FARO,México
4667,7883,6468,3147,1992,8114,7702,3314,3887,2208,4667,3833,2017,FARO,Tanzânia
9250,9119,9477,6292,4595,6118,8173,2499,8315,5558,3965,1915,2017,FARO,Argélia
6097,1702,1385,1072,316,3289,9483,270,2197,3582,3599,865,2017,FARO,Omã
9887,2641,5629,4511,1092,6315,7683,691,1245,3899,9243,7224,2017,FARO,Angola
1652,2835,3068,7455,703,1720,474,6571,5475,8309,3272,3941,2017,FLORES,Portugal
4375,736,7306,1660,3134,7192,349,1130,3660,9237,759,5160,2017,FUNCHAL,Portugal
7975,8005,9751,2596,2779,9165,1086,1344,8250,9365,9674,3162,2017,FUNCHAL,Inglaterra
8352,8510,6744,8148,2918,7722,3743,9980,8970,343,7345,664,2017,FUNCHAL,Alemanha
8488,9170,4187,5910,6403,1649,7850,6801,5313,4189,8888,4414,2017,FUNCHAL,França
9383,8414,6998,9351,2162,6656,1266,5750,3864,7089,6985,3525,2017,FUNCHAL,Holanda
9068,8470,6324,2750,6615,7957,8820,2660,9126,2374,8750,770,2017,FUNCHAL,Espanha
8702,2162,9812,7287,7582,9741,8038,6633,4371,8055,3050,3317,2017,FUNCHAL,Polónia
3975,8908,7004,3999,1063,3215,3733,2627,1743,7177,7547,8927,2017,FUNCHAL,Dinamarca
5109,7426,9942,6658,656,3393,378,3778,745,4493,2364,1814,2017,FUNCHAL,Finlândia
6834,1037,9625,7157,2351,1643,1025,941,929,4634,3504,9663,2017,FUNCHAL,Bélgica
8254,4539,7717,4651,27,1751,6640,8730,498,2807,7964,3939,2017,FUNCHAL,Suiça
6922,3292,2474,8931,8132,7924,5754,7108,8648,1869,461,5461,2017,FUNCHAL,Suécia
2613,87,5443,8557,8422,4452,9945,1524,520,5030,1838,8394,2017,FUNCHAL,Noruega
1325,4844,3861,212,5183,775,7415,1965,8853,3984,1216,9726,2017,FUNCHAL,Rep. Checa
5424,2815,3391,2579,1680,3629,4200,873,1201,1851,5739,6209,2017,FUNCHAL,Austria
9837,8225,9437,4914,8497,1367,164,3018,5340,4324,4680,5155,2017,FUNCHAL,Luxemburgo
8712,2278,5552,5005,4028,7980,1227,593,6180,9541,5627,8446,2017,FUNCHAL,Irlanda
9787,5959,8162,2746,6019,6018,1538,582,4942,8785,1876,9512,2017,FUNCHAL,Lituânia
5054,5832,2905,3960,4725,7421,5712,7438,3822,9558,2562,7411,2017,FUNCHAL,Letónia
8698,2996,1197,6969,1583,9946,4439,1361,4270,396,340,8538,2017,FUNCHAL,Estónia
3283,7946,5702,3002,3263,1516,6016,2644,3044,4621,3416,7287,2017,FUNCHAL,Islândia
269,7184,9543,1806,3408,818,69,6839,5154,216,352,1125,2017,FUNCHAL,Ucrânia
7229,2535,4930,4651,2824,6928,719,6284,597,8363,6637,1091,2017,FUNCHAL,Bulgária
8355,3887,7998,7996,1930,7575,5942,8065,7899,2435,7797,4937,2017,FUNCHAL,Estados Unidos da América
3552,9447,3092,5333,3982,4217,6216,1779,6305,2625,7203,6830,2017,FUNCHAL,Canadá
4918,9589,6885,8666,5024,6858,2014,6501,5730,710,3968,1190,2017,FUNCHAL,Itália
8853,5754,132,1142,1765,2283,2448,632,3295,2136,4395,7402,2017,FUNCHAL,Gambia
7599,8001,4030,7175,5109,6319,6885,741,8256,2420,5610,9298,2017,FUNCHAL,Rússia
9893,3215,1331,1092,9848,8712,9377,6561,4865,224,2921,5043,2017,FUNCHAL,Cuba
5127,5546,1397,3500,9972,7940,2772,2013,9902,3657,2539,1008,2017,FUNCHAL,Roménia
3045,7623,7007,466,8935,1054,7361,4057,190,2885,9878,2644,2017,FUNCHAL,Tanzânia
3589,8886,1179,8050,3353,7772,9722,8266,3249,4083,1261,2527,2017,FUNCHAL,Burkina Faso
2658,5304,3942,6055,6527,7852,2631,4320,7317,3251,4284,5661,2017,FUNCHAL,Marrocos
108,9287,6228,9959,6266,7058,9572,5430,7219,5645,1757,5055,2017,FUNCHAL,Desconhecido
9747,3640,2168,1496,3561,3976,1285,6117,6468,885,6244,5907,2017,GRACIOSA,Portugal
5943,6214,1359,6735,3176,786,5268,17,2768,9700,7083,5971,2017,HORTA,Portugal
2226,3179,6421,5230,6773,7879,2343,7047,9526,7479,8557,4158,2017,HORTA,Espanha
4283,7785,5641,6555,8546,9713,385,9771,139,7590,7053,6309,2017,HORTA,Bermuda
1075,1196,2826,6281,8620,8163,7243,7914,5515,3744,7423,5197,2017,HORTA,Bélgica
5647,6564,6613,4509,2934,7840,2554,5501,414,4803,6842,9748,2017,HORTA,Canadá
5396,2666,4899,8816,430,9800,5168,4622,8191,3756,3974,2883,2017,LAJES,Portugal
490,6369,2642,6842,7230,2983,1128,4312,8803,8984,4922,6479,2017,LAJES,Estados Unidos da América
4420,7387,7528,1301,5933,444,7349,7297,4302,8702,8154,166,2017,LAJES,Espanha
2766,3567,1639,4243,1827,6666,1271,1844,7432,4778,2366,6152,2017,LAJES,Holanda
7134,9126,6281,5080,9749,1548,4639,4937,618,8918,9171,2332,2017,LAJES,Canadá
843,4370,6690,6867,6771,1619,7797,9018,9785,8219,349,2945,2017,LAJES,França
6864,4861,5172,9079,3218,890,1567,8544,5724,5567,4059,9562,2017,LAJES,Inglaterra
6485,5480,9546,6068,6354,561,9170,9799,8716,8268,6531,695,2017,LAJES,Marrocos
7468,1661,6199,4940,3438,7861,4912,5160,9363,265,8367,3639,2017,LAJES,Chile
2464,3085,2492,3983,3690,8297,2043,2136,2281,946,5863,7552,2017,LAJES,República Dominicana
7722,9004,8284,5304,180,2172,9128,7232,4527,8016,7011,4205,2017,LAJES,Itália
5449,253,5626,438,3536,3299,7809,1962,5077,4029,3424,4929,2017,LAJES,Antígua e Barbuda
4466,8942,4268,4315,2943,5426,9907,6637,8988,4380,1132,4323,2017,LAJES,Eslováquia
267,6065,4792,4749,7337,2316,8972,5569,4903,2251,4010,8599,2017,LAJES,Antilhas Holandesas
8158,4566,9293,5290,6809,6389,3649,6685,3387,8758,8994,9358,2017,LAJES,Suiça
1232,2329,3219,6453,2015,4537,5448,9266,6131,3857,6327,6285,2017,LAJES,Bahamas
5476,7609,3978,4557,3170,4783,7049,5330,7175,4423,3376,2420,2017,LAJES,Rep. Checa
6793,1161,2778,2304,7134,179,5171,2198,2847,1895,6890,6298,2017,LAJES,Turcos e Caicos
5198,5366,8126,5922,5581,1384,8317,4459,6633,9929,7985,9782,2017,LAJES,Israel
5119,4691,360,383,2726,814,3137,2722,9863,9451,7920,2847,2017,LAJES,Senegal
856,3844,6570,1222,1899,9087,6273,5882,537,6358,3027,5325,2017,LISBOA,França
2773,9234,7606,2455,5594,6617,1354,7948,4886,8917,9969,8449,2017,LISBOA,Portugal
4533,5224,6926,1871,9101,7159,9039,7280,6870,1224,9864,7209,2017,LISBOA,Espanha
2919,7704,8356,3722,536,7370,7245,3287,9220,8742,5025,2449,2017,LISBOA,Inglaterra
8580,3578,5002,7966,4793,8265,5453,6851,6840,6335,7758,9685,2017,LISBOA,Alemanha
2138,7455,741,9123,4200,8646,9624,7372,2863,5424,5850,4068,2017,LISBOA,Brasil
7429,6645,5894,4125,7110,1211,9854,7563,9525,3639,8335,1791,2017,LISBOA,Itália
6962,8549,5323,1391,5776,5112,6561,4617,4524,3344,2763,7262,2017,LISBOA,Suiça
7444,5675,2521,853,9125,643,5216,7954,9249,9028,8883,7254,2017,LISBOA,Holanda
1593,3772,3696,4263,2994,2344,6191,4701,4127,9019,491,6163,2017,LISBOA,Estados Unidos da América
3742,1364,936,5537,8015,1497,3635,4706,2593,7050,8888,6136,2017,LISBOA,Bélgica
877,4178,8297,9032,9356,3999,3507,9579,5451,3104,9291,4591,2017,LISBOA,Angola
8263,3257,4280,7359,2829,2193,4954,7494,6474,4316,8245,2801,2017,LISBOA,Cabo Verde
1891,3377,1840,3308,6988,9676,6744,5082,254,9554,9961,333,2017,LISBOA,Marrocos
7426,9453,6833,4025,692,6485,8551,5073,6759,9247,7556,8416,2017,LISBOA,Irlanda
8046,4583,1504,8097,7364,5620,1471,6655,1761,6923,2745,592,2017,LISBOA,Emiratos Árabes
3067,3368,8966,7850,9429,8825,8439,9260,4796,9185,8861,522,2017,LISBOA,Luxemburgo
3524,8918,8959,769,5912,7925,6217,3454,5673,2717,928,1846,2017,LISBOA,Canadá
5136,7424,7382,9836,8443,1417,2302,2734,4886,6194,9998,1431,2017,LISBOA,Polónia
6993,5705,9640,8828,2100,8251,3078,9685,7715,3998,4714,8457,2017,LISBOA,Austria
2979,7093,5945,3858,6851,3032,3480,9037,6522,9290,2092,9254,2017,LISBOA,Turquia
2052,8318,772,8066,9526,4154,8454,3308,5077,7901,2166,4,2017,LISBOA,Dinamarca
7540,4809,3837,3868,220,1944,7560,6102,1227,3985,2185,306,2017,LISBOA,Senegal
3570,2583,7189,5622,2880,2018,4851,5254,3554,2820,134,4609,2017,LISBOA,Rep. Checa
7305,3805,4322,1942,8297,7907,535,9364,6307,8717,6958,8752,2017,LISBOA,Roménia
2518,2362,1819,6196,6549,9197,5567,8861,8987,1261,6841,6926,2017,LISBOA,Suécia
4650,8564,7297,2776,9710,9356,1539,6676,8022,6444,5357,8011,2017,LISBOA,Noruega
5677,2552,1667,2309,1470,6685,275,7961,4637,7069,5171,1395,2017,LISBOA,Rússia
2094,2769,839,6059,9584,8189,1935,9069,8567,529,4950,1353,2017,LISBOA,Hungria
4318,119,9416,1846,4888,876,4309,8327,2374,5782,1611,5486,2017,LISBOA,Finlândia
9552,9039,1534,2160,2390,4557,2879,587,237,1506,1389,3203,2017,LISBOA,Moçambique
7900,5370,9757,5498,930,3694,787,9479,6193,4174,9256,5642,2017,LISBOA,Israel
1626,3032,5410,601,4718,7522,7894,1234,1904,6580,4500,8763,2017,LISBOA,Venezuela
1752,6544,8520,2947,3859,9996,234,3663,2308,1637,5626,3950,2017,LISBOA,Gana
5571,5624,1765,1089,2258,1454,1192,9708,5451,5526,6839,5297,2017,LISBOA,Grécia
8361,792,2840,7832,2958,4348,1490,3260,4062,5441,8521,3050,2017,LISBOA,S.Tomé e Príncipe
47,5695,779,6618,6564,7737,6475,7176,6122,2645,6367,901,2017,LISBOA,República Dominicana
2346,9993,8485,7974,508,2173,4928,9541,6295,2600,6461,4632,2017,LISBOA,México
9026,244,6057,4563,9527,7431,3791,8129,880,4132,4248,7609,2017,LISBOA,Moldávia
6981,74,6371,9681,9855,9492,3961,263,6302,8399,7985,2229,2017,LISBOA,Argélia
366,6926,5694,7992,2622,8717,5290,7520,8138,1475,5917,879,2017,LISBOA,Croácia
9304,6420,4789,1282,7310,3940,133,5903,1516,824,4250,3524,2017,LISBOA,China
5949,2712,314,2117,59,6094,4661,2468,7424,9003,6381,2997,2017,LISBOA,Tunísia
9003,4583,3074,9130,7092,6214,3952,8884,1278,8415,7531,5562,2017,LISBOA,Costa do Marfim
7316,3922,1220,6998,2037,3746,6861,8361,7967,7259,7404,1848,2017,LISBOA,Cuba
9354,7661,9571,5802,9846,8565,3116,9059,6940,1332,5114,9105,2017,LISBOA,Bulgária
632,2474,3682,4150,2601,467,2828,6532,2488,4937,8895,56,2017,LISBOA,Togo
1016,6048,5599,6840,977,1539,3579,1674,9394,5815,9767,7065,2017,LISBOA,Jamaica
1592,6906,4718,4878,8637,6386,4851,6330,8282,9787,9625,3449,2017,LISBOA,Islândia
6202,1226,26,8483,9403,9226,1557,8441,3961,1469,2539,2841,2017,LISBOA,Malta
5882,6880,7960,2440,4635,445,3696,111,2519,6068,982,2929,2017,LISBOA,Antilhas Holandesas
2430,4020,4673,6698,5649,8535,3469,720,8287,8270,2054,9056,2017,LISBOA,Japão
2635,7429,5687,1821,8141,1550,3941,9954,5844,7646,1943,5940,2017,LISBOA,Ucrânia
6706,6704,5653,1900,5893,8916,3722,8151,2581,9225,7674,6517,2017,LISBOA,Ilhas Faroé
3210,158,9013,4706,9686,1801,3976,2789,9845,8538,3011,6332,2017,LISBOA,Colombia
6215,5998,6113,9417,3290,4291,2186,4278,9986,2030,1547,206,2017,LISBOA,Letónia
8673,4052,4885,5888,7079,3814,1173,9361,2636,9561,8568,9170,2017,LISBOA,Líbano
631,1283,1283,5857,1120,6309,1125,5355,469,6297,9897,2413,2017,LISBOA,Sérvia e Montenegro
6043,6819,276,2460,5234,4118,5941,5373,459,5462,6489,9451,2017,LISBOA,Lituânia
2076,5340,8799,3665,8434,2190,7910,9422,9279,4228,8586,8150,2017,LISBOA,Guadalupe
4184,3357,5536,1206,9039,7384,7058,6592,9328,5772,6719,1935,2017,LISBOA,Montenegro
7105,4337,4878,6837,1851,3931,5843,9025,430,8716,7723,8189,2017,LISBOA,Chile
2351,7680,9813,6465,4605,8193,8892,666,9104,9547,1736,3247,2017,LISBOA,Ruanda
6465,2685,9285,8131,7751,8662,2673,1274,6869,6259,8268,932,2017,LISBOA,Eslováquia
5816,7551,6154,8462,4189,9545,5807,6991,3628,2451,3430,4470,2017,LISBOA,Arábia Saudita
3494,7861,844,2471,4832,692,7462,8516,8663,2993,9470,7158,2017,LISBOA,Africa do Sul
8748,3516,6964,6188,6338,5823,458,7476,2299,8448,5475,9359,2017,LISBOA,Mali
2118,4400,2096,3665,1008,6175,5715,6581,242,8730,8207,4315,2017,LISBOA,Gibraltar
1962,610,368,5981,4192,4247,5091,7994,7570,2964,7634,753,2017,LISBOA,Bermuda
9841,7122,2868,6941,7626,1851,7179,9051,5217,304,5532,3344,2017,LISBOA,Congo
2951,1910,8172,4732,7800,3543,3083,3492,9881,6623,6882,9187,2017,LISBOA,Eslovénia
5925,4391,385,3248,5426,9488,4810,548,3922,5039,8135,126,2017,LISBOA,Chade
1448,721,6627,7543,7741,8110,2298,1292,6534,5998,6271,8659,2017,LISBOA,Antilhas Francesas
134,6122,8585,843,7438,8072,3397,5397,8003,2077,114,7117,2017,LISBOA,Argentina
2206,4446,4794,6305,5742,7793,6917,5255,6767,3953,159,4710,2017,LISBOA,Guiné
7803,3157,47,9723,210,1581,9871,2926,1944,9009,2419,6614,2017,LISBOA,Quatar
3269,7563,2434,7798,8799,5934,7993,2537,8974,641,9198,9757,2017,LISBOA,India
7902,3266,4212,8164,9881,2753,6666,9915,7850,15,9157,4578,2017,LISBOA,Barbados
7248,9099,9736,3906,3324,9609,1520,3600,4067,3053,4702,1731,2017,LISBOA,Aruba
8749,4433,9824,2817,4646,3997,1779,8276,7025,7754,1474,5499,2017,LISBOA,Camarões
7591,7702,8094,7923,7718,4170,5258,777,9661,6614,9001,8222,2017,LISBOA,Turcos e Caicos
4521,3569,9261,227,4473,9931,2650,7463,8315,5672,8810,4312,2017,LISBOA,Irão
2785,4276,4207,8500,1238,5931,7445,5096,4604,4727,4736,6541,2017,LISBOA,Cazaquistão
9890,4690,7686,7816,2318,4806,2805,6897,7004,7045,1404,7209,2017,LISBOA,Uruguai
8361,1808,610,3822,2958,5051,52,9953,287,7351,7596,9418,2017,LISBOA,Jordânia
4027,1461,2893,1206,7747,3668,4141,3745,3231,7003,1104,6760,2017,LISBOA,Tailândia
9955,4613,6705,4932,6283,6965,1971,579,3148,1513,6429,6676,2017,LISBOA,Paraguai
256,3845,8886,7377,1529,601,8776,4236,1837,3785,5493,1131,2017,LISBOA,Nigéria
8925,4916,2881,3375,8700,1975,8158,1983,7525,3949,2482,4702,2017,LISBOA,Estónia
6734,4881,9794,9878,4777,5596,349,9356,4924,6965,5269,233,2017,LISBOA,Quénia
1507,6087,2583,6205,2619,4983,3230,664,7432,429,4700,2405,2017,LISBOA,Albânia
8856,2574,3251,5843,6475,8062,9110,204,8681,6319,9661,5990,2017,LISBOA,Desconhecido
6189,3142,5752,1764,1525,9487,8056,617,9195,5300,1016,2992,2017,P.DELGADA,Portugal
4738,4271,6583,9656,1048,5427,572,5736,3828,9447,4192,5054,2017,P.DELGADA,Estados Unidos da América
4314,7729,5981,110,3156,9184,3490,3084,7440,6899,3400,9617,2017,P.DELGADA,Canadá
2005,1853,6124,9888,9099,3552,688,642,2838,1622,6444,3189,2017,P.DELGADA,Alemanha
1438,8313,7928,2401,113,2737,6713,6430,9059,7646,6836,1396,2017,P.DELGADA,Espanha
478,2210,8315,445,3626,7775,8331,6459,2802,8102,9524,4658,2017,P.DELGADA,Inglaterra
6237,8420,1969,628,6167,5723,992,4607,2102,6811,6567,2243,2017,P.DELGADA,Dinamarca
9884,8648,1566,119,7643,5361,4714,5422,1651,785,577,5428,2017,P.DELGADA,Holanda
9040,5512,5865,9795,3244,774,1563,9597,5337,6828,2030,3250,2017,P.DELGADA,Cabo Verde
1796,3836,6997,7904,8353,5399,794,8254,3520,7816,5353,863,2017,P.DELGADA,Bélgica
8188,3296,8414,9554,8753,3337,2768,533,6674,193,6194,2498,2017,P.DELGADA,Suécia
2787,6855,958,7583,8840,1092,9120,3652,9296,2523,7912,6437,2017,P.DELGADA,Noruega
2122,4886,7122,4386,2939,1548,4166,5010,7942,4394,492,1887,2017,P.DELGADA,Letónia
6190,744,9307,2657,8895,2942,740,5520,4628,2311,9999,7944,2017,P.DELGADA,Venezuela
3015,7719,6171,4604,5990,2403,8402,5719,9245,4269,4986,4287,2017,P.DELGADA,França
9251,8014,3886,3991,612,6617,5311,6193,3155,8993,4523,2977,2017,P.DELGADA,Itália
2853,6721,3768,6922,6091,3344,1856,4990,9051,2127,174,4799,2017,P.DELGADA,Mauritânia
5961,4390,5204,7168,8000,9802,8101,1962,2947,8660,2540,4540,2017,P.DELGADA,Martinica
4791,3802,3016,2697,1759,4065,6136,2526,5906,9959,9190,1923,2017,P.DELGADA,Rússia
7355,8916,5081,9448,1978,9917,5755,6253,8745,628,3649,2226,2017,P.DELGADA,Marrocos
9664,9519,3049,5084,7498,8405,3620,1412,5530,4985,5197,3809,2017,P.DELGADA,Suiça
5453,1666,1882,5774,8142,503,5904,5854,127,7441,7568,6539,2017,P.DELGADA,Cuba
5201,5734,3155,9220,5672,7923,7553,7853,8386,4629,1390,9106,2017,P.DELGADA,Porto Rico
2953,925,2483,2575,9273,8002,4520,5505,2151,3653,9107,5121,2017,P.DELGADA,Gana
6409,8468,5484,1563,9998,3872,4685,1692,6496,9448,102,6653,2017,P.DELGADA,Guadalupe
6659,193,1931,8913,8934,3887,72,941,5460,108,5275,362,2017,P.DELGADA,Chipre
1264,4445,6273,3144,5260,8150,7753,8740,2321,9230,3375,7627,2017,P.DELGADA,República Dominicana
3602,3289,8443,4421,950,39,4573,4361,3934,10,6789,6976,2017,P.DELGADA,Irlanda
7826,6338,7645,5272,6803,2786,221,6053,4610,5871,7609,4788,2017,P.DELGADA,Grécia
2453,9704,8241,1710,5174,2506,8393,4804,42,3558,4637,8941,2017,P.DELGADA,Finlândia
1510,4085,2778,6334,1558,5389,5213,7546,1344,4602,2660,1358,2017,P.DELGADA,Desconhecido
9458,6603,8134,3677,3215,6775,8069,5125,605,1855,1697,3969,2017,P.DELGADA,Senegal
1072,2959,8877,2820,836,7658,4024,2179,8485,9320,8473,2934,2017,P.DELGADA,Turquia
7491,1422,5502,2726,104,9492,8958,3277,9572,2423,9330,66,2017,P.DELGADA,Austria
3371,3544,3766,6086,7679,3398,1756,4585,316,1055,7510,5029,2017,P.DELGADA,Mali
20,4351,7769,2723,4738,4532,8730,3637,425,5763,7075,8048,2017,P.DELGADA,Quénia
5311,6848,114,9606,4741,6600,9796,4322,889,3174,4692,9443,2017,P.DELGADA,Antígua e Barbuda
9709,2756,7548,8458,584,7673,596,5681,2545,5417,5047,571,2017,P.DELGADA,Argélia
2371,8149,9562,916,1440,7222,9226,1611,6357,8483,8506,7511,2017,P.SANTO,Portugal
4966,2154,6681,5380,4338,7033,1500,2037,216,6308,6433,8328,2017,P.SANTO,Inglaterra
6114,4714,6562,9877,851,6016,777,9974,3088,7837,5504,4810,2017,P.SANTO,Dinamarca
8531,3724,5562,4829,4960,6418,8939,8076,7720,9030,656,7171,2017,P.SANTO,Alemanha
3822,7262,8085,723,9619,8367,6768,321,2055,6513,4846,6747,2017,P.SANTO,Itália
7145,2556,2420,2051,3718,2339,931,5144,1473,13,9605,7289,2017,P.SANTO,Holanda
3205,7718,5954,1484,7805,9947,8008,2426,3355,3979,1795,9944,2017,P.SANTO,Espanha
4288,5026,5052,7681,7003,7763,5615,4100,2106,5311,6923,3939,2017,P.SANTO,França
1712,2932,5654,254,8278,6002,1423,2740,6489,9301,3910,6055,2017,P.SANTO,Suiça
5145,1661,5079,5661,1865,253,8601,4006,9593,4334,6089,9406,2017,P.SANTO,Finlândia
8020,2317,3333,9652,6367,5200,3484,2931,205,3701,5149,3735,2017,P.SANTO,Noruega
4794,7369,3619,9169,4535,7971,1450,4282,3768,1527,9164,3538,2017,P.SANTO,Polónia
7300,5904,115,214,8062,6685,1032,6386,1747,6360,5807,9044,2017,P.SANTO,Suécia
7152,2439,3176,8194,1900,7643,8848,504,2546,1235,5520,8769,2017,P.SANTO,Rep. Checa
7990,2784,8854,6593,7962,4511,5139,1904,7527,1313,4117,2746,2017,P.SANTO,Bélgica
5408,7332,5639,9683,4154,6234,532,8494,2978,5630,4075,9692,2017,P.SANTO,Luxemburgo
214,2,66,4292,4877,8967,9831,8000,4468,6536,8433,5765,2017,P.SANTO,Arábia Saudita
7990,9020,1438,2087,2894,611,1836,9250,7278,5658,2423,5052,2017,P.SANTO,Marrocos
4251,5398,619,5917,508,4620,9486,6286,4975,1555,1423,1438,2017,P.SANTO,Cabo Verde
4077,7228,8420,3906,8091,7884,3442,1309,8874,3720,7687,7478,2017,PICO,Portugal
4788,399,8602,8774,9425,5441,8215,325,434,3830,6257,7857,2017,PORTIMÃO,Portugal
2414,3340,6771,6984,7690,4803,1402,2187,2089,3177,6152,1698,2017,PORTO,França
4559,5945,2116,8292,1962,4657,438,9893,1670,3618,4165,4403,2017,PORTO,Portugal
9500,7176,8291,3616,3330,9644,239,4178,9077,8110,4140,1573,2017,PORTO,Espanha
2231,746,3063,4594,1720,857,6051,3837,2221,1083,7972,4133,2017,PORTO,Alemanha
1610,5816,8014,5373,4874,4763,3558,2527,8105,1138,7735,379,2017,PORTO,Inglaterra
4221,5715,3114,3407,2385,1864,2293,6131,8439,5798,2951,6419,2017,PORTO,Suiça
24,4862,2901,8061,4530,8345,3522,348,3099,6602,3218,1801,2017,PORTO,Bélgica
3011,4111,4799,5463,5238,2898,2986,2933,1086,7750,6943,764,2017,PORTO,Holanda
9530,3916,8279,424,9957,4176,3801,9096,7323,5088,9701,7481,2017,PORTO,Itália
3479,8399,5876,7016,6577,4689,8906,1166,9221,5350,3049,5183,2017,PORTO,Luxemburgo
8372,4487,4509,3459,5211,946,3983,5216,5546,42,8375,9673,2017,PORTO,Brasil
1718,9313,6565,8210,4390,6371,9426,1015,9118,4732,7841,5727,2017,PORTO,Polónia
7146,4826,3794,9254,4575,3420,7955,756,571,4993,7318,1699,2017,PORTO,Angola
2889,6485,3025,530,8826,1380,5116,9266,3387,3053,3850,2956,2017,PORTO,Turquia
8927,8533,7816,1660,998,5542,4121,6346,3537,9479,7499,3092,2017,PORTO,Irlanda
8835,2595,7877,5560,1853,5550,3472,9629,9127,6398,3095,2970,2017,PORTO,Canadá
6970,2106,6751,3374,1456,1572,835,5450,6957,5269,434,3344,2017,PORTO,Estados Unidos da América
3838,6492,6018,7807,5656,3951,6790,6772,6037,67,6414,7044,2017,PORTO,Marrocos
1771,9006,3292,6344,5442,2547,1140,2513,7512,3078,8789,7790,2017,PORTO,Hungria
1937,2353,4654,5794,4087,5355,7283,843,5605,55,27,4861,2017,PORTO,Dinamarca
6865,5736,5670,3563,3998,7827,5512,4371,1873,413,1000,5791,2017,PORTO,Cabo Verde
3971,7733,8461,7693,6387,2951,6944,650,512,1673,5052,4685,2017,PORTO,Austria
9779,5579,2835,1840,7092,1505,7038,4499,6007,4851,286,2355,2017,PORTO,Rep. Checa
5284,6583,5116,1114,266,8910,5254,19,585,7617,7860,7492,2017,PORTO,Israel
3614,8129,6734,534,7545,773,1277,2226,4883,6679,4928,8091,2017,PORTO,Tunísia
8482,8090,3716,2060,102,8041,6251,7332,8671,872,7536,9640,2017,PORTO,Eslováquia
6889,1973,1997,7414,2911,2854,1849,4752,444,7781,9070,1035,2017,PORTO,Malta
4815,7101,9456,3964,749,8685,2119,258,6634,7818,3355,9395,2017,PORTO,Lituânia
7554,1874,5143,6970,737,281,5453,9591,2012,8878,1272,5877,2017,PORTO,Letónia
196,7493,1757,9932,7401,9222,3227,3464,8706,935,4437,4503,2017,PORTO,Islândia
84,5553,4677,9993,2852,6687,574,6430,9688,2478,5150,15,2017,PORTO,Bulgária
4970,1422,6835,6099,6252,7137,6725,7707,6364,3490,1345,6914,2017,PORTO,Suécia
4961,3899,532,4598,3710,3931,3686,2392,429,8149,6141,3756,2017,PORTO,Argélia
2896,7267,7893,5674,5941,6329,6280,4443,8706,2519,675,1299,2017,PORTO,Croácia
3621,322,6817,8320,6671,8017,2389,6564,8671,454,8112,3966,2017,PORTO,Gambia
685,6582,3716,6880,7976,9173,4941,6132,5357,7181,1807,6097,2017,PORTO,Finlândia
9011,6875,2958,7254,7516,3900,5586,6636,4832,975,1761,8249,2017,PORTO,Ilhas Faroé
7707,2049,9042,5546,4383,2982,3556,8112,6004,9395,5201,4781,2017,PORTO,Líbano
2369,9429,7349,8708,5368,2382,7805,2575,3066,3490,9274,7577,2017,PORTO,Noruega
6423,3864,2988,9367,1219,4660,530,8496,9621,7740,3058,3513,2017,PORTO,Eslovénia
1406,9919,289,5981,8686,363,4589,352,3331,3017,3728,8427,2017,PORTO,México
2653,4335,3132,7482,3581,8497,2190,44,2282,2711,9558,4976,2017,PORTO,Roménia
8893,6906,9913,1473,1258,65,8658,2118,8778,1595,6435,4424,2017,PORTO,Grécia
4074,2733,9151,9974,9045,3367,5088,53,5750,9163,8241,1034,2017,PORTO,Africa do Sul
8640,2892,1972,158,3743,2528,5140,9256,6195,752,773,1341,2017,PORTO,Venezuela
3848,2746,2983,8690,6390,2316,2239,162,2690,5948,6828,4617,2017,PORTO,Etiópia
4423,5294,4659,4628,8822,3438,106,3721,8262,7236,5903,410,2017,PORTO,Rússia
2223,7019,7059,554,9617,7217,42,2638,390,921,5679,6886,2017,PORTO,Moldávia
3281,4741,5216,7,2687,686,7011,6136,5572,8036,6448,8142,2017,PORTO,República Dominicana
8128,3087,8313,9249,7279,7144,7666,7651,8738,4317,6655,388,2017,PORTO,Desconhecido N/Schen
845,3001,2507,2364,8479,3050,7267,6095,9035,3125,2926,2578,2017,S.JORGE,Portugal
2446,1650,1466,8790,725,2293,3346,3697,2185,4695,3853,1662,2017,S.JORGE,Dinamarca
9409,8333,3702,1875,4497,2087,9270,2870,7399,7521,3047,451,2017,S.MARIA,Portugal
6508,1580,5133,6850,7076,1047,1036,5847,2871,3547,7519,2965,2017,S.MARIA,Rep. Checa
4535,91,9768,9364,4808,372,837,7834,9619,4619,6615,2820,2017,S.MARIA,Cuba
947,7989,8875,7961,1567,9328,465,5234,5102,6362,9026,8240,2017,S.MARIA,Espanha
2582,5796,3735,3547,9874,7982,9362,5497,3491,2691,5341,2475,2017,S.MARIA,Alemanha
3346,2087,4945,1439,7858,9467,8734,9794,8828,5630,3056,4260,2017,S.MARIA,República Dominicana
4169,9407,3872,9551,3574,3853,792,9023,5631,7947,4949,5614,2017,S.MARIA,Bermuda
9164,3254,3376,6214,5723,6622,7889,4929,8258,612,5526,397,2017,S.MARIA,Inglaterra
4271,3168,7890,9159,8977,4901,4203,4147,9094,9915,8535,6653,2017,S.MARIA,Estados Unidos da América
3066,4703,6175,3853,5303,3961,4319,348,9869,4431,9178,2700,2017,S.MARIA,França
7623,9484,5657,6955,1057,2521,8456,7133,103,2889,34,6984,2017,S.MARIA,Canadá
4308,9638,1843,4783,1768,4762,2033,6813,2268,2230,7941,5982,2017,S.MARIA,Venezuela
8243,2346,8568,3183,7111,1996,8343,4607,5669,7880,2353,9988,2017,S.MARIA,Itália
6739,2858,2248,4964,767,1408,8040,9658,9538,8111,7189,7166,2017,S.MARIA,Suiça
8539,3891,7743,3880,348,3696,3501,557,5906,5154,8010,5772,2017,S.MARIA,Antilhas Holandesas
438,5910,9951,9636,1764,9818,7047,8455,5227,8434,8215,8468,2017,S.MARIA,Marrocos
201,1848,9888,9933,2033,183,6180,522,6698,9866,7987,1783,2017,S.MARIA,Austria
4099,7647,1450,4553,9000,1850,3827,2378,5826,3065,9954,7872,2017,S.MARIA,Antígua e Barbuda
4509,2990,8407,5888,3251,1130,2774,7517,1708,6795,8769,4733,2017,S.MARIA,Colombia
5652,5174,2960,3496,5482,6217,2925,1025,6662,4765,763,6387,2017,S.MARIA,Nigéria
5028,4153,6582,6764,6924,5354,3651,3898,2201,2027,812,3311,2017,S.MARIA,Holanda
1245,4745,4083,874,4424,3108,5063,3004,3571,791,1922,3317,2017,S.MARIA,Barbados
8552,2975,5229,8468,1012,7500,1749,2103,9540,7611,423,5996,2017,S.MARIA,Turquia
8802,5550,6208,6251,2869,4098,1031,7734,6766,5305,717,9097,2017,S.MARIA,Grécia
3655,9044,3084,188,7012,3728,6250,6328,284,2363,4092,8834,2017,S.MARIA,Bélgica
7982,6749,5448,1101,9459,8795,6809,8006,9101,1738,7779,1642,2017,S.MARIA,Burkina Faso
4596,9080,8491,6532,7133,2383,6388,2634,4367,3427,7571,5998,2017,S.MARIA,Rússia
3325,3662,9271,1128,4391,3001,7058,3295,7613,8690,800,1422,2017,S.MARIA,Malta
848,4324,6880,5298,6146,3987,9379,5922,5841,9757,8676,3475,2017,S.MARIA,Porto Rico
5196,1943,1414,6497,296,7299,1832,7860,9207,2393,2299,7602,2017,S.MARIA,Bahamas
7329,1707,9857,8907,4643,8258,7503,6694,7425,7839,5708,2096,2017,S.MARIA,Ilhas Virgens UK
8136,7423,8025,6957,6122,675,3202,4877,5515,5347,3920,8157,2017,S.MARIA,Israel
6178,8611,1053,4695,4799,833,4255,4225,7987,8636,204,8291,2017,S.MARIA,Eslováquia
5874,7694,4085,739,3810,8740,5225,1986,8542,2951,7730,6514,2017,S.MARIA,Martinica
7676,6245,5287,6052,3473,9685,6379,5308,6408,1061,3531,6775,2017,S.MARIA,Granada
4006,3114,2409,9241,8093,8648,4850,1848,3659,398,2446,1764,2017,S.MARIA,Ucrânia
8184,1049,4578,6281,4306,8508,9465,6391,4713,1759,2600,4286,2017,S.MARIA,Bulgária
2966,796,7459,6969,8126,5812,8200,778,5258,2604,1118,2521,2017,S.MARIA,Ilhas Virgens USA
3523,5968,7934,3493,4483,3140,5659,9233,45,5134,1341,3154,2017,S.MARIA,México
5713,2212,8899,4138,5649,7034,581,523,2496,9406,8153,6126,2017,S.MARIA,Argélia
1060,2463,7300,8826,6247,8462,4735,883,5395,6740,4167,7217,2017,S.MARIA,Mauritânia
9511,6087,8506,3300,5180,2156,5069,2656,8068,7816,3641,9070,2017,S.MARIA,Turcos e Caicos
6156,65,9536,9493,1521,442,9590,757,3265,1572,5790,658,2017,S.MARIA,Croácia
3032,1484,1443,6634,4263,7903,9983,2115,3385,6411,9985,1213,2017,S.MARIA,Chipre
2083,5060,659,160,1362,9723,2946,9646,9470,1169,4794,6890,2017,S.MARIA,Montenegro
5751,5486,1716,896,5994,4249,1239,6601,944,3282,4209,4288,2017,S.MARIA,Suécia
3491,6840,2338,1533,1301,4555,5856,2345,3565,4625,8590,6406,2017,S.MARIA,Guiné Equatorial
7391,5172,5826,6627,4118,318,6950,717,2878,7316,1708,1315,2017,S.MARIA,Guadalupe
7744,2193,9746,5933,9829,4974,8777,9319,1381,7568,7598,4766,2017,S.MARIA,Haiti
2555,8943,8910,1924,3398,3522,910,6125,436,1057,7837,3253,2017,S.MARIA,Cabo Verde
8711,2773,9325,5742,1890,5836,5238,5918,496,2961,9576,2153,2017,S.MARIA,Aruba
8953,5105,9585,217,3874,9510,4589,9895,726,3208,2433,1585,2017,S.MARIA,São Cristovão e Nevis
4766,5837,1776,2071,9196,6121,9312,821,8636,8328,4895,2209,2017,S.MARIA,Anguilla
7983,9310,1220,1263,8621,3167,6362,2588,766,4460,8437,583,2017,S.MARIA,Congo
5915,7899,8631,5289,8632,8792,7938,4819,472,7604,7522,4121,2017,S.MARIA,Senegal
2697,5084,7653,8445,3371,9728,1415,3380,5501,3947,4871,7374,2017,VILA REAL,Portugal
8739,6673,2478,4179,3579,8334,5698,5225,6736,1166,7085,8955,2017,VISEU,Portugal
9389,5490,3678,3497,1264,1879,6346,9316,5342,3024,7048,8722,2018,BEJA,Espanha
2504,4785,9857,4936,2272,3246,6368,4201,7037,8833,8609,2103,2018,BEJA,Marrocos
9755,2683,1612,2527,8242,1674,7899,5302,5092,8550,5282,2067,2018,BEJA,França
1679,3689,7905,8293,8057,7885,1112,3304,2281,5310,3397,7041,2018,BEJA,Tunísia
9428,7601,5873,6659,5147,4056,4256,6319,2303,4466,6622,5723,2018,BEJA,Inglaterra
865,6096,9877,4464,8258,2902,6300,1273,1099,1885,4454,280,2018,BEJA,Portugal
9289,9867,9316,8312,893,6065,280,4283,3861,5224,2151,7575,2018,BEJA,Holanda
7271,3760,6381,8898,3980,7462,2217,6307,6526,2582,1189,5468,2018,BEJA,Bélgica
5076,5378,12,152,81,4750,2162,6120,4387,7634,4291,1585,2018,BEJA,Dinamarca
4049,7359,6130,1457,1406,5063,5686,1681,9618,8146,9921,1286,2018,BEJA,Ilhas Faroé
6998,8288,48,9723,9801,878,9251,997,8867,1511,4741,3525,2018,BEJA,Suiça
9076,9170,3343,4711,3977,5541,4577,8709,1450,4059,68,8411,2018,BEJA,Desconhecido
3818,3068,163,8737,7686,6210,5803,5467,3323,271,3646,4972,2018,BEJA,Estados Unidos da América
1888,1806,2001,8372,9016,1586,4128,3071,1717,6765,4238,2254,2018,BEJA,Alemanha
206,406,9139,7977,7391,2944,4893,6696,1144,989,8893,1405,2018,BEJA,Itália
772,1559,2803,4446,5099,7873,5838,4974,7294,9927,1357,3406,2018,BEJA,Irlanda
7728,2560,1995,219,4584,148,2796,9042,4627,306,2840,3553,2018,BEJA,Costa do Marfim
997,5699,2637,8387,1667,5542,8853,6977,9075,1038,794,4596,2018,BEJA,Venezuela
8422,6899,8893,1160,7094,9697,8515,6303,5632,9561,2885,9579,2018,BEJA,Cabo Verde
9458,3717,7855,5457,2334,4852,4553,7049,9055,970,9672,7686,2018,BEJA,Suécia
5247,685,3641,932,3087,8125,5080,71,2425,1166,783,976,2018,BEJA,Austria
9293,3852,972,9353,4305,7930,3316,730,444,617,9578,6436,2018,BRAGANÇA,Portugal
9014,3341,2110,6549,8560,5660,3488,1811,5131,3718,1118,4127,2018,CASCAIS,Portugal
4582,8897,4032,9006,798,2248,2583,4253,9986,5494,7040,4648,2018,CASCAIS,Espanha
2713,3587,3999,5602,2783,2698,4125,6886,2962,7959,7438,8414,2018,CASCAIS,França
595,576,6033,8826,4346,603,9220,9896,5365,6317,8086,7298,2018,CASCAIS,Inglaterra
7204,9967,3701,7725,4771,6615,7356,660,2027,292,7575,9715,2018,CASCAIS,Itália
8020,9983,3071,9421,4847,4948,8416,5130,1606,2077,9364,4408,2018,CASCAIS,Suiça
1100,1711,6748,251,2182,9852,3476,5483,5019,3401,4784,3206,2018,CASCAIS,Alemanha
6085,6115,2613,4225,1072,8228,2344,8873,6135,6066,5523,5389,2018,CASCAIS,Estados Unidos da América
4139,3720,3755,1236,4312,2395,9716,8432,4741,2939,367,4022,2018,CASCAIS,Marrocos
7289,477,4085,3620,1641,2755,4130,1520,8031,5732,2774,3444,2018,CASCAIS,Angola
3008,8645,6331,8507,8790,9819,7555,8392,5964,9047,7076,1205,2018,CASCAIS,Brasil
7363,4491,4606,3317,7980,8608,3190,7268,7409,8095,9826,1040,2018,CASCAIS,Grécia
9037,8384,8740,4851,80,1374,728,2094,4670,3699,1068,2487,2018,CASCAIS,Luxemburgo
3528,8823,7797,5654,884,7914,9346,1925,7103,7646,5565,6986,2018,CASCAIS,Polónia
5506,6755,6055,5910,3852,3462,4191,3152,3244,6249,5907,8548,2018,CASCAIS,Malta
279,6536,2047,6359,5187,3822,4339,1504,5304,6704,8645,3755,2018,CASCAIS,Austria
8360,2569,5174,5620,67,5679,3493,4378,790,8396,480,3850,2018,CASCAIS,Holanda
8533,3459,2911,6658,7637,8516,6407,1168,294,1176,9028,7175,2018,CASCAIS,Cabo Verde
375,2046,3379,5451,2352,5017,7415,8795,6902,3874,9594,130,2018,CASCAIS,Cuba
3146,7168,6777,1889,6762,2810,8330,5617,3388,9940,1105,5930,2018,CASCAIS,Dinamarca
6782,7943,2897,2583,4579,6615,300,2606,8017,6616,6887,7348,2018,CASCAIS,Irlanda
7379,4643,9360,64,4593,6063,9002,5225,8326,8030,2131,4459,2018,CASCAIS,Suécia
2255,5846,9362,5305,2457,885,9673,2339,3328,5229,2602,113,2018,CASCAIS,Croácia
579,4354,9466,6217,4871,6624,8127,9596,4960,8120,7893,5769,2018,CASCAIS,Hungria
56,6397,479,5268,1200,7816,9072,2436,2363,6041,3449,5384,2018,CASCAIS,Bélgica
3002,512,4225,5368,6408,2284,3833,9764,9449,9872,8893,7162,2018,CASCAIS,Rússia
8857,2251,4310,8412,1065,1434,6495,4133,6462,1588,3794,3389,2018,CASCAIS,Gibraltar
8254,1596,9262,2505,6699,7760,4117,8817,5607,977,4823,2788,2018,CASCAIS,Rep. Checa
4057,2634,242,8023,934,4743,195,9526,8364,4924,8470,8367,2018,CASCAIS,Emiratos Árabes
1384,6417,5292,1068,4027,8236,8980,6051,3582,9519,3053,8910,2018,CASCAIS,Azerbaijão
7315,3866,9526,7354,9410,7228,156,5980,252,290,2208,9127,2018,CASCAIS,Chipre
1023,3406,2218,4667,4697,7061,8078,8767,8843,5578,2250,1980,2018,CASCAIS,Israel
3078,4514,874,1698,3605,3542,1189,135,6946,8079,4340,5855,2018,CASCAIS,Argélia
5225,8095,7123,110,9748,3408,4099,1294,6829,4213,5650,9619,2018,CASCAIS,Islândia
4119,3281,7486,6132,2175,6300,8541,3667,3291,4710,7392,5641,2018,CASCAIS,Senegal
4559,1578,1047,5339,9975,1705,7789,9811,4550,8786,6151,9470,2018,CASCAIS,México
3325,3408,1931,1960,1740,6802,1392,8660,7403,714,1145,5758,2018,CASCAIS,Finlândia
5286,2149,7341,9751,4460,1453,4539,9325,4977,7555,2096,2447,2018,CASCAIS,Bermuda
1711,6633,3392,5206,9877,3116,8760,883,5488,7057,254,3005,2018,CASCAIS,Turquia
2809,1106,5052,3369,2294,3044,7953,486,2526,5185,9771,2923,2018,CASCAIS,Canadá
3929,1837,1944,1287,718,4440,573,4584,3636,6239,2956,2010,2018,CASCAIS,Tailândia
9282,1080,9538,1315,6533,6896,9217,3574,5261,2397,5935,4500,2018,CORVO,Portugal
263,2776,4506,6417,4027,8698,3781,2099,7093,6693,8606,9401,2018,FARO,Inglaterra
7110,2315,828,5360,6550,8788,592,5649,9383,1404,2274,3089,2018,FARO,Alemanha
9347,1074,1304,2571,7914,7904,8356,9147,3906,2558,5262,9196,2018,FARO,Irlanda
3242,1921,788,9820,4587,9839,5662,8842,4018,1942,6624,5408,2018,FARO,França
3074,9940,8239,892,558,2804,5927,4977,8741,849,7955,197,2018,FARO,Holanda
9600,1342,3192,811,6786,9626,9345,6064,2301,5443,3569,8278,2018,FARO,Portugal
5436,7201,4735,6795,8621,8237,3098,2691,3379,5125,2066,540,2018,FARO,Bélgica
7193,2925,9415,8304,6612,6175,9931,9574,4735,2733,9895,3991,2018,FARO,Polónia
5315,4122,9909,7770,2982,8826,1539,6569,8729,490,7202,4589,2018,FARO,Espanha
7422,7078,5351,2603,856,6494,8184,8797,9207,7700,6299,2979,2018,FARO,Suiça
7581,1990,2322,3860,77,1898,1206,3068,1670,4165,6759,2165,2018,FARO,Suécia
7611,9909,2918,5611,3842,5805,8607,9852,9546,4364,8635,4119,2018,FARO,Dinamarca
2505,2898,7319,6011,2471,7951,5579,9878,4915,5,1124,6965,2018,FARO,Noruega
2933,6291,2424,4467,5035,6374,2365,535,762,3784,351,8827,2018,FARO,Itália
6252,8660,4205,3210,97,4993,159,2514,5882,3658,2797,2062,2018,FARO,Luxemburgo
3888,4442,8535,6686,3589,2046,3682,9381,2794,441,45,4727,2018,FARO,Austria
7189,9568,544,7437,9311,2724,8419,5379,5003,9199,1458,7139,2018,FARO,Hungria
4109,4362,7007,5144,3939,1389,335,7645,1593,1574,5517,8353,2018,FARO,Rep. Checa
2435,3681,3497,4832,4318,4846,6743,4317,7618,6188,4338,4661,2018,FARO,Finlândia
9833,5695,8546,2366,5286,7734,5723,9451,1423,8992,9127,6940,2018,FARO,Canadá
7905,7897,5837,2955,9304,3900,1078,3445,6420,798,8869,7350,2018,FARO,Lituânia
3114,5427,861,8753,720,1909,4858,3330,3539,4644,2530,4153,2018,FARO,Islândia
6842,4275,1934,9792,2481,7074,362,9098,7060,3524,5762,8868,2018,FARO,Estónia
7274,1227,6240,3348,777,107,7525,7239,5757,941,6328,670,2018,FARO,Brasil
9883,3860,1492,4298,530,6603,613,2555,7104,6691,9194,197,2018,FARO,Roménia
2899,5148,6315,3085,1528,5448,8016,4123,9288,218,4090,5932,2018,FARO,Cabo Verde
4955,8044,5737,4568,8172,70,8169,5977,6558,9004,4821,2688,2018,FARO,Antilhas Holandesas
4750,5579,8156,4426,7806,9163,5138,2337,9868,3606,9864,5123,2018,FARO,Grécia
3621,9236,522,6949,6389,4108,4663,5191,1410,682,9060,8211,2018,FARO,Marrocos
8032,9234,9070,2826,5800,3682,8220,557,5311,7614,1212,8598,2018,FARO,Senegal
5085,1252,536,6933,7394,1930,4693,3327,695,9097,4928,6271,2018,FARO,Gambia
4874,6227,3380,7911,648,710,2000,7283,1235,787,5844,6650,2018,FARO,Rússia
8604,1085,8186,9234,3579,4539,6912,303,2436,5295,3008,5109,2018,FARO,Guiana Francesa
4201,4726,4887,911,5649,6568,9626,9179,5417,557,5771,7545,2018,FARO,Israel
816,1907,9792,2267,7711,3131,871,3236,5463,6016,4425,4628,2018,FARO,Estados Unidos da América
8118,5705,3265,1320,5258,8982,2215,9432,997,2888,9817,4144,2018,FARO,Croácia
4676,4212,6276,8994,2266,4073,108,4284,9887,8660,6605,4256,2018,FARO,Emiratos Árabes
8490,4506,5484,2802,4812,7797,5020,5662,2339,8812,8891,4009,2018,FARO,Turquia
9109,5774,5969,949,7985,2813,4014,4412,7616,7243,7292,3743,2018,FARO,Venezuela
7324,7103,2281,937,7735,7710,1045,2286,5455,6584,2816,6214,2018,FARO,Bulgária
1029,4469,9764,5259,1137,7078,9925,8316,6617,3370,5669,2016,2018,FARO,Chipre
1358,4320,3068,8823,9528,1176,7809,8556,2830,8060,7414,1470,2018,FARO,Barbados
5471,3284,535,1279,9353,3002,2666,8979,958,1462,891,5847,2018,FARO,Ilhas Caimão
9460,5813,2382,5167,8674,9547,2205,6440,4881,3546,2074,858,2018,FARO,Malta
6672,4322,5888,3096,3368,3207,6901,2392,9585,2217,5120,521,2018,FARO,Nigéria
9070,6359,1656,33,137,9893,3044,7197,8462,3697,6624,5085,2018,FARO,Uganda
9025,2585,8646,4626,1009,6445,6831,883,1987,4534,3399,5011,2018,FARO,Ruanda
4784,5650,8494,3077,9570,8363,8563,2893,2651,9896,7855,8623,2018,FARO,India
7652,4805,5381,7422,2956,1233,3525,4116,864,7981,3619,5239,2018,FARO,Angola
8857,5289,7469,8886,1563,5929,899,5035,5978,7012,6017,5355,2018,FARO,Líbano
6050,7474,1892,7171,3192,3099,2794,6381,5859,6621,1938,2727,2018,FARO,Argentina
4214,7907,2957,651,7937,6535,3467,5432,7624,2088,6245,2926,2018,FARO,Letónia
4867,7203,7743,1729,6643,7089,7919,7085,303,2758,5789,1531,2018,FARO,Níger
4916,141,2547,5130,7602,5261,2557,9137,6713,8648,5002,8724,2018,FARO,Desconhecido N/Schen
5745,164,5103,3859,1991,4809,8879,2527,1470,4805,3581,4821,2018,FARO,Gibraltar
2908,6395,9458,2450,6921,7879,7675,3633,4529,3958,2003,1758,2018,FLORES,Portugal
7184,7109,2924,2440,2031,4598,9431,6062,3048,833,5592,5626,2018,FUNCHAL,Portugal
1199,2316,2547,9100,619,5960,7751,3308,2555,8680,8759,5521,2018,FUNCHAL,Inglaterra
7353,5055,5495,2978,2302,9940,6805,4744,6748,3558,200,2274,2018,FUNCHAL,Alemanha
2368,9630,2031,293,1913,4734,8163,432,8447,6313,4835,4107,2018,FUNCHAL,França
5846,678,495,917,7676,6138,5449,6215,4945,9152,1466,7772,2018,FUNCHAL,Holanda
9497,6395,1073,3446,9567,1048,821,7188,4879,1816,2110,458,2018,FUNCHAL,Espanha
6137,8398,8543,5402,5645,1673,7526,4050,2439,7,9334,8908,2018,FUNCHAL,Polónia
8375,9159,7128,3169,8504,7074,4527,3745,9420,6517,3778,7639,2018,FUNCHAL,Dinamarca
8026,8525,2428,8942,5440,1899,8896,8288,7120,9160,3435,3293,2018,FUNCHAL,Finlândia
7136,4464,8553,8756,1190,6063,2637,5819,3404,843,1967,6118,2018,FUNCHAL,Bélgica
3611,2810,9797,6312,8650,1404,321,8409,943,6976,2204,6613,2018,FUNCHAL,Suécia
1957,6256,3063,6069,3612,4650,9503,2888,7709,7717,8647,3140,2018,FUNCHAL,Suiça
8109,8500,1160,5596,7216,4897,1348,6816,4268,886,6593,409,2018,FUNCHAL,Noruega
9395,6010,2325,8108,560,3916,2315,2932,7267,7633,7840,9688,2018,FUNCHAL,Rep. Checa
8014,4258,1693,3145,1495,6278,7638,3288,110,7102,1830,9254,2018,FUNCHAL,Austria
7396,9762,7769,8336,147,3538,9959,2567,8847,1792,5911,2477,2018,FUNCHAL,Luxemburgo
7907,8715,895,1822,1656,4747,137,1354,8491,4277,5833,9555,2018,FUNCHAL,Irlanda
9247,7738,1218,2387,1326,8514,7233,3607,3347,5724,1777,5098,2018,FUNCHAL,Letónia
3623,4564,3759,3646,2171,3364,5941,7539,3864,6637,598,6621,2018,FUNCHAL,Lituânia
842,3030,8660,1157,7452,7042,1736,3452,3423,9840,8107,1283,2018,FUNCHAL,Estónia
4152,4999,3640,279,1566,8319,912,7072,6531,554,5338,7033,2018,FUNCHAL,Bulgária
1683,4814,7342,2395,4430,7646,6742,6736,7310,7093,6734,5988,2018,FUNCHAL,Islândia
2619,8722,4856,1712,8178,7486,6220,3981,5155,6399,1954,9995,2018,FUNCHAL,Marrocos
7309,5189,5675,5911,6136,6839,7681,2900,1429,2500,3980,3394,2018,FUNCHAL,Desconhecido
1535,1800,8953,2178,9395,4159,2479,5703,8750,2340,7397,2246,2018,FUNCHAL,Brasil
8307,1706,5652,5982,2892,8342,606,1309,3275,53,9093,1552,2018,FUNCHAL,Venezuela
8990,7751,5326,4416,2690,3803,3800,4853,629,9873,4621,2971,2018,FUNCHAL,Cabo Verde
3090,64,6098,5172,1855,9298,2313,839,5480,5968,3149,6141,2018,FUNCHAL,Estados Unidos da América
3245,4924,6379,2195,8796,4168,1153,5092,1666,476,9049,4838,2018,FUNCHAL,Israel
6841,8772,781,3007,4723,4074,8650,3029,3603,5018,6972,1267,2018,FUNCHAL,Hungria
4279,3091,461,8482,9321,2006,7674,6256,600,5569,2956,8058,2018,FUNCHAL,Itália
9941,890,4514,7765,4512,2960,2908,4888,7655,3002,6258,1662,2018,FUNCHAL,Canadá
2083,8395,4259,2557,2787,8009,3012,8485,833,6967,5266,1869,2018,GRACIOSA,Portugal
3957,5357,5463,7285,3624,4675,5776,6518,3444,1024,8359,5432,2018,GRACIOSA,Dinamarca
9097,4864,4830,3140,2494,1199,8255,4479,2477,9738,32,446,2018,HORTA,Portugal
8617,2264,2649,4032,6894,5609,7331,5394,7297,4302,595,9004,2018,HORTA,Inglaterra
670,659,4560,8895,3428,6889,3478,8053,323,8561,6534,6332,2018,HORTA,Canadá
7405,4884,7365,9429,8173,9442,7709,3645,6393,7247,6972,5970,2018,HORTA,Bermuda
19,2719,4740,6944,4306,6433,6752,888,3779,6091,2016,4343,2018,HORTA,Estados Unidos da América
313,6009,1117,3326,763,3437,3110,8674,1997,9019,8809,6953,2018,LAJES,Portugal
6386,2356,4213,9806,4250,7834,8627,2314,854,2793,3055,9701,2018,LAJES,Estados Unidos da América
5959,4746,3270,4137,5488,2302,4498,4364,6492,9976,5555,2341,2018,LAJES,Espanha
6979,6902,3798,2506,8770,3399,2287,1668,4329,5061,3256,2502,2018,LAJES,Holanda
2215,3273,7495,7347,2960,4133,1719,8629,7357,540,8535,679,2018,LAJES,Canadá
3846,4444,9374,704,81,6159,9409,5493,9678,5866,2508,7683,2018,LAJES,França
8346,2745,6506,5155,7514,1693,7763,4444,24,4665,5580,872,2018,LAJES,República Dominicana
4674,3094,9642,4874,4984,966,8315,7785,6360,6708,4735,5063,2018,LAJES,Marrocos
667,4357,7419,8942,6516,6843,711,8311,1020,4407,7239,1014,2018,LAJES,Martinica
3688,3424,2957,3717,9684,6639,3950,6965,203,2880,678,1283,2018,LAJES,Inglaterra
8398,3269,5897,2458,6160,3690,2997,2154,8303,6317,3455,9099,2018,LAJES,Cuba
3090,9143,206,5409,8843,545,6502,3577,2999,3335,1023,9057,2018,LAJES,Barbados
2139,9866,8783,9385,251,5916,6188,9131,5258,4356,6836,7735,2018,LAJES,Jamaica
1558,7056,9700,5708,2252,66,6979,7894,725,9091,3908,1063,2018,LAJES,Colombia
4084,7567,6776,9073,689,2885,6341,1471,3263,2077,3016,5457,2018,LAJES,Turquia
7225,9901,1365,1609,7731,8547,3796,7399,5067,9255,2121,5661,2018,LAJES,Bélgica
2941,9149,5495,4684,2745,5272,3952,8605,7659,4059,7657,6508,2018,LAJES,Bahamas
1381,2410,6109,7638,2754,7209,811,4650,1429,6985,3300,5708,2018,LAJES,Eslováquia
2331,8893,857,9921,7492,1020,6831,9305,7144,7671,2556,808,2018,LAJES,Turcos e Caicos
6189,4525,6716,5100,9461,6153,9152,2330,7499,2658,7599,8775,2018,LAJES,Suiça
629,4531,6574,2268,3644,3780,2510,8241,5758,2083,1268,3078,2018,LAJES,Bermuda
6939,6090,5294,6655,6168,8929,777,3113,1246,7775,9465,864,2018,LAJES,Rússia
2940,8838,60,85,5379,94,7179,7063,8658,8132,9624,3948,2018,LAJES,Gana
5653,2169,3956,7163,427,7570,1052,7408,6372,5789,7420,4438,2018,LISBOA,França
2841,2865,1544,8376,740,6494,9802,1767,6353,8058,6464,8784,2018,LISBOA,Portugal
188,1164,1681,6759,1957,8358,8084,9085,8642,1408,8627,6641,2018,LISBOA,Espanha
6134,1899,1214,4380,7632,4004,7173,2741,5429,3966,5629,1437,2018,LISBOA,Alemanha
3073,7093,2254,4297,5276,4300,2146,3760,9264,1483,413,6077,2018,LISBOA,Inglaterra
188,8393,2052,2336,6829,7747,141,7575,475,5332,526,558,2018,LISBOA,Brasil
8229,2466,6091,2308,7643,4296,9805,313,7614,7482,1841,7504,2018,LISBOA,Itália
6851,7050,2624,9076,6759,8285,3763,258,4308,2317,8100,5346,2018,LISBOA,Suiça
421,5565,6350,1959,9338,2757,3380,1784,454,5589,3403,6308,2018,LISBOA,Holanda
4412,8485,5230,7450,3487,9543,6957,3933,7065,249,2283,7583,2018,LISBOA,Estados Unidos da América
7489,8241,9690,5128,6598,3321,3723,3225,2102,6739,4105,58,2018,LISBOA,Bélgica
5646,2219,3940,3022,7583,8195,8049,4035,4689,9613,5126,4844,2018,LISBOA,Angola
3709,2387,8699,1137,5961,8797,1792,9864,8773,267,3811,7305,2018,LISBOA,Cabo Verde
7408,3772,6092,4029,7134,5360,7637,1062,6474,6897,3048,2353,2018,LISBOA,Marrocos
7915,3535,6978,3586,5487,8685,4891,7159,5489,738,2693,9656,2018,LISBOA,Canadá
7577,5597,2672,4078,8624,1875,2990,1066,1557,8357,1316,6348,2018,LISBOA,Emiratos Árabes
818,7102,9785,774,1675,9175,5138,8543,1401,8422,765,6527,2018,LISBOA,Irlanda
7339,231,745,880,650,1940,406,2586,8267,9072,6799,6475,2018,LISBOA,Polónia
7411,6731,7926,4283,5329,2605,5299,2468,4329,882,6115,5649,2018,LISBOA,Luxemburgo
1280,7445,4676,2200,7199,5368,6885,4224,651,2675,9426,7646,2018,LISBOA,Austria
2407,5946,2823,749,462,1371,5610,9059,1152,7123,1764,4801,2018,LISBOA,Turquia
4215,2954,5947,185,7008,2167,6930,8028,1583,627,6539,0,2018,LISBOA,Dinamarca
5314,5271,1798,2893,6187,9640,1517,3306,1356,3101,1127,871,2018,LISBOA,Suécia
6382,3464,2747,4275,4111,2034,4205,2888,4962,3734,9078,2173,2018,LISBOA,Rússia
1934,8930,5616,8949,7396,5082,5824,3007,8293,8456,9219,9893,2018,LISBOA,Hungria
7332,3886,552,7635,2452,1864,4798,7646,1582,3568,2381,7636,2018,LISBOA,Rep. Checa
9589,8345,1564,8768,8086,8046,1994,2375,6519,8243,7397,8642,2018,LISBOA,Roménia
2032,4029,3426,7659,1917,4780,1453,7230,8562,7391,2436,4127,2018,LISBOA,Senegal
4235,277,9698,858,6891,803,2059,273,7219,1958,2587,3868,2018,LISBOA,Finlândia
2959,4550,9605,6799,5848,5861,8253,3125,1334,9583,5569,2690,2018,LISBOA,Noruega
3741,8840,8156,9357,2169,3216,3493,4579,5928,769,1520,907,2018,LISBOA,Grécia
3826,6827,2562,2968,4911,69,9139,228,8363,8519,3393,1065,2018,LISBOA,Moçambique
2175,3527,106,931,7726,4464,579,8811,7612,7524,1777,656,2018,LISBOA,República Dominicana
2377,7691,8452,9604,2735,5333,3767,4615,9057,8646,9787,2190,2018,LISBOA,Israel
4605,1005,7550,1592,6439,5366,9864,9671,3948,7586,5711,6525,2018,LISBOA,Venezuela
6229,361,1739,9372,3993,3131,4078,9750,44,1185,5722,5491,2018,LISBOA,S.Tomé e Príncipe
727,1401,4561,7141,7863,7149,5132,4598,8979,4251,4110,1963,2018,LISBOA,China
9494,9487,7702,440,8854,8037,4669,1352,1246,5019,6847,214,2018,LISBOA,Gana
9843,543,9201,8015,6822,8883,848,7893,7643,7032,6801,5669,2018,LISBOA,Costa do Marfim
7944,4604,5689,7503,7213,443,3398,554,2563,6503,748,8292,2018,LISBOA,México
4259,7575,612,1176,2719,6639,4992,6100,9391,5589,4874,9417,2018,LISBOA,Tunísia
8021,5722,6897,5305,984,2519,455,3571,5977,5575,6431,8242,2018,LISBOA,Bulgária
5607,5589,864,678,6636,96,3785,1822,1257,3885,8681,4927,2018,LISBOA,Moldávia
2660,4086,569,1558,8724,7885,2491,2250,1803,7024,1797,6579,2018,LISBOA,Croácia
2601,4308,7249,5816,2999,1897,551,9882,2126,3715,5662,2587,2018,LISBOA,Malta
9462,8898,7342,6132,4370,9646,9767,3376,8375,2053,1071,7194,2018,LISBOA,Argélia
4794,6184,3503,1587,9832,9323,8707,3529,4891,7993,5731,6994,2018,LISBOA,Letónia
5801,138,9702,7091,4781,3315,3560,7310,7028,5019,5443,4065,2018,LISBOA,Ucrânia
2620,7481,6732,6193,9411,5664,5609,5676,520,2364,1573,6147,2018,LISBOA,Cuba
6427,5113,6348,8469,8675,9225,1699,7763,9871,9571,5905,3095,2018,LISBOA,Togo
7590,9184,6198,8055,6113,1697,2985,7367,3353,2918,3838,73,2018,LISBOA,Jamaica
5496,5800,9376,2582,3647,7665,194,3543,2750,8200,4307,706,2018,LISBOA,Islândia
1676,9938,5116,345,2917,9567,6373,953,9817,1078,807,9708,2018,LISBOA,Ilhas Faroé
4712,6525,9140,5404,9621,332,2243,1331,4098,5643,1254,6610,2018,LISBOA,Colombia
2882,8715,5058,5516,5534,4616,4322,9486,6646,4650,1594,6002,2018,LISBOA,Costa Rica
9554,4127,1490,306,8520,4344,9606,7972,7497,7906,7479,9430,2018,LISBOA,Peru
522,4204,6383,9788,5497,3330,4194,648,4990,4570,572,1543,2018,LISBOA,Japão
6720,8993,3064,3650,7699,9472,187,7402,4619,8302,3990,169,2018,LISBOA,Líbano
5622,3547,878,5336,8174,2883,3063,513,1791,862,9504,8648,2018,LISBOA,Azerbaijão
9139,9029,9718,7179,3839,5451,2188,6269,9206,6765,8794,9934,2018,LISBOA,Cazaquistão
6906,6993,1479,941,3151,9356,2821,4636,2324,2266,3721,2073,2018,LISBOA,Rep. Centro Africana
3019,6625,3222,5822,9295,503,5832,3600,2818,7384,2815,116,2018,LISBOA,Ruanda
4611,8370,6931,7431,3356,6666,6868,9809,3695,1456,1001,678,2018,LISBOA,Estónia
7829,9292,6965,2510,4646,2292,3515,8119,4060,5613,297,4513,2018,LISBOA,Arábia Saudita
6939,4443,6663,6563,9650,1932,6389,8665,1422,6171,8238,947,2018,LISBOA,Egipto
2425,3151,7893,3008,6578,9374,1866,4598,7624,3332,1287,8781,2018,LISBOA,Africa do Sul
5396,6752,1130,2465,4910,3865,4973,3884,2125,731,7079,9108,2018,LISBOA,Eslovénia
8211,9987,3630,9978,7759,4826,6773,5038,9654,858,9837,4030,2018,LISBOA,Jordânia
5670,5508,6124,9345,8237,6508,7235,190,5827,776,5839,9207,2018,LISBOA,Congo
4321,1456,3761,8370,4064,8542,7084,6112,5299,7640,1180,5887,2018,LISBOA,Lituânia
2085,6972,3835,7634,8245,8101,5940,3043,1916,6546,9569,2935,2018,LISBOA,Quénia
1117,4627,414,3716,6458,9973,4684,4109,3033,6538,1730,1020,2018,LISBOA,Sérvia e Montenegro
4071,4910,2235,7496,2022,9078,1890,6414,8048,6257,6263,9658,2018,LISBOA,Eslováquia
2546,504,9312,5328,2043,9343,7968,2009,9435,3755,5447,8510,2018,LISBOA,Gabão
6764,202,2834,5916,4762,6797,8617,7207,788,7288,7260,7547,2018,LISBOA,Porto Rico
266,1955,1047,3233,3026,3792,9709,8092,8971,531,7703,915,2018,LISBOA,India
6197,2448,4886,6145,2154,7968,2223,3045,1053,4327,5968,3188,2018,LISBOA,Antilhas Holandesas
8426,6452,5252,5499,628,4971,6843,6305,8424,7782,801,4731,2018,LISBOA,Zaire
3227,5240,1422,773,8403,4159,8265,5872,3546,3631,1594,9623,2018,LISBOA,Guatemala
2757,8838,3185,349,693,4979,5851,1409,7260,9479,9515,7647,2018,LISBOA,Antígua e Barbuda
6898,7173,3672,6241,9590,3866,5406,3178,3699,2178,9874,2310,2018,LISBOA,Desconhecido
5572,8335,8831,9899,3152,9725,9076,5597,2091,6363,712,1048,2018,LISBOA,Nigéria
898,8696,2108,42,5867,9038,7192,6680,4899,88,773,4150,2018,LISBOA,Uganda
4255,1851,7114,7653,5668,9459,4751,9913,6606,786,5044,289,2018,LISBOA,Líbia
1877,1938,2549,5555,9616,9263,5907,2336,8277,2095,6237,5778,2018,LISBOA,Aruba
8453,4721,5085,1106,6001,6369,8493,6899,4433,2203,7026,8488,2018,LISBOA,Irão
6463,4956,6872,8550,8884,6103,6422,8244,5221,8188,1070,691,2018,LISBOA,Chade
4709,6394,9666,7938,6393,1617,9594,5137,5368,6694,2518,9966,2018,LISBOA,Chipre
5731,8658,5619,1546,3364,3448,7346,5122,4097,411,3136,1752,2018,LISBOA,São Cristovão e Nevis
1320,5000,1027,9605,6959,8089,1365,972,1691,4589,144,1383,2018,LISBOA,Bermuda
5278,2284,332,3418,5103,6931,3904,4322,3279,2221,9536,8539,2018,LISBOA,Geórgia
3303,5063,5499,9562,9054,9662,2426,2038,1086,2228,8313,7582,2018,P.DELGADA,Portugal
5609,9351,1060,7059,3458,5005,2082,3717,3066,8632,9455,9627,2018,P.DELGADA,Estados Unidos da América
8987,5350,6843,9763,5557,9739,732,4482,9182,5661,6435,5922,2018,P.DELGADA,Canadá
2949,4720,6077,3235,1434,5216,6472,6182,6188,88,9517,6823,2018,P.DELGADA,Alemanha
8072,427,6937,1283,4780,4082,1303,3357,6940,3669,9597,7038,2018,P.DELGADA,Inglaterra
2097,5379,1063,9839,7263,574,3334,1395,7009,5500,9306,3827,2018,P.DELGADA,Cabo Verde
168,8104,5445,3380,7079,3132,4916,2316,5374,5682,852,6460,2018,P.DELGADA,Dinamarca
3919,6044,9981,92,7581,3472,6841,8937,2413,9273,9653,885,2018,P.DELGADA,Holanda
5444,1065,5886,5265,5292,6708,1465,7042,221,3462,7737,7759,2018,P.DELGADA,Bélgica
7992,9361,9392,5497,777,5429,457,9986,4346,7951,1491,120,2018,P.DELGADA,Espanha
5905,8453,7221,6477,6704,2603,9171,355,6636,8260,5481,3405,2018,P.DELGADA,Finlândia
6301,4155,9879,7224,1244,5802,1730,6406,724,4745,18,9889,2018,P.DELGADA,França
2763,9430,1951,1572,6158,7714,1759,3842,7592,6873,2646,9894,2018,P.DELGADA,Letónia
5844,2559,4666,2930,4461,2884,1563,3337,2245,881,3021,5398,2018,P.DELGADA,Bahamas
3128,4814,2858,23,2849,6726,5578,9884,4404,5346,3045,6130,2018,P.DELGADA,Croácia
1918,6371,7410,3453,3246,2715,9640,5119,2607,607,6147,5675,2018,P.DELGADA,Suiça
6369,2165,9374,911,4252,1230,1088,4382,8275,9381,1551,9908,2018,P.DELGADA,Montenegro
2570,3286,2255,2704,6801,4411,1735,1524,4815,4909,5911,8506,2018,P.DELGADA,Venezuela
66,6531,7322,2725,4435,3080,6749,2072,3311,3009,5851,8210,2018,P.DELGADA,Itália
6352,513,9658,1621,816,558,8777,3310,4527,2494,7767,9989,2018,P.DELGADA,Senegal
5309,4857,6429,7749,725,2393,785,3759,8030,5429,8485,6112,2018,P.DELGADA,República Dominicana
3002,8339,4875,6571,8158,3678,2399,1182,7526,6237,5319,4528,2018,P.DELGADA,Suécia
1707,1518,7353,2245,9994,8751,2610,2602,4215,4175,5759,2614,2018,P.DELGADA,Bermuda
9005,1812,6788,1593,316,6091,3210,4634,8842,9453,7549,2725,2018,P.DELGADA,Porto Rico
3034,9742,7687,6627,5090,6920,9985,576,5370,2431,6372,682,2018,P.DELGADA,Antígua e Barbuda
893,9609,8713,7280,1374,9943,6015,3478,3470,7733,5877,4788,2018,P.DELGADA,Israel
6760,7417,9145,554,2990,5476,9918,411,266,8162,6896,1922,2018,P.DELGADA,Desconhecido
4897,7274,9647,2437,4947,548,589,5684,5032,9189,7934,5219,2018,P.DELGADA,Grécia
520,8145,1396,6839,1825,9080,602,8254,7376,729,6678,6051,2018,P.DELGADA,Rússia
7423,5674,1516,8720,2204,1015,650,3470,4096,943,8494,3094,2018,P.DELGADA,Sérvia e Montenegro
9161,1111,1571,5292,2496,1111,8236,3010,2657,2524,9630,6033,2018,P.DELGADA,Marrocos
6544,984,6074,1193,2268,8624,3687,1077,1267,491,8970,7656,2018,P.DELGADA,Malta
3898,3991,3771,1306,1995,7701,5108,4369,5042,3101,6498,4399,2018,P.DELGADA,Equador
3660,9606,1529,2051,3488,4411,7594,6559,3917,5171,9569,4490,2018,P.DELGADA,Irlanda
8481,1277,9663,4632,1893,4282,931,2723,381,2514,8714,9800,2018,P.DELGADA,Aruba
7079,590,3691,4079,7904,3407,3482,7512,6952,9606,3282,4809,2018,P.DELGADA,Turcos e Caicos
8624,5676,3072,5233,2023,448,6568,5161,8631,8824,4339,7185,2018,P.DELGADA,Argélia
5544,5520,1316,621,994,9556,117,5389,2111,1293,1426,4981,2018,P.DELGADA,Barbados
8993,6935,297,2715,7008,3413,2307,4107,9966,2153,8765,9726,2018,P.SANTO,Portugal
3941,5266,4986,9031,2193,4905,6789,1643,4476,1921,41,1077,2018,P.SANTO,Inglaterra
3875,2195,1891,6576,1994,7856,9088,8722,7134,4918,7411,549,2018,P.SANTO,Dinamarca
882,5840,25,8947,7953,2069,9891,8690,1140,7601,4075,192,2018,P.SANTO,Alemanha
820,1411,9632,8616,187,6677,1574,228,2871,593,130,7488,2018,P.SANTO,Itália
8692,2189,7994,9570,8135,6336,2074,5430,2150,8134,1591,4318,2018,P.SANTO,França
5971,8527,3120,7444,8990,6911,6017,1974,6472,7164,346,1880,2018,P.SANTO,Espanha
8875,3666,7704,1314,8451,4054,2403,8786,6935,5757,47,6699,2018,P.SANTO,Holanda
9158,1075,1655,9862,8464,1608,9545,272,4037,6850,2054,2076,2018,P.SANTO,Finlândia
6584,2736,6043,2970,6126,1729,3731,1311,3440,3276,1369,2598,2018,P.SANTO,Suiça
8169,2074,2180,1506,3286,2404,3690,1366,3541,4974,4733,747,2018,P.SANTO,Luxemburgo
7135,4863,1178,9322,2115,6847,249,8467,9035,6353,7499,2110,2018,P.SANTO,Bélgica
1654,891,7555,9056,5490,6782,2674,4001,9448,2557,9800,8625,2018,P.SANTO,Austria
6305,432,6757,7309,6652,812,6161,6230,7816,6923,8604,5539,2018,P.SANTO,Lituânia
4322,2629,5557,4868,5494,7948,5429,2732,987,9098,555,9526,2018,P.SANTO,Estónia
552,8930,4537,6287,1920,4467,1152,6565,6261,3386,5321,7021,2018,P.SANTO,Suécia
3309,7957,7595,3731,623,8143,6121,3488,4373,3372,7798,3245,2018,P.SANTO,Marrocos
6671,7523,7807,6174,9851,5615,107,221,2408,3922,3416,1325,2018,PICO,Portugal
7088,7489,1001,3094,9136,6738,9252,5809,6951,2610,2548,7360,2018,PORTIMÃO,Portugal
3307,2836,1507,1879,5355,5934,9759,4256,8363,9627,652,2827,2018,PORTO,França
6914,3606,4360,5765,6112,8566,2568,7286,7255,2910,1994,2316,2018,PORTO,Portugal
8079,4603,692,4598,7391,4911,1231,7642,4463,3108,5787,6825,2018,PORTO,Espanha
1638,4169,3562,155,7540,5709,8129,1286,6853,1884,2271,9546,2018,PORTO,Alemanha
1792,6755,7730,4240,3934,2143,8,614,43,8499,197,7220,2018,PORTO,Inglaterra
5525,1296,2867,1858,5022,6614,1674,5314,1741,838,1227,7372,2018,PORTO,Suiça
1318,1318,3543,7397,5105,2436,4274,8074,8869,5560,9978,1225,2018,PORTO,Itália
7034,6657,6478,9874,2111,625,5518,64,3737,5970,6772,5480,2018,PORTO,Holanda
6741,239,8259,4935,3626,5177,6081,7360,6381,7223,3069,1567,2018,PORTO,Bélgica
533,3304,1833,7430,4800,511,6154,2753,807,5067,6057,2155,2018,PORTO,Luxemburgo
3553,9040,5789,3246,7740,7646,9773,9286,353,7971,915,5507,2018,PORTO,Polónia
3144,5555,4178,6716,6780,3959,2064,1195,9861,2002,6647,1984,2018,PORTO,Brasil
8026,9907,1238,4555,2323,2499,225,1484,6225,4769,6443,4352,2018,PORTO,Estados Unidos da América
2083,712,776,4471,6566,6031,1711,5229,7938,8477,1316,6053,2018,PORTO,Canadá
624,1522,3985,1581,6288,3438,9687,6091,2990,1048,3615,9558,2018,PORTO,Turquia
2495,1618,746,112,3019,2820,7696,9948,2983,4397,2452,2073,2018,PORTO,Irlanda
2134,9108,2611,6757,1759,2425,1068,2058,2675,7529,7278,1875,2018,PORTO,Angola
5078,8810,3496,5230,8289,1186,2749,3488,9940,6954,855,3993,2018,PORTO,Marrocos
476,2883,6057,5169,5346,6875,7690,8852,9207,3363,8987,7068,2018,PORTO,Hungria
886,1626,6133,1960,148,5277,9453,8323,4325,8852,4997,238,2018,PORTO,Dinamarca
5394,9168,4336,1004,3426,7352,9666,5165,2729,9104,4477,584,2018,PORTO,Malta
5200,3442,1740,2580,6848,795,6493,7501,5784,4969,4738,6373,2018,PORTO,Tunísia
3768,9698,4709,2346,9936,1831,5258,4763,9050,916,4909,918,2018,PORTO,Israel
783,1309,1799,5224,5441,7577,8800,4770,8085,7350,9449,2392,2018,PORTO,Rep. Checa
878,995,7599,7765,3975,3388,828,1639,8532,2646,9158,8646,2018,PORTO,Cabo Verde
1511,3276,9310,5211,5450,3732,9124,9751,1496,1100,8104,7745,2018,PORTO,Grécia
4881,444,3630,3238,6887,7369,9553,3548,3025,3275,9298,3579,2018,PORTO,Croácia
5635,7855,4652,3876,5463,1457,986,2396,2677,7414,7273,8740,2018,PORTO,Austria
7101,3664,4229,7632,7782,8321,3563,9795,3540,850,8822,4512,2018,PORTO,Rússia
2932,4869,8860,3564,3006,7267,4045,3557,7052,3186,934,658,2018,PORTO,Japão
6051,6977,5396,411,9790,4807,324,8695,3890,7443,1690,7428,2018,PORTO,Noruega
8744,8421,1724,5590,2414,4965,5702,8599,9453,9083,740,4515,2018,PORTO,Islândia
6216,4504,5721,7556,1269,697,6518,1115,7419,4655,9175,8003,2018,PORTO,Estónia
1032,3520,1204,3076,4437,8111,209,6682,5486,6673,3962,7249,2018,PORTO,Ucrânia
1454,7421,372,9041,8992,1157,7475,5990,63,725,3518,6873,2018,PORTO,Eslovénia
9656,397,7074,473,4112,9590,2866,8301,5610,6668,6559,2102,2018,PORTO,Letónia
9737,736,7410,1490,7368,4821,790,6779,5017,7133,1726,8854,2018,PORTO,Arábia Saudita
5532,9463,9764,9697,6573,6909,2144,720,374,7636,2126,984,2018,PORTO,Cuba
4842,7543,4090,5607,2764,5795,4441,8356,6662,5659,7917,1312,2018,PORTO,Jordânia
363,6606,9764,6801,6103,3270,3616,5772,6754,1249,103,4036,2018,PORTO,Tailândia
5705,8039,8091,8157,5625,2276,2428,9736,3902,9080,1005,5980,2018,PORTO,Uganda
7749,7671,5147,408,2802,378,756,3800,332,7754,6576,5407,2018,PORTO,Suécia
2405,1325,4255,620,6316,5570,9088,2387,8998,6017,8648,1330,2018,PORTO,Desconhecido N/Schen
2151,7153,152,8810,9862,650,2800,8948,4781,785,5524,9990,2018,PORTO,República Dominicana
1784,3771,7372,5856,1715,6733,7029,9340,7953,2998,2757,4794,2018,PORTO,Argélia
3349,2915,3434,4540,5179,9746,5623,7021,9242,6710,3859,5746,2018,PORTO,Emiratos Árabes
9699,7084,4596,6630,4380,5581,7374,9430,779,1588,2806,9301,2018,PORTO,Cazaquistão
4786,8934,1017,6456,7121,9499,4368,6357,4101,6609,5512,1872,2018,PORTO,Colombia
7743,9674,2003,4787,5834,6782,6572,3049,3756,8794,2032,9822,2018,PORTO,Turcos e Caicos
7353,4084,7350,3909,4302,6374,4817,7607,6049,2540,9149,8975,2018,PORTO,Costa do Marfim
1164,2878,702,9269,6645,4833,9208,6826,5859,6873,7495,6983,2018,PORTO,Gana
3576,1878,3839,9802,9481,7,5094,4041,3471,7320,6731,3997,2018,PORTO,Uzbequistão
3603,9217,3712,5256,1249,8782,5584,4580,6914,8746,5178,9528,2018,PORTO,Finlândia
6079,8243,5573,5555,2436,8431,5845,7151,5488,4449,4100,879,2018,PORTO,Moldávia
5142,6407,6468,7737,9434,5446,705,5248,6212,6159,6576,3331,2018,PORTO,Guiné Bissau
467,8556,2139,488,4272,1118,954,903,1373,7415,74,9938,2018,PORTO,Eslováquia
328,4621,482,7252,9367,6258,8193,6612,7204,9587,1521,5432,2018,PORTO,Porto Rico
73,2621,3255,652,6485,7261,6383,4076,1161,7424,1034,2006,2018,PORTO,Desconhecido
2627,3580,9118,3686,5204,603,6020,2127,8176,7362,2270,8549,2018,PORTO,Venezuela
4061,5179,2347,7988,8281,8659,1517,3757,9273,9925,3295,474,2018,PORTO,Egipto
6873,3627,7603,2548,8411,5429,8430,6894,50,7764,4995,2321,2018,S.JORGE,Portugal
8531,7097,9626,4756,6990,4109,5651,5124,4326,9614,9658,7551,2018,S.JORGE,Dinamarca
2491,5712,3283,6524,3031,6389,8667,518,6585,4124,6337,75,2018,S.MARIA,Portugal
150,2056,7183,2250,1028,3546,4051,2787,8851,6780,2996,4494,2018,S.MARIA,Espanha
3890,5773,430,1481,9851,2710,8751,8291,3540,945,8497,5189,2018,S.MARIA,Inglaterra
7801,3825,8231,283,1992,4381,1561,9537,6137,7207,177,8417,2018,S.MARIA,Itália
7910,3680,9495,156,6273,8532,9040,9459,8630,1084,244,7756,2018,S.MARIA,Estados Unidos da América
1355,41,6288,4747,745,1443,1013,6616,8610,98,9184,854,2018,S.MARIA,Venezuela
1648,9644,220,7845,3194,205,298,3673,5047,7703,2324,130,2018,S.MARIA,França
4582,5668,270,8046,4355,2847,2385,7997,688,115,1379,6990,2018,S.MARIA,República Dominicana
4678,4682,9760,8130,5036,7178,4284,6581,127,6830,6788,5991,2018,S.MARIA,Grécia
9196,688,2836,893,8076,8647,2871,6279,6122,3691,6011,5470,2018,S.MARIA,Rep. Checa
6933,6364,508,2356,2750,5389,1890,2775,9282,949,8669,2601,2018,S.MARIA,Canadá
6124,9036,4878,4915,7500,1285,5906,8012,4098,6296,2492,2933,2018,S.MARIA,Suiça
4670,5895,4351,3301,3087,4911,7159,947,1186,3216,1709,595,2018,S.MARIA,Marrocos
8712,4452,113,8602,2657,4089,6119,5566,7686,3445,9664,2944,2018,S.MARIA,Turquia
8182,1596,4668,5171,9764,2268,5632,9511,1719,7484,4816,8117,2018,S.MARIA,Barbados
9550,198,4787,3304,9664,3423,42,7379,4155,7707,6864,8545,2018,S.MARIA,Nigéria
6240,461,5674,8983,1215,1498,6422,76,8915,5503,3257,4504,2018,S.MARIA,Holanda
240,7697,3351,1434,5149,4725,7898,1686,6680,1168,4064,1746,2018,S.MARIA,Israel
9179,705,4847,4950,4384,6352,3350,2127,7250,6384,1043,9915,2018,S.MARIA,Antilhas Holandesas
949,3661,8955,5628,6062,8648,6373,6284,7040,7732,2204,3254,2018,S.MARIA,Cuba
8557,8414,3098,2366,5848,6268,349,7124,447,8228,5115,964,2018,S.MARIA,Malta
4621,3810,7372,3753,2311,8650,5678,5977,3466,9406,6985,9965,2018,S.MARIA,Bélgica
5149,7895,6995,5521,7389,7747,3892,9709,4488,7902,387,2020,2018,S.MARIA,Bahamas
7361,6063,1503,4431,6668,3879,7546,412,1894,5613,7736,6190,2018,S.MARIA,Austria
8176,5328,9598,3848,6675,1015,6874,3455,7148,5225,1570,7314,2018,S.MARIA,Ilhas Virgens UK
7505,1739,1683,3895,5576,3537,1772,8033,8238,4904,4443,6436,2018,S.MARIA,Gana
1535,9341,8915,2509,1726,3338,4307,202,5708,7907,9141,6762,2018,S.MARIA,México
5834,3192,535,1930,7349,9246,8007,1289,3592,8134,1370,228,2018,S.MARIA,Antígua e Barbuda
461,6675,6333,7352,743,8730,463,3724,9794,1834,3476,1505,2018,S.MARIA,Rússia
2817,7932,8167,1124,9223,4958,1496,3551,3792,8820,6868,600,2018,S.MARIA,Ucrânia
9227,6042,636,4782,6293,6396,3194,627,285,3123,1495,2276,2018,S.MARIA,Bermuda
5576,8039,845,7358,766,5079,126,1737,4587,6853,6317,6126,2018,S.MARIA,Congo
4108,4603,867,7621,252,7069,3882,3740,9052,1560,9306,1599,2018,S.MARIA,Mauritânia
1455,2835,4646,5144,298,9119,7986,4757,9527,3186,2439,5295,2018,S.MARIA,Zambia
2536,4474,8186,9060,2084,8549,468,5833,4773,6393,2397,154,2018,S.MARIA,Granada
1483,936,3348,8606,8641,1299,3731,7189,2835,8832,2607,1595,2018,S.MARIA,Santa Lúcia
5020,5437,4251,4759,720,9851,1265,4232,8244,7035,1213,8289,2018,S.MARIA,Ilhas Virgens USA
5916,1622,3238,674,727,519,8012,4285,565,7349,1435,5712,2018,S.MARIA,Mali
6669,2707,6929,9053,8426,8721,7558,2731,1647,931,5603,7562,2018,S.MARIA,Porto Rico
1652,8183,2003,5643,1087,1293,6526,9141,1877,3386,951,6991,2018,S.MARIA,Alemanha
3407,7074,2119,6638,7791,7315,5513,7560,1570,5127,9520,7130,2018,S.MARIA,Peru
2885,1897,500,3201,3620,9853,3614,8923,8672,6429,9669,2257,2018,S.MARIA,Cabo Verde
2040,3177,5634,8002,6915,8794,9190,2774,2830,8163,893,3315,2018,S.MARIA,Níger
3347,812,9430,8267,6621,4708,5710,7708,512,2011,2765,2926,2018,S.MARIA,Croácia
9684,1043,8923,7428,8569,5567,13,8204,3840,7700,6233,4977,2018,S.MARIA,Líbano
7448,1420,1905,9341,4156,6517,4615,658,4421,5360,9089,6533,2018,S.MARIA,Costa do Marfim
8648,2553,7767,1465,4506,5681,609,3447,4224,9923,7754,7037,2018,S.MARIA,S. Vicente e Granadina
8149,2143,1214,4758,806,3003,3857,376,660,9343,3589,1978,2018,S.MARIA,Egipto
8347,6071,4327,9793,5861,3444,321,2661,3187,8185,5672,4543,2018,S.MARIA,Bielorússia
781,4778,9793,5429,4552,5300,6992,6863,883,1191,969,1016,2018,S.MARIA,Hungria
2952,5233,9190,4544,9997,1270,3260,1195,3452,1702,797,5184,2018,S.MARIA,Serra Leoa
3059,6639,5380,4861,7317,2191,2325,6631,1919,8916,6090,1740,2018,S.MARIA,Senegal
5756,2614,6176,312,754,5963,3335,9398,2795,4838,3200,9195,2018,S.MARIA,Martinica
9469,4605,5831,551,9332,8884,3543,2618,5238,5640,3627,1475,2018,S.MARIA,Equador
1282,365,4794,7961,2728,4123,4940,6147,1124,4494,3828,2820,2018,S.MARIA,São Cristovão e Nevis
30,5522,3926,4807,1322,6221,2103,1033,9595,3775,5504,19,2018,VILA REAL,Portugal
6824,8202,9564,3044,9203,3413,8679,3608,9193,3072,4658,6475,2018,VISEU,Portugal
7010,5818,12,9992,7415,9019,2740,3171,4,303,6623,353,2019,BEJA,França
6307,9834,1608,9872,9057,4929,5252,2728,8571,6472,7901,2283,2019,BEJA,Espanha
554,8691,7755,3932,5793,7628,7543,9764,9444,9328,1398,6078,2019,BEJA,Portugal
3665,4245,1790,1293,2351,6440,5446,2471,6021,4718,9067,9745,2019,BEJA,Inglaterra
6931,6291,7215,2977,5762,5759,6168,8659,8640,6866,2086,6172,2019,BEJA,Holanda
5158,2742,18,3570,7130,4999,8320,9054,8109,5988,5648,6313,2019,BEJA,Bélgica
8064,8011,8245,9822,739,7370,5757,5887,4688,8447,1026,2969,2019,BEJA,Estados Unidos da América
8170,4751,9965,6769,8511,176,3352,2829,5568,3189,7400,3221,2019,BEJA,Tunísia
6888,4221,7565,8847,5819,4785,5732,1024,1148,7815,2797,9405,2019,BEJA,Marrocos
5615,3854,1197,9581,865,2571,4763,2338,5354,6095,7141,5369,2019,BEJA,Suiça
3854,9612,6451,7743,1215,9501,4635,9981,7494,6751,9937,7782,2019,BEJA,Itália
6529,3297,2577,9283,8898,4943,2465,3554,1790,2037,1062,3690,2019,BEJA,Dinamarca
8777,1760,8101,4202,7389,4929,602,8477,9113,5698,5812,9213,2019,BEJA,Polónia
5855,5938,4871,5271,1240,4009,7256,6669,6347,998,6098,7820,2019,BEJA,Grécia
1921,1028,4320,1924,2734,2515,5782,1322,5646,7945,7673,3372,2019,BEJA,Suécia
4337,5141,4688,7762,8431,3737,9415,4381,4397,6577,8912,209,2019,BEJA,Alemanha
4911,9351,1223,5041,8124,2334,3298,4437,9853,7486,6083,5357,2019,BEJA,Irlanda
2253,8621,6147,357,437,7229,1665,3613,3764,6827,5953,818,2019,BEJA,Jamaica
7958,4871,9847,6240,806,8485,5952,4019,8558,1530,2798,4897,2019,BEJA,Indonésia
7819,9741,360,8059,1154,5724,5933,8175,788,5650,4383,148,2019,BEJA,Austria
9149,8851,3376,4014,5227,2108,3385,8633,4413,5308,7943,9277,2019,BEJA,Senegal
2284,4209,8687,4636,3369,7832,7848,6967,6586,3781,6086,7238,2019,BEJA,Luxemburgo
4901,4246,1761,7672,6766,1562,4695,7485,5450,6088,996,7642,2019,BEJA,Ruanda
9498,1504,5066,9259,2293,6100,7655,7421,575,5075,9901,6669,2019,BEJA,Venezuela
7804,9527,5573,9288,9827,8617,6395,1893,600,9286,3263,6686,2019,BEJA,Jordânia
7358,766,5327,5125,5957,2143,7016,7951,6378,1521,6875,3003,2019,BRAGANÇA,Portugal
3804,9070,1638,6562,1357,7423,2405,9213,8502,1570,6650,7365,2019,BRAGANÇA,França
8503,4805,945,323,2800,3944,7336,781,2866,1534,7131,7063,2019,BRAGANÇA,Espanha
1023,1962,126,3424,5659,5266,5184,5083,4814,8040,3918,4956,2019,CASCAIS,Portugal
7121,5745,3754,4525,8777,78,4702,4612,5311,9702,7998,7085,2019,CASCAIS,Espanha
6113,8137,5536,7607,6340,3327,5063,1553,618,6115,1861,9910,2019,CASCAIS,França
4806,3479,1872,183,6097,7524,3619,3136,4036,1862,5007,9261,2019,CASCAIS,Inglaterra
9540,9520,1604,3982,1901,144,8400,9016,384,6277,8492,5413,2019,CASCAIS,Itália
2433,7958,1830,8297,2070,1810,1027,4384,4822,7805,9821,8917,2019,CASCAIS,Suiça
1506,7661,7351,1791,5897,395,1368,109,395,8112,5336,3974,2019,CASCAIS,Alemanha
4038,6847,7661,1562,8226,632,2901,942,9648,978,9569,7454,2019,CASCAIS,Brasil
6551,4384,2745,4384,3530,4042,3627,4093,3416,4040,621,9091,2019,CASCAIS,Cabo Verde
4572,6950,6232,7679,5950,717,3627,60,3037,1610,197,8995,2019,CASCAIS,Grécia
5268,9812,9062,6444,7929,2009,6829,2860,5985,1825,5416,5666,2019,CASCAIS,Angola
4144,1936,3359,2231,6843,777,3443,8888,4707,9721,6730,4946,2019,CASCAIS,Holanda
3002,4690,1407,176,6791,6035,6105,511,5557,3617,8316,4660,2019,CASCAIS,Estados Unidos da América
3960,4198,9340,5838,3625,6812,5641,2185,9613,4471,4103,116,2019,CASCAIS,Marrocos
9205,3854,1123,3453,6896,9333,4707,6840,5777,7199,9190,9954,2019,CASCAIS,Polónia
7774,8610,99,9435,9309,4634,3500,1454,8125,5431,6941,7798,2019,CASCAIS,Austria
4375,6926,2215,8424,3521,4873,4586,6421,4678,3116,920,8768,2019,CASCAIS,Bélgica
9138,9153,5887,3060,1729,2079,7532,3838,8786,8348,1302,1231,2019,CASCAIS,Luxemburgo
1489,6006,7771,6359,1084,8983,1485,9183,3893,9092,2850,8489,2019,CASCAIS,Congo
187,411,6337,9994,8987,3974,1681,1447,1197,7543,1343,1408,2019,CASCAIS,Israel
8281,1538,150,6083,5010,3026,709,7453,5,7240,1891,213,2019,CASCAIS,Gibraltar
9613,3484,3247,3143,1517,5295,677,4962,5687,8000,5124,4083,2019,CASCAIS,Canadá
218,9706,2249,6988,6111,9557,4709,935,6017,2847,8688,776,2019,CASCAIS,Croácia
5841,8659,53,4365,6657,6297,6941,2250,8066,3272,8553,8697,2019,CASCAIS,Dinamarca
7690,6928,454,237,5794,6371,3075,1075,4916,366,3440,6479,2019,CASCAIS,Turquia
2488,3496,4487,619,3257,7216,3620,9706,2301,2323,1031,2154,2019,CASCAIS,Suécia
9213,3910,5936,1474,4560,1228,7229,1581,6376,5243,7159,4706,2019,CASCAIS,Hungria
1459,8369,9163,8730,868,456,6356,9680,7042,420,9572,6722,2019,CASCAIS,Malta
176,8432,6753,6812,7806,8335,6461,8455,8621,7304,8228,2817,2019,CASCAIS,Argélia
5045,1329,740,8236,8590,8712,7889,6528,9839,3956,2226,4209,2019,CASCAIS,Colombia
5307,3885,8564,4208,263,6635,1740,325,3246,7776,533,4998,2019,CASCAIS,Emiratos Árabes
4089,8500,3474,2690,3852,9711,2727,7458,2241,3676,5618,2700,2019,CASCAIS,Rússia
4709,2947,7874,6143,2979,4464,1755,526,1386,1916,9117,4343,2019,CASCAIS,Islândia
9853,5569,3729,9115,8983,4939,2086,6170,137,976,1641,3474,2019,CASCAIS,Bahrein
7825,8390,3258,3815,1124,7522,5699,5197,3202,895,1154,4583,2019,CASCAIS,Noruega
3833,3307,5888,2007,1684,1242,4631,237,7091,9042,3883,1681,2019,CASCAIS,Guiné Bissau
373,118,1279,1180,4890,4612,1679,307,8220,595,4181,7728,2019,CASCAIS,Egipto
5512,7045,3851,7417,8448,2302,9605,2082,2453,2300,475,2669,2019,CASCAIS,Omã
8421,6094,6981,2495,6617,43,3889,577,3758,7021,7237,1216,2019,CASCAIS,Irlanda
6789,6517,897,105,7154,2633,1085,5183,9531,6434,3871,9709,2019,CASCAIS,Letónia
5935,5700,3711,3118,8224,1241,2794,8577,6946,7117,4627,7571,2019,CASCAIS,S.Tomé e Príncipe
1852,4788,5547,468,3834,1198,3405,4573,2182,4998,238,9164,2019,CORVO,Portugal
6506,2556,665,7529,7498,3959,764,9995,1259,5863,7918,8160,2019,CORVO,Dinamarca
7464,2198,9079,4225,990,2946,4661,8670,9320,1756,6953,7046,2019,FARO,Inglaterra
8257,8872,742,8584,9439,8653,1292,1782,4511,6692,7321,1530,2019,FARO,Alemanha
4359,7713,1584,4885,6094,8464,3762,2815,4519,7220,3155,7212,2019,FARO,Irlanda
6565,5169,3064,2698,142,8179,1246,5415,4979,5347,324,5049,2019,FARO,França
9843,1674,7098,981,5927,2319,1994,4872,9057,7259,2142,606,2019,FARO,Holanda
5634,7525,3927,7018,424,2661,3684,2472,8393,9089,9624,4839,2019,FARO,Portugal
3786,177,7802,2973,4461,9776,6831,2577,9310,1918,8616,6216,2019,FARO,Bélgica
3026,2815,4774,5799,7773,4724,582,4959,4093,367,3293,4445,2019,FARO,Espanha
7785,3821,5052,9888,6780,2927,3539,4400,8133,4180,5099,4641,2019,FARO,Suiça
3435,7654,4913,5498,7354,5578,9727,7626,8134,64,5099,6664,2019,FARO,Itália
3661,9527,5608,4690,6226,2622,4274,6725,5557,1081,2413,1469,2019,FARO,Polónia
5122,2612,2387,6051,1796,4064,8379,588,7705,2162,1430,8297,2019,FARO,Suécia
9808,7188,2593,5603,8783,4353,8535,5254,3959,4821,2442,892,2019,FARO,Dinamarca
7693,3269,2195,9554,6422,9973,7944,7425,5634,6389,8513,2119,2019,FARO,Noruega
467,1457,4284,8769,8300,7381,1944,6209,9521,8861,6703,469,2019,FARO,Austria
962,8312,5180,6554,3414,6208,2454,4609,4584,1360,2177,8475,2019,FARO,Luxemburgo
2953,3424,9065,5058,6518,2865,108,89,9454,1911,1132,4538,2019,FARO,Hungria
2019,1270,8435,1968,5125,7966,9162,9054,6345,5895,9028,9035,2019,FARO,Canadá
616,2237,4913,9753,2965,8898,2450,2563,6453,7789,5564,3183,2019,FARO,Rep. Checa
8690,577,9067,3167,7871,913,1915,3194,3642,9461,6039,4747,2019,FARO,Finlândia
5034,8838,6348,3696,680,4347,6518,3569,5670,877,3577,8709,2019,FARO,Lituânia
3389,5365,4726,3890,7302,7084,2935,7405,3972,2444,4257,7046,2019,FARO,Ucrânia
7820,2277,4359,6879,2886,4655,2092,6432,74,8152,9462,2835,2019,FARO,Gambia
9179,2441,8863,6471,7740,7907,8893,9557,9517,3900,6111,1492,2019,FARO,Islândia
6391,397,6154,8123,6909,2182,6183,8426,349,2080,5228,8653,2019,FARO,Estónia
4799,6949,552,6500,8518,1319,1348,5217,4179,9239,5910,9277,2019,FARO,Cabo Verde
6139,1901,5038,5068,3979,5102,8532,455,1098,5953,3410,3199,2019,FARO,Marrocos
8552,1462,8872,1470,9503,651,9174,4133,4886,4060,6947,6117,2019,FARO,Brasil
5204,6353,6972,418,7212,9484,2842,7806,4719,1530,9688,5438,2019,FARO,Emiratos Árabes
9141,9518,4733,4183,9872,7637,1178,6756,6313,6440,8068,1587,2019,FARO,Estados Unidos da América
4972,4163,4064,3140,1501,8017,6076,4406,9812,6975,1452,2617,2019,FARO,Israel
1218,1320,1985,1384,5909,2047,9726,4361,1135,1911,5842,3198,2019,FARO,Letónia
5659,7689,9552,896,1988,7087,4451,2866,5761,9980,4851,7347,2019,FARO,Bielorússia
3655,4099,3720,2191,6261,3912,7527,1232,5052,2738,8219,429,2019,FARO,Rússia
8442,2143,1518,2628,3571,3758,7559,1813,5899,8489,7393,1789,2019,FARO,Malta
3379,5951,4043,88,1039,3064,7551,6859,5160,6477,8601,5345,2019,FARO,Turquia
5412,4573,7138,9368,3229,4098,4762,2943,843,9007,3195,5631,2019,FARO,Egipto
4100,7462,5081,7812,5670,884,2175,9020,5313,7569,8782,8015,2019,FARO,Croácia
295,495,9625,9877,3330,3945,9864,8457,3933,7270,5334,4614,2019,FARO,Uganda
4838,4540,7520,7397,8441,2781,3371,3855,9681,4487,6523,2252,2019,FARO,Bulgária
4943,649,7696,6328,5628,6715,9470,5701,4427,495,5048,913,2019,FARO,Grécia
3102,3124,8557,2585,7183,5867,8482,9556,3378,3931,9547,2512,2019,FARO,Bermuda
1079,618,4071,2940,1581,1807,3297,9210,5778,4054,6291,7973,2019,FARO,Desconhecido
6158,8692,1099,5353,3649,3955,1994,6585,6312,9399,8442,3647,2019,FARO,India
9533,8875,3479,9978,3678,7280,9926,3714,4364,5744,691,5427,2019,FARO,México
8387,2909,6619,4281,8,7016,2646,231,7115,2201,6586,9763,2019,FARO,Chile
901,2048,2603,3603,2028,459,8701,7379,8268,4884,7340,1325,2019,FARO,Ilhas Caimão
9075,8725,8105,3224,4568,4774,8273,2535,4613,4736,2334,6878,2019,FARO,Argentina
2718,6689,2178,9142,2765,7876,9639,2906,5167,7189,3004,7736,2019,FARO,Trindade e Tobago
1738,5178,6620,5815,8134,3052,5750,8759,197,1787,6059,1808,2019,FARO,Roménia
6618,5680,7395,1014,4778,4705,9647,882,821,7444,2810,3889,2019,FLORES,Portugal
6908,5203,5683,3883,150,4416,4871,720,5090,856,1430,2520,2019,FUNCHAL,Portugal
7845,7146,7744,4466,5365,7376,391,1315,8889,5314,3303,3402,2019,FUNCHAL,Inglaterra
3843,6303,6337,7776,3578,7819,3166,820,2957,7437,3769,6896,2019,FUNCHAL,Alemanha
6208,1223,3321,6894,423,2367,7139,3330,2325,1200,3794,4995,2019,FUNCHAL,França
7252,7580,7297,3769,585,2302,3681,6604,5696,7481,8430,7089,2019,FUNCHAL,Holanda
4148,5321,5519,57,8701,686,5043,2577,7809,751,764,1796,2019,FUNCHAL,Espanha
7728,7654,3686,8998,4541,1419,3783,834,2822,1331,5433,4628,2019,FUNCHAL,Polónia
7059,6702,9193,7610,4676,853,2737,2640,2139,1880,899,9265,2019,FUNCHAL,Dinamarca
3639,3551,2575,8798,6289,8820,5024,5868,2719,4273,6484,5601,2019,FUNCHAL,Finlândia
4335,3418,6398,8074,7107,7414,8825,469,5575,9556,359,7566,2019,FUNCHAL,Suécia
4801,3524,2202,861,7890,2467,1781,9597,2173,9050,5774,416,2019,FUNCHAL,Bélgica
1829,596,6015,5389,959,8631,1212,8429,3477,2134,6477,6854,2019,FUNCHAL,Suiça
7861,8674,2048,9435,1030,1893,8045,6772,8155,8666,43,9579,2019,FUNCHAL,Rep. Checa
5654,3664,5020,3619,6641,4138,717,6273,6436,213,1247,9633,2019,FUNCHAL,Noruega
3997,7605,8526,8042,6378,4792,3432,5233,2977,9857,763,3055,2019,FUNCHAL,Austria
6073,5634,7348,7627,5975,4194,7130,9709,4765,9627,2103,3125,2019,FUNCHAL,Luxemburgo
8712,4373,364,9300,5053,5751,3387,3879,4511,5995,4642,588,2019,FUNCHAL,Irlanda
8366,6775,9465,9115,8897,664,7920,7077,9439,1341,1107,4871,2019,FUNCHAL,Lituânia
7412,9151,9657,1898,1133,6733,4643,5662,1057,8321,7086,3192,2019,FUNCHAL,Letónia
764,1502,6460,7959,2257,4520,3505,4940,1219,6708,1215,3890,2019,FUNCHAL,Estónia
8935,594,5754,9293,2913,9466,8876,8236,1166,9648,9724,667,2019,FUNCHAL,Islândia
4579,1995,5624,6452,7765,1311,7787,5143,97,4228,4513,8224,2019,FUNCHAL,Itália
7176,1281,1331,1958,623,8570,8477,5542,9009,4996,4050,9193,2019,FUNCHAL,Brasil
5140,3304,6356,1429,979,188,3266,4065,3493,624,580,3279,2019,FUNCHAL,Rússia
6745,6998,5921,7287,6013,2707,1741,7785,3134,4103,640,4184,2019,FUNCHAL,Cabo Verde
4907,2291,1254,9546,380,8689,5778,2504,3570,4090,5951,604,2019,FUNCHAL,Malta
7888,9478,9784,913,445,698,8621,3795,4013,7043,5582,8646,2019,FUNCHAL,Estados Unidos da América
718,5588,7651,3733,7937,302,8691,8061,700,8698,3240,3968,2019,FUNCHAL,Gana
6058,4442,1777,6690,9837,2355,2966,9104,1748,9759,1237,1686,2019,FUNCHAL,Israel
7399,1490,803,7721,4120,9965,8699,4503,5452,8543,2220,2088,2019,FUNCHAL,Canadá
5651,8556,2341,8194,6921,3159,5136,9124,212,7259,6876,7007,2019,FUNCHAL,Marrocos
458,7330,9360,6143,8561,5119,5412,1973,5273,2805,97,3109,2019,FUNCHAL,Costa do Marfim
2248,1613,6235,7751,9661,3205,5593,1097,7342,9917,4541,5051,2019,FUNCHAL,Chile
5562,7883,6076,5315,204,121,1165,1244,3786,6132,975,8254,2019,FUNCHAL,Croácia
5419,6285,7727,7262,6639,9198,9934,8921,4426,9394,5524,9842,2019,GRACIOSA,Portugal
6062,1274,2640,6585,9928,7345,869,4807,488,2385,8967,3513,2019,GRACIOSA,Dinamarca
9435,2812,6209,4055,9176,22,5282,1653,3709,6093,6404,275,2019,HORTA,Portugal
9635,6952,2382,9591,1765,3404,4749,9269,9054,545,9754,7378,2019,HORTA,Austria
6941,4683,3246,1563,421,1637,2135,1830,476,7253,1722,6609,2019,HORTA,Espanha
4757,118,298,9609,7297,6449,7317,2032,7207,6104,545,7674,2019,HORTA,Estados Unidos da América
9446,1680,4918,5333,6965,8446,3449,2642,4389,932,7160,8814,2019,HORTA,Bélgica
1823,9897,19,5926,7310,9108,3649,1138,8391,3498,6087,6971,2019,HORTA,Canadá
6348,8988,2615,6633,2952,3038,6297,815,5127,2212,8463,9708,2019,LAJES,Portugal
3223,9978,6324,7094,2796,546,677,8142,3685,5245,283,4988,2019,LAJES,Estados Unidos da América
6081,2300,2632,1452,580,6136,7630,2443,6710,5386,4875,5463,2019,LAJES,Holanda
6621,347,1803,7024,6449,6423,8862,6956,2544,3208,3308,6792,2019,LAJES,Canadá
2561,7013,3834,5855,4298,1245,9757,7784,5882,17,5533,2797,2019,LAJES,França
6225,2003,125,2654,7937,2395,4888,7975,2588,4829,1763,4782,2019,LAJES,Espanha
468,9618,6059,5521,280,4683,6320,2739,7094,2469,5446,7552,2019,LAJES,Suriname
2925,767,9431,8128,7221,3643,7289,5411,6284,8589,2412,1333,2019,LAJES,Marrocos
6879,4508,8523,5425,931,8646,7918,6846,3720,9640,907,4258,2019,LAJES,Polónia
1901,4408,112,5716,1105,9230,4850,1389,2197,5856,9223,8743,2019,LAJES,Suiça
6792,7390,3519,4986,8213,5702,7633,674,6315,5003,458,400,2019,LAJES,Itália
6422,9664,4414,4878,7088,3182,763,7134,975,6781,7121,1178,2019,LAJES,Barbados
7789,5688,8076,2045,7,8731,1909,1238,8059,1063,7239,7688,2019,LAJES,Inglaterra
5195,9199,8557,6400,3727,7522,2096,1533,3618,6518,9500,4254,2019,LAJES,El Salvador
1727,7366,3828,2736,5658,401,2440,9795,3122,2312,7937,8768,2019,LAJES,República Dominicana
5590,2090,3468,7276,726,9298,2905,9973,8363,6387,4855,4060,2019,LAJES,Antilhas Holandesas
382,8542,7803,1628,7813,1246,7672,4983,2906,585,7828,5560,2019,LAJES,Alemanha
9514,1028,2253,4105,1411,919,2631,9775,7377,6585,8033,994,2019,LAJES,Eslováquia
352,8328,1372,3408,7595,8015,101,7829,3874,3857,9285,4223,2019,LAJES,Brasil
5091,694,9406,4243,647,6893,8036,4948,9942,2204,8442,9633,2019,LAJES,Hungria
3476,2536,3686,7052,5006,4421,4224,3334,7006,4503,4860,1501,2019,LAJES,Rep. Checa
9942,2201,7554,1656,5981,2968,754,2235,5877,7949,809,3387,2019,LAJES,Turcos e Caicos
5026,1377,7463,9143,9330,6046,50,3165,2297,2986,3085,1159,2019,LAJES,Grécia
7359,7224,3130,6917,2791,9469,1977,4460,1938,3259,3584,8048,2019,LAJES,Costa do Marfim
644,8973,5722,9290,5661,354,3911,3932,563,5185,2355,2336,2019,LAJES,Suécia
6834,3676,4026,218,7954,5568,5584,8682,5411,6605,8109,4923,2019,LAJES,Bahamas
6096,1963,8703,134,5643,9170,3210,9690,4960,2744,4593,5638,2019,LAJES,Bélgica
6564,5838,7117,321,3841,9809,7129,1170,3842,9251,8624,2415,2019,LAJES,Malta
9019,3273,5145,7922,371,784,257,5718,4154,2018,7214,3167,2019,LISBOA,França
441,332,6252,2597,2156,614,3153,7220,5676,3493,2448,8564,2019,LISBOA,Portugal
9627,9827,2017,884,4571,9891,8704,2580,5981,339,1274,390,2019,LISBOA,Espanha
982,7879,2135,3126,2743,2842,1436,1926,792,6501,8821,3144,2019,LISBOA,Inglaterra
5687,6408,5639,4007,8117,782,7224,3918,3631,1554,2395,8989,2019,LISBOA,Alemanha
7516,5451,6119,1030,7996,3966,4630,9440,9304,3414,1427,2532,2019,LISBOA,Brasil
9930,484,614,9564,5705,4259,355,5800,5087,4394,8402,9627,2019,LISBOA,Itália
3689,8708,8543,4726,6790,4319,6565,6183,5683,8407,7294,2483,2019,LISBOA,Estados Unidos da América
8244,7076,338,8883,6506,9061,5774,6958,178,1438,1118,5125,2019,LISBOA,Holanda
7221,5716,4660,9660,8473,838,7096,9835,9685,4127,6650,1403,2019,LISBOA,Suiça
658,3843,5288,4976,230,9478,5288,8805,1507,9761,151,8004,2019,LISBOA,Bélgica
1142,5063,5940,8406,4527,3053,8202,5491,3633,309,3953,255,2019,LISBOA,Angola
4959,9894,8468,8507,3004,5706,6160,2299,2842,7034,9564,4506,2019,LISBOA,Irlanda
9849,7527,4687,1872,6419,2829,6870,1490,2464,9232,8795,4111,2019,LISBOA,Cabo Verde
5037,6372,3393,8628,9111,4512,2046,7943,1734,6421,7855,865,2019,LISBOA,Marrocos
9653,1800,4595,8173,138,5492,4377,7773,6045,1087,7411,5687,2019,LISBOA,Canadá
3241,2243,8679,6264,9395,3096,5590,1373,9724,1457,6778,3385,2019,LISBOA,Emiratos Árabes
2744,1053,6669,460,7786,1871,1036,4560,7153,1533,1390,6439,2019,LISBOA,Austria
8026,8677,2856,7420,8993,273,2191,1649,4004,3173,6384,6648,2019,LISBOA,Luxemburgo
7648,1616,2492,9625,2798,2356,70,9179,2652,3465,6546,9504,2019,LISBOA,Polónia
4119,9034,9911,4631,47,5078,6199,4845,9791,1692,2825,660,2019,LISBOA,Dinamarca
5061,80,2055,5680,8606,4880,1450,2676,1968,6842,6142,4342,2019,LISBOA,Finlândia
2846,3292,1094,7286,3655,1464,9159,6026,6404,3792,1006,4767,2019,LISBOA,Turquia
6370,2234,5132,2668,1255,2553,7672,1672,3039,4780,5045,5512,2019,LISBOA,Suécia
5792,9494,1461,279,5745,5057,7461,2252,1618,3629,1691,811,2019,LISBOA,Hungria
6419,3811,2052,8816,4628,8346,6506,5217,869,9093,6959,8777,2019,LISBOA,Rússia
8267,7875,2565,7155,2192,8034,5968,5750,36,951,8235,611,2019,LISBOA,Senegal
5367,3763,4419,3932,6544,4315,6282,1739,7003,5136,3499,9813,2019,LISBOA,Israel
6027,6223,781,3853,131,635,4150,9713,8163,8433,2991,7071,2019,LISBOA,Noruega
2010,2279,7685,833,6332,6975,8703,2954,8721,3846,860,4780,2019,LISBOA,Rep. Checa
9382,9507,506,1614,8981,2911,1299,1868,2071,1424,7485,9854,2019,LISBOA,Grécia
206,7395,1059,3646,9577,7160,175,5611,5954,2456,5907,624,2019,LISBOA,Roménia
9999,855,2331,7848,7041,2777,5792,634,2537,401,4931,1893,2019,LISBOA,Quatar
5207,5744,2179,1871,7185,1483,7430,8207,9647,9595,7617,1720,2019,LISBOA,Moçambique
4330,3194,5815,2309,540,9120,8218,7191,1724,5004,4074,7744,2019,LISBOA,S.Tomé e Príncipe
4186,1316,341,2437,9596,7592,4222,5402,9927,8657,2208,6705,2019,LISBOA,Gana
8519,1685,5950,2460,7014,3097,3693,4202,6786,6664,953,2159,2019,LISBOA,Venezuela
4171,968,2070,2589,7451,140,7245,6222,399,2870,4452,2942,2019,LISBOA,República Dominicana
2216,7138,3856,7307,1650,1462,1171,6167,5495,7918,3278,7698,2019,LISBOA,Costa do Marfim
5264,604,7116,4661,3962,2003,4086,5229,5315,4560,7790,3087,2019,LISBOA,Ucrânia
9543,5928,2695,2821,689,2221,9904,235,626,3660,8250,2362,2019,LISBOA,México
488,2713,3544,8649,1980,2819,3531,6555,7787,4277,2145,166,2019,LISBOA,Bulgária
4409,5029,5041,2825,6460,6623,1047,433,1565,7258,6899,637,2019,LISBOA,Croácia
4433,2100,9205,4164,456,6338,4313,9477,2107,3108,1652,6223,2019,LISBOA,Tunísia
8324,8504,9635,1800,8931,7108,9560,7296,1507,8656,4772,3777,2019,LISBOA,Malta
9901,1327,1773,5835,4427,2834,6861,6443,6737,644,2245,5865,2019,LISBOA,Letónia
2828,7266,4988,4089,3223,9533,3720,8134,147,5607,1856,3426,2019,LISBOA,Moldávia
1134,5582,6503,8771,492,1049,8012,3118,3558,3993,6137,4965,2019,LISBOA,Guiné Bissau
1834,1837,208,2228,5044,4634,2045,1695,8668,1685,3904,7094,2019,LISBOA,Cuba
9984,7343,819,3792,2067,3774,5399,6769,5267,8528,579,972,2019,LISBOA,Argélia
105,8129,9751,469,6438,5168,7598,3682,8342,3839,8363,2354,2019,LISBOA,Guiné
9381,7193,5377,7733,6378,8258,9852,8440,9427,2189,9660,398,2019,LISBOA,Togo
7423,7287,5211,6922,5027,2340,1560,1654,7432,845,5793,8337,2019,LISBOA,China
4765,1124,4072,4655,2467,5708,3507,3910,899,7638,7148,7165,2019,LISBOA,Desconhecido
4852,7342,5406,2111,7353,7120,1813,8016,5111,3827,8073,7705,2019,LISBOA,Gambia
5133,4420,6440,5196,9553,3566,810,6499,2094,195,1012,2630,2019,LISBOA,Jamaica
8940,4179,3363,701,1254,1495,3890,4363,2182,6701,8855,4534,2019,LISBOA,Egipto
9018,4768,3908,3189,5746,2040,4892,3989,491,9957,9820,8581,2019,LISBOA,Islândia
2564,3875,8186,8093,9828,5283,563,6905,2212,4332,2704,7256,2019,LISBOA,Rep. Centro Africana
9782,1135,9918,6748,8375,7843,4024,8377,2016,3317,1494,6868,2019,LISBOA,Estónia
3302,6035,9981,3186,3102,9008,3328,9373,4209,7755,2161,2048,2019,LISBOA,Guiana Francesa
6536,5796,8110,3245,5783,7623,2752,2518,2988,6881,7810,8192,2019,LISBOA,Japão
6469,2012,8766,329,2357,5267,2395,2666,8930,5361,1026,1630,2019,LISBOA,Lituânia
4249,6835,3663,4490,6939,4714,4471,1325,9440,1609,1962,7886,2019,LISBOA,Ruanda
7431,5038,1131,2151,2892,8927,5533,8385,4536,5219,3768,1474,2019,LISBOA,Chipre
3152,5447,4935,513,2048,5073,5876,5392,8704,9770,7300,7928,2019,LISBOA,Colombia
8307,8837,1064,7018,6583,685,6251,8334,2086,4705,8364,9836,2019,LISBOA,Congo
3368,5113,6155,4484,5058,2718,3587,9150,8523,3715,6361,5215,2019,LISBOA,Africa do Sul
2718,3334,7610,4258,738,8224,7174,994,5848,3718,7794,987,2019,LISBOA,Cazaquistão
8150,3058,2455,2299,3719,6734,8659,8831,6249,3057,4236,6486,2019,LISBOA,Martinica
1597,6609,4103,9468,8773,6325,7718,8154,7894,3503,6000,7002,2019,LISBOA,Chade
508,31,9054,1329,6896,6388,9243,5742,8851,5008,1329,3469,2019,LISBOA,Jordânia
2311,3459,8867,4434,5538,3200,600,2253,3340,3860,5215,9643,2019,LISBOA,Namíbia
2573,8185,137,9210,1144,308,6421,2723,9849,1661,1666,2963,2019,LISBOA,Antígua e Barbuda
6154,40,2606,4355,2692,2383,8434,4618,3253,9646,734,8012,2019,LISBOA,Nigéria
7947,8248,9039,7699,3138,1885,2807,3698,7013,7527,8512,2650,2019,LISBOA,Djibouti
69,3838,188,5479,7393,6466,7372,6233,9401,2417,2799,2933,2019,LISBOA,Eslovénia
8048,809,4273,3324,899,9421,2425,8027,4052,2661,5200,2258,2019,LISBOA,Arábia Saudita
3085,5034,9884,2623,7479,4403,1134,3788,1563,9163,9246,6814,2019,LISBOA,Uganda
1849,3633,9848,9945,8377,2857,3869,224,3081,6478,8266,5577,2019,LISBOA,India
6344,8383,1470,8293,6778,3615,4221,6959,9536,6800,3266,5401,2019,LISBOA,Gabão
8625,1346,189,3924,9957,8910,7015,7416,7975,5127,6552,7539,2019,LISBOA,Quénia
5197,4683,8694,5775,8415,2378,8935,9236,9013,5326,2304,1823,2019,LISBOA,Bahamas
4467,4381,8757,9945,4274,3243,293,5752,10,7887,3771,326,2019,LISBOA,Argentina
7457,6068,5545,7175,559,6138,5109,9672,5862,7750,8392,8786,2019,LISBOA,Bermuda
2595,9577,7507,5196,4664,7844,5980,9411,710,118,7364,3633,2019,LISBOA,Gibraltar
1043,8153,2140,9670,1976,4147,2509,5905,662,9630,6812,7076,2019,LISBOA,Etiópia
5916,400,3179,4576,1545,8083,1708,2065,8894,3182,2477,6305,2019,LISBOA,Eslováquia
8938,4240,3028,3169,9012,7625,1370,7360,220,5214,4619,598,2019,LISBOA,Líbano
3444,9439,4087,3918,3164,9310,5142,7794,251,3060,2745,9606,2019,LISBOA,Ilhas Faulkland
9395,5663,3729,4512,1291,4082,7315,7732,9395,7239,1697,1748,2019,LISBOA,Sérvia e Montenegro
6096,6591,9876,6694,5821,3792,3872,1823,8180,5911,7073,9549,2019,LISBOA,Kuweit
4571,950,5525,4068,2975,2459,8689,275,5219,9580,9181,4091,2019,LISBOA,Burkina Faso
3773,303,1648,2879,2162,6250,380,8565,5037,7315,1180,5164,2019,LISBOA,Bielorússia
9807,1516,9850,443,971,4594,6757,452,6908,6393,6186,471,2019,LISBOA,Mauritânia
7648,9428,7397,9672,6908,6378,9141,2529,218,8798,224,447,2019,LISBOA,Tanzânia
4238,7949,8805,8221,1628,5254,1452,4303,6558,6427,68,4484,2019,P.DELGADA,Portugal
4765,4942,6673,7119,1603,3942,1757,361,6561,9206,4875,4751,2019,P.DELGADA,Estados Unidos da América
2890,9683,728,2921,8245,1314,9222,2471,5234,9814,9570,2305,2019,P.DELGADA,Canadá
4377,4063,2503,5210,397,6839,3836,3202,1327,8657,5372,5758,2019,P.DELGADA,Inglaterra
2651,8220,9115,4722,7834,6770,8118,9268,2354,7631,805,1145,2019,P.DELGADA,Alemanha
7589,5394,1957,4647,2073,3443,9032,2258,9199,7255,2740,3241,2019,P.DELGADA,Cabo Verde
9877,1547,6959,4576,2111,3852,5406,8429,8756,3367,8788,9633,2019,P.DELGADA,Dinamarca
9665,4683,8777,7891,9675,6002,7642,394,456,2865,7454,8699,2019,P.DELGADA,Bélgica
7825,705,1981,516,4659,9453,5579,5900,7746,6566,6167,5783,2019,P.DELGADA,Holanda
7680,7531,6292,515,6547,901,9947,7455,2744,8534,5136,125,2019,P.DELGADA,Espanha
7975,3120,3834,1902,5399,9328,2890,9062,7479,517,8422,9859,2019,P.DELGADA,Finlândia
775,8344,4561,6531,7711,9247,4020,4500,9870,1281,1819,5467,2019,P.DELGADA,Letónia
4922,7776,3662,3825,4754,3905,9409,4957,4886,1652,3295,9646,2019,P.DELGADA,França
3734,3105,9928,9939,9603,9785,6153,3502,6977,1180,7995,3633,2019,P.DELGADA,Mauritânia
4134,9326,9170,7556,4655,1161,5531,1972,4664,8765,7753,50,2019,P.DELGADA,República Dominicana
2937,6468,4701,4313,5117,3173,2452,2818,6132,1093,6752,8472,2019,P.DELGADA,Rússia
6755,7739,8812,1153,3863,4094,9144,3671,5033,9364,9204,2388,2019,P.DELGADA,Grécia
3630,3355,3078,8198,9551,4290,7544,6707,3928,5196,1295,4988,2019,P.DELGADA,Senegal
8382,9530,4564,115,9937,5748,8743,2508,9087,6116,2986,9297,2019,P.DELGADA,Marrocos
8248,5802,7420,6920,4001,5180,33,2039,6015,8139,9297,166,2019,P.DELGADA,Porto Rico
7223,6202,9788,5171,849,6060,5026,9718,6339,3020,1788,811,2019,P.DELGADA,Israel
5489,3833,4843,5597,6328,7467,7234,1524,7489,4371,5398,2141,2019,P.DELGADA,Itália
5852,7189,342,8854,7679,5491,8103,5283,3457,4597,17,1505,2019,P.DELGADA,Suiça
4671,2866,7047,4989,3167,4514,4951,3092,7136,6954,7481,8701,2019,P.DELGADA,Venezuela
9097,795,2292,7903,5195,9989,7398,6134,2662,3058,2110,6321,2019,P.DELGADA,Jamaica
2541,2604,8155,7953,5342,9947,6844,3272,8843,1951,9644,5290,2019,P.DELGADA,Bermuda
7007,3080,5170,7134,5900,7431,8377,1809,2744,9096,1251,7893,2019,P.DELGADA,Equador
8684,1461,1137,1619,3858,2882,5893,9296,889,6700,7787,588,2019,P.DELGADA,Cuba
3554,3945,4423,3021,3902,5553,1860,7801,3475,723,3479,8872,2019,P.DELGADA,Aruba
603,5104,5238,3131,2097,5942,9895,4715,2866,8605,8253,4297,2019,P.DELGADA,Malta
9070,794,1904,5437,2450,8834,6457,614,598,4746,8827,4446,2019,P.DELGADA,Peru
6013,3506,3816,7375,8259,9075,4385,8992,4733,5929,585,2740,2019,P.DELGADA,Turquia
9889,6487,4822,7364,2362,755,2762,2247,5460,6648,899,3308,2019,P.DELGADA,Desconhecido
9478,4185,6898,618,5632,2492,4419,9588,2797,701,1564,192,2019,P.DELGADA,Austria
4466,602,7519,7460,2008,9395,6424,8491,1628,2218,6747,6946,2019,P.DELGADA,Egipto
8860,7879,6615,7780,876,1949,1196,9110,2310,9238,5432,908,2019,P.DELGADA,Antígua e Barbuda
4123,7397,7080,7374,1308,7932,4282,4433,3526,9698,4046,6540,2019,P.DELGADA,Gana
1660,6442,7426,9090,5714,4029,5020,5891,9451,2919,872,2732,2019,P.DELGADA,Botswana
5269,2050,8331,9027,6820,8142,8700,6657,2631,8580,9116,8086,2019,P.DELGADA,Polónia
569,1949,4203,5167,685,3980,2857,1143,3082,5747,3750,6480,2019,P.DELGADA,Gibraltar
4308,8452,5766,4479,2371,681,42,4055,6110,6964,9346,3045,2019,P.SANTO,Portugal
5824,2925,3548,1006,4854,9278,1759,7828,3474,5749,1724,7384,2019,P.SANTO,Inglaterra
3018,8297,4454,478,3982,2741,1140,4918,380,9244,4144,3844,2019,P.SANTO,Dinamarca
847,7534,5103,3131,8939,7126,5074,2495,4170,6014,2194,3547,2019,P.SANTO,Alemanha
8964,8287,7059,2444,22,3362,574,3636,944,5911,3649,6805,2019,P.SANTO,Itália
4692,5535,4201,9354,3234,3116,231,490,1227,4071,5911,7990,2019,P.SANTO,França
4090,4007,201,6366,1145,6495,2319,512,7756,8529,5658,3805,2019,P.SANTO,Holanda
6603,3369,152,4470,1083,6177,9589,7593,2770,4003,9253,3970,2019,P.SANTO,Suécia
5239,1668,9118,5834,7814,396,7630,6651,1774,536,8483,2697,2019,P.SANTO,Espanha
8031,9581,5488,4807,5633,7927,3475,1032,6011,2683,2564,8804,2019,P.SANTO,Noruega
8930,4153,5101,7666,1818,250,8355,6705,9450,9702,9990,2291,2019,P.SANTO,Polónia
4734,3550,7224,6668,4571,811,459,9970,165,2039,6327,7074,2019,P.SANTO,Finlândia
9923,9198,8844,7532,8683,7644,3291,6337,123,6464,6894,1429,2019,P.SANTO,Luxemburgo
4638,8640,4571,4384,6252,3294,8997,8621,5100,4054,9020,3741,2019,P.SANTO,Suiça
8227,6888,59,9602,9951,6065,8069,2421,7251,9550,584,1670,2019,P.SANTO,Senegal
6936,9781,9081,5009,113,415,3506,1810,4425,2362,646,1847,2019,PICO,Portugal
3633,4549,3479,5354,1115,6056,9533,3024,1178,1593,628,793,2019,PICO,Espanha
6464,2155,9617,808,2392,5892,2541,4144,3199,5821,2634,2605,2019,PORTIMÃO,Portugal
3442,9201,7918,5385,6807,8074,9911,3691,8393,1942,800,9833,2019,PORTO,França
6600,3297,5906,1012,6423,2429,8411,4794,4305,5291,779,8158,2019,PORTO,Espanha
4012,5425,8969,6888,9208,5735,4872,6238,7324,7191,1340,6815,2019,PORTO,Portugal
6067,3178,3949,842,9900,2210,5286,1987,9007,1990,4352,6957,2019,PORTO,Alemanha
4230,5164,57,7546,8605,4248,2566,7738,8958,6719,4777,1615,2019,PORTO,Inglaterra
4350,3901,666,7904,5110,733,1988,146,1474,237,7420,8771,2019,PORTO,Suiça
7220,7313,7846,9393,2324,2620,3233,8485,9183,9891,4451,7307,2019,PORTO,Itália
2717,6188,621,5239,231,666,9,500,1427,2153,9494,8782,2019,PORTO,Bélgica
3285,3863,819,775,3701,2484,9331,6526,7371,1785,6321,3758,2019,PORTO,Holanda
2184,4396,8197,6325,7322,2768,2648,6476,9896,6252,2090,3576,2019,PORTO,Luxemburgo
3313,2110,5998,8086,1809,4086,4391,8156,4942,543,5974,2188,2019,PORTO,Brasil
1630,9967,4852,2503,245,3518,3541,496,6846,3739,6695,7025,2019,PORTO,Polónia
2592,1112,1128,8702,6348,5633,8993,2533,3613,5538,4634,3697,2019,PORTO,Estados Unidos da América
6088,7713,7542,8964,7150,3261,2803,7011,9738,8525,3975,5503,2019,PORTO,Marrocos
516,8679,6493,4261,8280,7022,6828,8431,1366,6884,3720,5472,2019,PORTO,Canadá
8061,8410,9936,3597,805,2391,3402,2477,9974,7218,4473,9391,2019,PORTO,Turquia
8439,815,8608,5547,4126,9309,1463,5436,8219,3750,5699,1949,2019,PORTO,Irlanda
6873,7377,3563,9857,724,5437,5011,8595,3027,6251,8355,978,2019,PORTO,Angola
8155,6908,3411,9324,4067,9576,5286,9196,6247,2791,2590,6531,2019,PORTO,Malta
6087,3542,5885,1937,4683,8652,9181,4863,5041,3105,4469,1233,2019,PORTO,Emiratos Árabes
6987,8849,1867,8092,8083,8018,2760,5924,6185,4369,461,5474,2019,PORTO,Hungria
8809,8630,5522,868,7831,4346,2871,767,3462,1907,7133,7504,2019,PORTO,Austria
9657,2529,2007,2154,3437,1244,8159,5174,6642,7779,6308,9503,2019,PORTO,Grécia
8576,2722,8083,6966,4222,4457,1033,3603,9890,2213,5690,7466,2019,PORTO,Dinamarca
4767,3663,4729,9374,9613,7397,3091,881,621,4087,58,8674,2019,PORTO,Tunísia
9905,5873,2040,7472,664,2111,7045,1488,8219,9809,2641,1848,2019,PORTO,Finlândia
5336,3248,682,2881,771,8620,763,8607,6022,6655,3571,5243,2019,PORTO,Cabo Verde
2843,3052,3964,7783,3707,1135,9752,1890,2623,4564,3154,983,2019,PORTO,Rep. Checa
351,6386,7597,6837,957,6241,2135,6723,4719,2759,1516,4162,2019,PORTO,Croácia
9880,799,9089,2468,672,6707,3749,9611,4685,2732,9865,1502,2019,PORTO,Israel
7812,1926,5318,7727,5884,6154,4874,6790,4456,7113,8096,6634,2019,PORTO,Islândia
9526,9819,2919,1950,8927,5304,6965,1832,483,2457,9479,1161,2019,PORTO,Rússia
7361,8873,235,2268,8900,319,9188,5474,2371,1891,646,5760,2019,PORTO,Bulgária
1546,9050,1997,6552,9638,4679,1342,1932,817,2184,9914,712,2019,PORTO,Cuba
1194,1345,6721,2891,4305,5925,3449,8812,9904,9942,6522,8741,2019,PORTO,Noruega
4478,3256,5047,8484,6465,7843,3131,8293,5997,1160,1960,3849,2019,PORTO,Eslováquia
290,2395,4538,7299,1643,4345,218,2234,1578,8457,5527,5611,2019,PORTO,Ucrânia
4386,5753,1039,188,3664,1363,9241,1596,3020,1550,2454,8169,2019,PORTO,Suécia
8061,4896,956,4884,5674,4763,2940,2346,6317,6299,8707,3891,2019,PORTO,Roménia
9378,5137,8770,888,6049,7493,2245,5282,4111,1557,5317,6960,2019,PORTO,Eslovénia
6793,827,189,5602,7307,1941,163,6994,9715,777,5512,876,2019,PORTO,Arábia Saudita
8690,5947,572,6419,2355,509,9478,5091,6660,5363,651,9854,2019,PORTO,Ilhas Virgens USA
3889,720,5184,2353,3079,9792,2945,3159,345,4652,4436,6835,2019,PORTO,Antilhas Holandesas
9767,5646,9249,2621,4189,1377,7779,6036,5381,9761,9372,7840,2019,PORTO,Sri Lanka
7391,9596,9063,5897,1147,19,2477,6661,4872,6865,181,9888,2019,PORTO,Turcos e Caicos
2597,1372,1490,2771,4406,5187,6758,2057,7119,4168,7146,8866,2019,PORTO,Gibraltar
8378,8399,1437,1406,9154,1163,7269,3026,8093,8047,8421,118,2019,PORTO,Níger
4189,6016,6165,432,7245,5333,6027,7254,3070,6492,2730,2476,2019,PORTO,Chile
8740,5371,3565,8102,7206,6665,5625,1526,5875,9044,8098,9673,2019,PORTO,Líbano
8059,8824,4039,1586,8697,2922,1070,7146,7222,4752,1724,4097,2019,PORTO,Tailândia
3292,42,5661,9647,515,8164,3725,1319,371,6944,8994,851,2019,PORTO,Guadalupe
9693,8474,5794,2133,9477,5125,8851,5500,8020,6212,5905,8811,2019,PORTO,Argélia
6332,2435,9959,6213,6845,2870,3115,868,5629,6672,5184,8228,2019,PORTO,Antígua e Barbuda
6050,799,3399,4479,1457,5491,3775,3895,2719,9679,3894,758,2019,PORTO,Costa do Marfim
2904,6364,5444,660,7723,9391,1889,8028,23,251,9707,6136,2019,PORTO,Arménia
8686,4328,8696,9753,8836,1814,4582,6151,1195,4215,5329,8910,2019,PORTO,Argentina
601,8187,995,3369,9410,9533,3146,3770,8869,4723,7923,7632,2019,PORTO,Quénia
4885,978,2686,9808,6018,6641,8189,9218,8466,138,4617,2641,2019,S.JORGE,Portugal
1186,6846,5018,1678,717,7973,4255,8449,8502,2171,2880,5472,2019,S.JORGE,Dinamarca
1015,2673,2678,8929,5833,3669,5523,362,5661,256,2846,9870,2019,S.MARIA,Portugal
3124,1731,4651,3503,367,2490,7029,8487,2071,9635,6761,1119,2019,S.MARIA,Martinica
1388,5024,2497,25,7150,7437,5211,7284,5937,2332,3002,2559,2019,S.MARIA,Inglaterra
975,286,164,2781,2677,1502,7392,2632,180,1152,6966,8098,2019,S.MARIA,Holanda
3950,3545,2696,7813,4694,4148,2124,9468,8933,344,7095,9221,2019,S.MARIA,Alemanha
7559,2422,9637,2412,2614,4711,5937,1088,507,766,8285,4121,2019,S.MARIA,Estados Unidos da América
3984,5011,7279,9606,2845,297,3202,862,7050,8169,4236,4719,2019,S.MARIA,Espanha
4322,9965,5813,5223,8013,7678,7436,6338,7908,2776,626,5001,2019,S.MARIA,Rússia
1341,816,551,2787,3252,841,2672,1382,1559,5183,5198,3670,2019,S.MARIA,França
2305,4737,5123,7569,5367,8668,9039,1770,3374,4871,2724,1846,2019,S.MARIA,Suiça
8877,2465,5173,1744,3674,193,9435,1581,9733,3896,191,5386,2019,S.MARIA,Itália
7012,2784,7235,1862,5629,4351,5778,2017,7615,5003,5120,5835,2019,S.MARIA,Rep. Checa
8228,5453,4970,7016,2748,7906,7977,3150,3075,4985,1351,9269,2019,S.MARIA,República Dominicana
1639,2841,8738,2960,7460,9428,5034,9799,4860,3755,9574,7046,2019,S.MARIA,Venezuela
7378,7017,4315,5811,9291,9624,8031,7976,9155,3712,4244,7615,2019,S.MARIA,Marrocos
5904,94,499,7199,8419,3180,7228,8269,4877,1954,6857,6411,2019,S.MARIA,Turquia
5149,5952,2776,9787,1928,6127,5968,4799,9956,9440,2961,843,2019,S.MARIA,Nigéria
2671,4609,312,1003,8606,4451,197,4214,2820,99,7620,8711,2019,S.MARIA,Bélgica
6019,574,8876,3888,8498,1568,4638,6435,9279,5473,4197,3273,2019,S.MARIA,Canadá
8949,334,9628,6631,7452,5906,2637,1954,2863,3334,7596,2524,2019,S.MARIA,Grécia
5780,5310,2928,4422,3630,9093,4828,755,6373,8837,711,1697,2019,S.MARIA,Antilhas Holandesas
5631,2077,2594,1673,4535,4735,2426,9671,372,298,9415,232,2019,S.MARIA,Barbados
5015,2257,279,130,9758,3446,267,6481,5333,5893,4514,2946,2019,S.MARIA,Bahamas
2824,5741,1538,1187,4549,1836,5239,2210,8077,4182,2354,734,2019,S.MARIA,Ilhas Virgens UK
2968,4051,9449,1267,551,4740,2263,4085,3792,1235,8503,530,2019,S.MARIA,Antígua e Barbuda
2520,2978,6157,7338,5117,934,4955,4549,6257,6833,6379,7171,2019,S.MARIA,México
6264,2650,4163,2477,643,1577,2254,2764,582,6464,4610,6185,2019,S.MARIA,Zaire
2917,6793,9928,2684,8279,2665,4932,7123,6271,6916,4412,7564,2019,S.MARIA,Santa Lúcia
6265,33,6476,6776,843,5713,9171,2894,6464,4233,8933,6568,2019,S.MARIA,Malta
2043,5212,6007,7158,3944,8858,3509,2585,8245,774,2569,3753,2019,S.MARIA,Austria
3204,8508,8223,7622,5571,8317,454,705,7017,1342,7936,4229,2019,S.MARIA,Burkina Faso
3894,9826,1331,1622,3963,6897,4511,2238,4894,8837,6683,2527,2019,S.MARIA,Turcos e Caicos
3435,1936,5111,5724,1882,8994,6215,7819,415,4500,6716,7586,2019,S.MARIA,Noruega
589,2990,1805,5757,4296,1479,7688,8349,948,3724,6014,7659,2019,S.MARIA,Ucrânia
8894,6601,4512,7369,7191,6670,2098,9223,1203,9846,4735,7471,2019,S.MARIA,Croácia
299,5679,5387,2342,6167,8271,2059,8921,605,2321,5215,9583,2019,S.MARIA,Líbano
29,7067,2523,5585,4166,4172,8353,8100,8660,2060,6199,6295,2019,S.MARIA,Arábia Saudita
1270,8015,5123,1362,5698,1878,442,2556,7000,1557,7895,1292,2019,S.MARIA,Guadalupe
5848,657,8083,3033,9496,8185,5285,64,6616,3209,1384,5019,2019,S.MARIA,Bermuda
5433,9271,3333,5534,1561,7938,9553,7648,7246,4070,6643,2360,2019,S.MARIA,Gibraltar
9414,9272,5767,4467,6270,5201,9355,8604,8848,4653,6010,5573,2019,S.MARIA,Guiné Equatorial
53,2043,7298,927,188,5185,6036,5684,4297,4898,9475,2336,2019,S.MARIA,Tunísia
2317,3137,70,4067,6891,6093,5729,2626,720,2371,3587,6541,2019,S.MARIA,Jamaica
578,2809,1859,3698,632,8558,5225,37,9202,9952,2157,1312,2019,S.MARIA,El Salvador
6602,118,1690,9089,8345,768,9180,1989,9270,1995,7069,490,2019,S.MARIA,Israel
2152,1582,982,1299,4726,7624,2629,6167,1183,5684,1459,3311,2019,S.MARIA,Porto Rico
4969,7600,6784,5990,9818,7145,9867,6410,9631,9938,7377,9141,2019,S.MARIA,Argélia
8920,9624,5108,2595,5562,4170,409,1473,614,7821,6700,5418,2019,S.MARIA,Luxemburgo
1592,1679,9783,9197,9717,6989,9912,1398,551,1912,7009,6904,2019,S.MARIA,Colombia
2952,835,4760,5516,1416,3674,8124,9201,3470,7138,5236,8461,2019,VILA REAL,Portugal
1283,7085,9115,3719,2815,902,6026,4144,7933,3970,204,20,2019,VISEU,Portugal
6771,5422,5900,993,7545,7007,6789,8457,1333,9243,2496,6271,2020,BEJA,Canadá
5721,8616,6717,907,8544,8343,7386,6368,5568,3576,5405,7843,2020,BEJA,Inglaterra
7263,5444,2900,9086,5723,4791,6532,297,7373,9480,6833,7974,2020,BEJA,França
1826,969,67,7557,7772,9172,5463,478,7761,7575,8634,3304,2020,BEJA,Portugal
1673,9089,6758,7427,3225,3894,974,3818,4018,5124,6697,9398,2020,BEJA,Alemanha
9126,7823,9899,5174,364,7674,4841,7488,7382,6119,3841,813,2020,BEJA,Espanha
2677,2417,8066,7614,3661,5621,4436,3313,6345,5603,5371,5949,2020,BEJA,Bélgica
1182,3387,1079,8634,2901,7019,1947,6786,998,849,3264,1971,2020,BEJA,Austria
7217,1157,9025,1881,5802,2328,8258,412,5876,4775,5717,788,2020,BEJA,Sri Lanka
1854,7778,5705,4514,8556,2571,1088,8695,6783,1455,2316,1411,2020,BEJA,Brunei
1718,7556,6339,8775,1209,8347,3180,5607,1547,6016,7120,7065,2020,BEJA,Suiça
3083,6643,9892,6489,5896,9951,1404,439,6951,8263,8112,6043,2020,BEJA,Itália
8013,8258,1453,9497,7015,3846,5534,4965,5457,1435,1718,8096,2020,BEJA,Estados Unidos da América
5009,6518,3284,614,9968,2829,3768,9738,9427,3781,8785,5616,2020,BEJA,India
6452,1530,4175,848,5040,9910,8235,9150,2272,8054,7441,339,2020,BEJA,Marrocos
8233,6531,5769,7547,6370,5804,7685,8925,3874,3635,7650,5531,2020,BEJA,Holanda
5132,267,3721,6094,3238,4956,4330,6969,1567,7670,1056,9803,2020,BEJA,República Dominicana
8271,6233,6609,9746,3965,5542,5654,9127,236,6203,3293,8590,2020,BEJA,Filipinas
4342,6171,3136,9195,4395,1374,8510,7020,5482,1984,490,3474,2020,BEJA,Malásia
1970,8091,456,1152,4200,252,4624,6503,9585,7548,6598,5966,2020,BEJA,Grécia
3412,2906,1157,12,3437,9760,1779,7973,5795,5545,8492,8801,2020,BEJA,Desconhecido N/Schen
7242,5335,3685,9125,4771,4148,6488,1289,7752,988,2691,2640,2020,BEJA,Dinamarca
3099,6287,8563,4756,2464,8066,6847,5794,6567,9372,9306,4793,2020,BEJA,Brasil
3774,2313,6285,557,9463,3713,5384,1050,3663,181,281,4201,2020,BEJA,Islândia
2075,7517,2377,6809,7303,3486,2111,9592,1436,9955,8108,9323,2020,BEJA,Desconhecido
6563,2068,5509,2090,4061,1641,1327,3846,118,1496,5544,7540,2020,BEJA,Burundi
7373,2084,3039,8235,8074,1580,9736,4586,548,2909,2885,4691,2020,BEJA,Luxemburgo
2595,6919,4974,7399,2500,4222,8552,650,2354,6090,9998,4240,2020,BEJA,Hungria
4646,7648,6029,2235,3639,7477,7258,6759,3914,9426,6858,9601,2020,BRAGANÇA,Portugal
6181,1004,2444,7547,8801,9435,656,1065,9084,8615,6232,9398,2020,BRAGANÇA,França
9149,442,1744,4308,8683,3627,4643,2083,3055,4500,415,6608,2020,BRAGANÇA,Espanha
4895,4070,4056,536,547,7940,5428,6560,5174,1245,9098,718,2020,CASCAIS,Portugal
5277,8499,986,8759,7474,7802,4093,3886,7878,1425,5032,8625,2020,CASCAIS,Espanha
6498,4217,7883,7586,2187,5506,6082,4391,577,4519,1699,3179,2020,CASCAIS,França
2355,5464,8367,7386,9678,1957,7323,9379,4397,1601,8842,240,2020,CASCAIS,Inglaterra
3219,4991,3163,1313,8293,1938,2211,7609,3378,7008,9186,2707,2020,CASCAIS,Brasil
9674,8356,1932,1365,4428,6087,5101,5237,8216,1343,9408,5231,2020,CASCAIS,Itália
6675,2496,855,7269,1130,6956,8061,6321,6613,2676,3544,5344,2020,CASCAIS,Suiça
7247,9513,2198,3973,9679,1371,1907,3654,1747,7050,1926,6956,2020,CASCAIS,Alemanha
3005,393,8094,546,9100,4973,4895,7209,7669,9209,641,2774,2020,CASCAIS,Holanda
3729,6806,7748,6504,4469,8906,4331,6541,724,1448,2728,136,2020,CASCAIS,Luxemburgo
1281,1248,2412,6206,1634,4327,137,7139,8538,3767,5072,5213,2020,CASCAIS,Polónia
376,7820,9351,2633,8787,5147,6211,5443,921,7940,5182,7256,2020,CASCAIS,Cabo Verde
9391,3911,1798,2584,4680,3450,4663,2659,7161,1864,9381,5017,2020,CASCAIS,Bélgica
9762,7484,4637,983,3326,771,4913,3617,6973,1322,9925,7034,2020,CASCAIS,Angola
1093,9406,4077,3918,1441,991,605,9313,7508,8981,3342,1578,2020,CASCAIS,Estados Unidos da América
1598,3310,7103,1870,3867,6288,6949,8543,9457,1447,3451,4611,2020,CASCAIS,Argélia
1392,3139,3379,3751,5993,216,1891,5875,5998,6783,6084,1898,2020,CASCAIS,Dinamarca
1664,5482,7236,4738,8346,9042,1592,3212,3265,1628,5513,9260,2020,CASCAIS,Canadá
9939,9967,3870,8031,6204,786,7618,3132,6309,9153,4136,279,2020,CASCAIS,Malta
6239,4318,9306,8966,3723,626,5404,1073,9303,4420,6229,6580,2020,CASCAIS,Grécia
127,9302,477,8457,9171,305,5828,2535,6212,9142,8516,328,2020,CASCAIS,Colombia
50,9743,4099,9523,1147,6703,9140,4458,3511,3170,7441,4410,2020,CASCAIS,Jordânia
1444,2864,6929,8512,9908,1733,410,6095,307,9595,8502,1755,2020,CASCAIS,Lituânia
6572,3908,5673,2383,7126,8411,7223,6577,6945,7959,8665,2435,2020,CASCAIS,Marrocos
7629,303,4214,3681,4500,8992,3964,4985,6073,6904,9841,2960,2020,CASCAIS,Suécia
9686,3489,522,465,7957,9704,3567,3430,6480,8971,7274,7870,2020,CASCAIS,Rep. Checa
2670,8228,499,2404,1155,2450,9888,5830,5975,1155,7758,7315,2020,CASCAIS,Irlanda
229,3411,674,8459,7096,6786,9457,6280,9072,961,7584,4361,2020,CASCAIS,Austria
5492,5478,3912,3346,3129,4817,3686,2785,4669,6098,2072,2714,2020,CASCAIS,Congo
798,3216,9576,9650,8777,7746,2523,1116,5110,5783,8614,800,2020,CASCAIS,Eslováquia
1078,2522,6988,8109,5577,654,7095,1537,5710,1219,6425,9420,2020,CASCAIS,Gibraltar
8617,659,9071,574,3374,3183,2521,4302,1542,8206,8226,7614,2020,CASCAIS,Egipto
3878,2817,8156,7603,8225,2565,855,4280,1082,9796,4710,8472,2020,CASCAIS,Israel
4564,2273,3616,4963,7288,7809,1703,4285,7926,7485,8943,6366,2020,CASCAIS,Eslovénia
4176,3386,3767,7526,1450,963,7225,7310,7413,4968,3333,6907,2020,CASCAIS,Chipre
7144,6256,523,9799,1576,8115,6860,7462,9194,2966,7556,692,2020,CORVO,Portugal
3913,4770,2334,5847,5717,4791,4401,1963,6458,2339,4131,8050,2020,FARO,Inglaterra
9163,6412,683,3175,5203,2503,2754,6218,1412,49,1407,3028,2020,FARO,Alemanha
3744,853,278,5111,1839,7683,498,9325,9917,1453,4124,7921,2020,FARO,França
3524,9950,3615,8650,8925,2525,7851,7584,2565,944,9088,206,2020,FARO,Holanda
3067,376,6713,4144,1153,3686,9472,198,2204,6901,2476,6491,2020,FARO,Portugal
7240,2339,1901,802,9849,7574,7646,8216,8592,849,6491,4950,2020,FARO,Irlanda
4428,1005,8537,543,6331,4817,926,1249,8888,1698,6020,7665,2020,FARO,Bélgica
394,4929,7397,1185,2601,4382,133,5080,4836,9479,8309,4762,2020,FARO,Suiça
406,7478,6051,984,1588,8438,8463,6011,956,7536,6557,2910,2020,FARO,Luxemburgo
9030,8315,4460,3551,9448,280,6088,22,8481,2251,632,2917,2020,FARO,Espanha
3620,7390,1339,6283,4835,6161,2786,8858,9549,4980,8531,347,2020,FARO,Suécia
7677,5752,766,5480,3289,6537,4722,8573,1452,9242,4048,4198,2020,FARO,Itália
978,783,4505,2104,2213,849,793,6201,3030,6690,7756,9807,2020,FARO,Austria
9776,1222,2461,5413,98,7662,9034,4768,3812,9353,379,245,2020,FARO,Dinamarca
9973,6951,795,6050,5762,5414,4726,8813,7400,3299,7153,2626,2020,FARO,Polónia
8560,159,6813,102,6242,8993,8202,8572,5731,9306,9950,2067,2020,FARO,Canadá
4754,1319,6915,1512,3297,4624,8202,4398,3787,2527,558,5606,2020,FARO,Noruega
3437,3823,2308,8825,5450,9945,4907,529,1540,8743,9034,3820,2020,FARO,Gambia
6695,9181,993,1859,2419,8892,9218,3460,4792,8025,8243,3544,2020,FARO,Cabo Verde
5207,772,1838,7903,5133,6468,7393,2478,8886,9651,2401,1928,2020,FARO,Finlândia
1224,4589,4426,6621,8445,6753,7297,513,4207,7552,1395,1738,2020,FARO,Gana
2935,3792,528,6769,210,4158,4963,7184,6223,9901,8521,8076,2020,FARO,Angola
5990,8054,7615,2932,7050,6478,4,2279,4064,4994,3678,5573,2020,FARO,Brasil
9191,2159,5313,3556,6053,2886,6253,2132,9001,9503,2895,8004,2020,FARO,Grécia
1190,7382,9197,2259,5527,4746,6123,8919,8637,6955,3237,2370,2020,FARO,Rep. Checa
8111,217,8626,809,5446,295,3610,9553,3038,4830,4910,2606,2020,FARO,Marrocos
2857,1240,1185,16,6562,6027,1023,2402,1660,4214,8572,684,2020,FARO,Estados Unidos da América
5000,5724,2005,6668,5181,8484,3398,3686,4401,5612,4426,7069,2020,FARO,Argélia
9671,7871,8106,5727,9727,8352,8596,8938,7990,795,3534,4909,2020,FARO,Croácia
6610,8202,1298,4149,1818,8663,4784,5222,2933,7801,2120,5244,2020,FARO,Hungria
6766,1708,7069,8099,5127,5288,5809,703,4421,1860,3135,4153,2020,FARO,Chipre
9219,9277,275,6310,3575,3385,5973,6840,5875,2036,5630,1392,2020,FARO,Uganda
1825,6870,9589,9267,1155,4346,7796,7924,442,7747,3887,6033,2020,FARO,Gabão
1553,2865,3751,6543,8315,9206,1297,3056,3138,9417,1493,8139,2020,FARO,Emiratos Árabes
6201,8074,3118,4804,1875,6376,2155,6193,4036,9716,8704,2615,2020,FARO,Gibraltar
9654,4132,5668,3306,3573,3526,1383,3833,7633,6174,9265,3997,2020,FARO,Ucrânia
965,753,5202,8531,6618,1379,1506,7475,5818,6830,677,5274,2020,FARO,Mali
5836,4432,4750,5590,5672,2655,4361,7423,447,9874,5902,8655,2020,FARO,Letónia
7061,6263,7166,4396,5405,6965,358,5385,5688,4721,2423,716,2020,FARO,Japão
4029,6639,974,2812,6227,435,1920,6856,5994,4049,1065,7294,2020,FARO,Egipto
6819,7261,9632,7094,6767,4070,254,695,3275,2071,7345,1320,2020,FARO,Malta
7741,8367,4262,5137,7193,406,7179,7489,3964,9281,659,7358,2020,FARO,Senegal
4880,5266,3251,5908,4331,5927,1950,4429,2658,8916,8165,6770,2020,FARO,Rússia
8782,8802,8296,5476,2199,8888,1981,6060,3354,7118,1528,232,2020,FARO,Africa do Sul
6992,8538,219,4693,506,1478,474,3871,741,3599,4198,8307,2020,FARO,Chile
1060,1356,4092,482,2956,7512,5303,3829,6041,8446,1986,2912,2020,FARO,Nigéria
9441,6900,5697,7953,3924,7878,520,1075,2632,9632,5420,3227,2020,FARO,Maldivas
6588,2420,2588,4378,2510,7894,8354,896,3786,9033,3538,8607,2020,FARO,Mauritânia
6814,1519,2038,8240,9935,7629,2946,9993,6977,5379,7042,6777,2020,FLORES,Portugal
4958,1080,3282,2984,2798,4705,5659,5774,1673,9531,7166,9471,2020,FUNCHAL,Portugal
8782,6080,6148,597,4469,6813,4695,3421,5002,5986,7853,9504,2020,FUNCHAL,Inglaterra
5500,8535,4540,6208,473,6013,5301,8756,5055,9081,2296,32,2020,FUNCHAL,Alemanha
6004,2881,2898,1998,2177,4136,1394,7107,1751,9755,7828,2424,2020,FUNCHAL,França
4036,8085,2929,6615,5093,3047,8749,6547,3688,920,443,9046,2020,FUNCHAL,Holanda
8983,1903,5500,4405,4686,3927,5494,6125,8378,1354,289,7326,2020,FUNCHAL,Polónia
2116,9386,3121,783,2428,3224,121,1039,2379,323,5343,5959,2020,FUNCHAL,Dinamarca
7453,2470,6237,4121,9556,5301,4834,1745,5112,9466,3784,8862,2020,FUNCHAL,Espanha
6761,5433,2969,7843,1499,4881,7982,5036,1882,6057,2116,8553,2020,FUNCHAL,Finlândia
1567,7045,3902,8458,3450,5977,5157,907,4308,6683,7482,1264,2020,FUNCHAL,Suécia
5824,2544,5961,7819,6582,3385,6625,1158,1318,8816,9802,5483,2020,FUNCHAL,Bélgica
6152,563,82,1013,1067,4808,7003,6505,6933,1189,1176,2004,2020,FUNCHAL,Suiça
9521,3015,7932,2603,7525,169,8047,7095,4269,1577,7694,9788,2020,FUNCHAL,Luxemburgo
6540,4644,8468,2188,5890,4744,882,8229,7802,5689,2134,3774,2020,FUNCHAL,Rep. Checa
6132,1096,5594,489,982,4552,3245,323,3556,7181,315,7739,2020,FUNCHAL,Noruega
7280,1106,3036,9747,3916,7308,5656,6550,236,246,8954,6750,2020,FUNCHAL,Austria
3425,4407,9776,2189,674,4790,9725,7807,9944,9519,1224,8535,2020,FUNCHAL,Lituânia
4569,546,8122,5691,1006,3376,8553,5079,2071,7179,1937,6994,2020,FUNCHAL,Estados Unidos da América
1371,3360,1978,1751,4680,2896,9086,1691,3136,4048,6287,3374,2020,FUNCHAL,Letónia
7313,3918,7883,2363,9703,3080,4094,5144,3513,5519,1717,5602,2020,FUNCHAL,Itália
7730,3338,6035,1215,4587,4455,7942,3598,99,6302,1704,5549,2020,FUNCHAL,Malta
9539,4753,7579,5719,354,3836,8318,8909,6456,2426,1399,7009,2020,FUNCHAL,Angola
3320,1378,2928,2895,3530,4731,3179,1535,5415,1531,2745,8621,2020,FUNCHAL,Namíbia
943,1697,9057,2909,3534,5302,1513,7947,8149,6427,7095,3614,2020,FUNCHAL,Canadá
7074,4412,1803,6776,2785,1100,5210,5098,4459,8667,7821,5631,2020,FUNCHAL,Israel
5394,3734,888,7971,2781,2950,6438,7191,9463,338,4318,7399,2020,GRACIOSA,Portugal
4399,6978,8316,6548,5062,4976,9144,4921,732,382,9474,1237,2020,GRACIOSA,Dinamarca
5441,4325,7970,6492,9358,8696,6786,782,9095,8980,9106,8568,2020,HORTA,Portugal
9697,3619,4346,8069,9417,3457,6830,7843,9354,6817,2677,1889,2020,HORTA,Cabo Verde
9445,683,8185,25,83,7968,4826,971,1473,8804,385,9696,2020,HORTA,Alemanha
4012,8220,7075,4376,686,6903,9806,3943,865,6892,4409,2643,2020,HORTA,Espanha
3090,2981,4104,5051,3032,5477,859,3311,7692,2548,7375,5382,2020,LAJES,Portugal
552,4124,5767,2621,5273,6403,95,2465,6187,3909,1436,7860,2020,LAJES,Estados Unidos da América
5309,5201,5601,2450,7810,1217,1245,1273,9391,5204,4122,8196,2020,LAJES,Canadá
8631,4347,7391,8854,4371,703,2242,6571,7582,4534,5088,6856,2020,LAJES,Inglaterra
5705,7531,5194,2365,2749,2932,5913,8949,467,3097,1472,2282,2020,LAJES,Itália
1130,8746,1120,1697,6776,4108,8202,1418,1693,3277,1932,9661,2020,LAJES,México
8964,8465,6585,9196,4303,7925,9034,2375,9401,6227,580,6541,2020,LAJES,Marrocos
2220,5325,4507,2959,6548,4518,5407,2457,8819,101,5232,9012,2020,LAJES,Espanha
9030,7501,4203,4369,7274,1053,58,4013,3345,7345,30,7874,2020,LAJES,Cuba
1630,4704,8359,7968,9511,9415,323,857,3205,4576,1494,5290,2020,LAJES,Rep. Checa
7476,533,7331,1148,596,5341,2637,9674,2784,9624,4178,5783,2020,LAJES,Trindade e Tobago
1776,7675,6935,8251,4660,8167,4909,6495,5261,239,8673,9689,2020,LAJES,S. Vicente e Granadina
3288,2396,7192,7100,5891,6198,7218,934,9342,5767,2287,9480,2020,LAJES,Equador
9922,2479,342,7651,2407,4841,8978,2672,2216,5209,4257,3467,2020,LAJES,Eslováquia
4738,4955,1889,4907,9385,2948,6387,6512,8092,7729,4708,6876,2020,LAJES,Burkina Faso
1798,1660,4651,5865,5036,193,4623,9084,318,3322,7434,8040,2020,LAJES,Antilhas Holandesas
4947,150,2438,9078,7532,326,1625,2892,2660,8485,4685,4478,2020,LAJES,Barbados
6759,911,85,4918,4603,1209,1411,4969,7761,2373,9928,4076,2020,LAJES,Níger
4321,360,6901,3928,5073,9065,2079,2039,1988,3939,3152,2919,2020,LAJES,Suiça
6370,3301,2655,1983,7960,4045,7508,9803,4909,3072,6967,1435,2020,LAJES,Líbia
3268,9371,3603,475,8504,4164,2595,5343,4835,3793,2014,6506,2020,LAJES,França
9244,8940,8884,9433,5697,3668,7576,5491,1690,5367,3529,5056,2020,LAJES,Grécia
2717,4031,3266,8686,1878,7118,7846,7803,5740,4769,8598,3474,2020,LAJES,Holanda
6650,3281,3516,9275,9397,2012,7495,491,4813,6510,6249,3909,2020,LAJES,Benin
5886,9784,372,260,1266,7494,488,5810,6673,8945,5943,9966,2020,LISBOA,França
149,4753,1238,8046,6790,2433,2265,7724,9401,5787,50,8845,2020,LISBOA,Portugal
9593,1354,2746,8570,4156,3683,2724,8592,1468,7197,5556,9304,2020,LISBOA,Espanha
6478,1922,8182,3688,8481,9046,2651,2124,6457,3852,5899,1867,2020,LISBOA,Inglaterra
2339,7459,6111,5517,5620,6059,4846,4365,1104,9477,3753,4421,2020,LISBOA,Alemanha
8091,8354,7281,1829,734,2711,8092,3012,6552,7065,1665,9972,2020,LISBOA,Brasil
34,4390,5497,4733,7442,9052,7809,9142,3879,3339,9301,6425,2020,LISBOA,Itália
1463,4632,6550,8293,7376,9871,2828,6971,1291,8510,5301,232,2020,LISBOA,Suiça
6779,6249,1527,7002,8562,7922,6353,4859,7666,9675,819,4277,2020,LISBOA,Holanda
1522,622,8083,800,829,755,1619,6534,9563,4537,541,442,2020,LISBOA,Estados Unidos da América
729,8850,2788,2598,2968,4007,3666,721,6042,1692,6099,1819,2020,LISBOA,Bélgica
6102,4181,7528,2870,417,5421,6604,39,7794,5510,1150,6310,2020,LISBOA,Angola
963,9651,2126,8926,2708,7746,2372,5811,1955,7007,6700,1673,2020,LISBOA,Luxemburgo
3023,9337,3133,8704,8943,8061,8384,6390,4919,2071,5386,2633,2020,LISBOA,Cabo Verde
3137,3763,9637,6345,2577,3273,273,5519,5259,3810,2157,5155,2020,LISBOA,Irlanda
3046,7239,7270,9985,3568,125,7401,9500,4974,8366,2014,1298,2020,LISBOA,Austria
9625,3431,9090,1170,6550,1080,6901,8389,5181,8174,91,4493,2020,LISBOA,Emiratos Árabes
9498,8371,530,3380,9084,6814,6433,827,5048,9132,5351,4390,2020,LISBOA,Canadá
8448,2843,1476,1132,4886,9456,7266,209,4265,4246,4072,4532,2020,LISBOA,Marrocos
655,3762,4268,5659,5796,6965,8009,9720,6867,7684,5605,9657,2020,LISBOA,Senegal
5318,1054,9993,9899,9922,1862,1982,1520,6453,9472,9610,1460,2020,LISBOA,Polónia
1426,3901,4061,7080,4217,1225,9335,4092,9446,353,85,9152,2020,LISBOA,Turquia
7288,7947,693,6352,7517,3877,5311,8108,507,3092,144,8131,2020,LISBOA,Hungria
1771,4403,8614,6984,7981,5998,7694,3571,7090,1251,3090,1865,2020,LISBOA,Dinamarca
5091,7555,4865,834,8814,4442,7877,3415,9002,2293,7866,1450,2020,LISBOA,Suécia
333,2270,5498,1875,7285,9689,8311,4809,6327,115,9264,180,2020,LISBOA,Guiné Bissau
8924,7494,9165,5056,199,6706,6382,6210,5814,9850,1417,834,2020,LISBOA,Moçambique
7066,1666,8798,7406,8905,7932,7096,9657,9740,5468,209,7794,2020,LISBOA,Finlândia
522,5907,4835,3147,4633,3009,3348,3170,3828,6603,597,8601,2020,LISBOA,Rússia
7601,7603,8672,9671,4508,6195,5039,8226,8052,3149,3177,9365,2020,LISBOA,Quatar
9514,4373,4885,8902,8152,8502,9034,9573,5351,7815,4107,2327,2020,LISBOA,Roménia
0,4979,3926,7177,8071,9642,5911,7884,568,5491,4358,812,2020,LISBOA,S.Tomé e Príncipe
1926,2875,6095,5771,8426,7630,4648,7158,2137,1030,7322,3246,2020,LISBOA,Rep. Checa
9940,9972,4496,8836,6000,5290,1494,4926,5318,9007,92,8119,2020,LISBOA,Grécia
5501,3928,895,7738,7547,2561,5877,79,4733,811,4160,9053,2020,LISBOA,Israel
3826,6099,5611,4844,9177,7462,2396,473,337,4037,4690,7842,2020,LISBOA,Gana
9158,3372,7533,144,4979,4662,7609,8921,9138,768,3731,7828,2020,LISBOA,Noruega
8019,1932,695,5367,9627,9141,4253,4679,4001,5380,6449,1923,2020,LISBOA,China
8354,2623,6939,3853,2918,4108,2791,9414,8674,387,7451,372,2020,LISBOA,Malta
6813,496,5919,108,395,9566,1471,9720,4029,3855,5046,7384,2020,LISBOA,Gambia
3699,2394,4695,6932,9641,9439,5061,4883,8336,4796,360,2608,2020,LISBOA,Costa do Marfim
5202,3087,5387,9041,9949,9702,2798,6286,3364,8700,1602,2141,2020,LISBOA,Ucrânia
3365,4443,4591,3769,3330,8856,7322,1747,1719,6593,4642,6422,2020,LISBOA,Venezuela
5665,2752,4518,4704,134,7045,7658,8912,7616,9883,9930,7491,2020,LISBOA,Desconhecido
1893,5463,5199,3552,2814,1875,7745,1391,8674,7754,8032,3625,2020,LISBOA,Guiné
2566,2739,518,9335,9172,564,414,867,3018,9501,3179,9878,2020,LISBOA,Moldávia
8457,4554,7985,7536,4537,6008,3933,655,4625,3713,2670,6281,2020,LISBOA,República Dominicana
6046,2122,6743,7198,754,4842,5413,1412,4216,1011,9697,8117,2020,LISBOA,Letónia
1511,5470,4381,2455,3640,4247,2877,7082,1539,4595,1672,5573,2020,LISBOA,India
129,8963,5272,2435,36,5204,8058,4223,8311,9430,4483,8862,2020,LISBOA,Argélia
9381,4339,730,6148,1017,5710,4369,1322,7613,7584,6994,815,2020,LISBOA,Bulgária
7064,1276,9552,9393,250,2032,7275,9621,2463,4254,6709,837,2020,LISBOA,México
8694,7883,2099,1269,9184,6934,7911,4899,6904,364,1912,599,2020,LISBOA,Cuba
2102,8157,8080,6166,6316,6872,3854,5579,104,1286,1045,2195,2020,LISBOA,Peru
8074,2255,4682,9807,5811,5063,1568,1802,2217,8938,3714,4109,2020,LISBOA,Bangladesh
2283,1996,3183,7140,3203,9351,4542,1728,9152,3377,6014,9244,2020,LISBOA,Croácia
6380,3659,8204,9529,6236,387,6966,8071,5529,2449,6763,3288,2020,LISBOA,Tailândia
3407,8183,296,3629,4068,4143,9759,9496,5132,3410,6581,118,2020,LISBOA,Barbados
6444,7823,3217,3286,67,9742,8607,6005,6719,1750,1819,4815,2020,LISBOA,Nigéria
9550,581,7691,1232,4902,3005,1228,1297,101,7212,4041,2340,2020,LISBOA,Chade
8312,5806,4660,4923,4954,4248,6719,6261,6445,7450,8704,9540,2020,LISBOA,Chipre
159,1384,1382,8135,8287,3535,8032,5874,7599,3463,4726,8010,2020,LISBOA,Indonésia
2625,8232,61,2060,3766,2362,3474,8220,4361,7521,7981,9244,2020,LISBOA,Timor Leste
8707,2963,1455,2480,9617,3679,6331,9984,9355,6430,5720,7188,2020,LISBOA,Colombia
7529,5883,9070,8172,7451,3213,1367,9747,1346,4392,9233,3649,2020,LISBOA,Gibraltar
7026,918,1378,6653,1586,4402,6606,1229,1967,1856,4599,4277,2020,LISBOA,Rep. Centro Africana
5725,5259,4455,2089,9715,7311,5109,9791,5941,9467,3932,3846,2020,LISBOA,Arábia Saudita
1830,3359,1673,1574,5328,9628,1022,5564,3351,7937,7790,2018,2020,LISBOA,Eslováquia
6996,7362,5213,1066,8862,3745,9386,353,1565,8413,6374,4710,2020,LISBOA,Montenegro
7320,84,723,3215,1021,4975,6298,6873,1626,1358,6867,616,2020,LISBOA,Afeganistão
9646,3176,6451,8558,5255,3676,7932,9824,536,1605,1074,6150,2020,LISBOA,Trindade e Tobago
8939,2399,6274,5161,989,730,5764,9940,2558,8431,3844,8383,2020,LISBOA,Antilhas Holandesas
6478,1141,1719,3929,9416,4310,366,2011,30,3373,6237,2569,2020,LISBOA,Africa do Sul
3919,6940,7936,4394,4291,3153,5031,6994,1252,2554,2751,438,2020,LISBOA,Mali
7595,9087,4892,1466,3605,3352,4315,3275,8303,9022,1521,4158,2020,LISBOA,Ruanda
3725,843,3107,8549,771,5540,7749,4816,4807,4985,3779,1539,2020,LISBOA,Níger
3134,559,3324,5050,5655,2527,4116,1925,3500,8315,390,1168,2020,LISBOA,Estónia
3530,8556,4597,5134,4356,8819,8428,1520,4797,2231,5438,3970,2020,LISBOA,Congo
8201,9876,1634,7556,2675,398,9890,8037,4042,5337,9377,1910,2020,LISBOA,Burkina Faso
9157,8423,3955,3850,7596,9050,4216,8434,8615,9991,7208,8144,2020,LISBOA,Ilhas Virgens USA
2566,1579,1248,2471,6349,3648,8965,4687,6183,7667,2820,2122,2020,LISBOA,Maldivas
2543,6301,2352,9890,2797,5208,154,3836,3796,9936,4207,8500,2020,LISBOA,Bahamas
5212,4902,4117,4935,2209,8051,9138,1318,7567,771,6994,7046,2020,LISBOA,Jamaica
6969,846,7506,9378,6277,2368,7649,2681,1993,8804,4328,1060,2020,LISBOA,Tunísia
6891,1353,5215,4121,3463,978,5591,182,8032,9083,8216,6676,2020,LISBOA,Islândia
5631,4353,3879,1275,9374,3787,2075,7364,9083,1382,658,1955,2020,LISBOA,Macedónia
2669,8648,2644,4690,4843,2173,116,3136,39,6956,2772,6725,2020,LISBOA,Porto Rico
3877,8731,9774,3104,5495,7652,1919,7563,2246,9393,584,9953,2020,LISBOA,S. Vicente e Granadina
4725,2075,7242,937,6516,3757,8432,5488,959,7949,1406,5514,2020,LISBOA,Kuweit
6207,6885,5068,6383,7057,7486,5947,921,2265,2503,5675,1517,2020,LISBOA,Quénia
7374,4222,8714,7106,678,4129,4691,4423,2763,4211,1867,1685,2020,LISBOA,Jordânia
3358,2575,8041,204,9803,2047,4597,9912,2112,3789,8944,4932,2020,P.DELGADA,Portugal
7844,7063,9602,2882,6519,3516,413,5578,7432,3989,7766,675,2020,P.DELGADA,Estados Unidos da América
4482,804,5023,9139,1165,9534,9575,8427,6042,5198,3564,319,2020,P.DELGADA,Canadá
9987,7069,9033,3265,8477,7434,4547,2840,9732,8156,7698,1786,2020,P.DELGADA,Cabo Verde
4492,4244,7395,4923,2136,440,3048,191,3305,9398,6116,6495,2020,P.DELGADA,Alemanha
6764,4449,9568,6149,5070,7543,5638,4946,9943,1629,8093,8282,2020,P.DELGADA,Inglaterra
6835,6891,9635,7724,9287,836,2165,6746,7374,5321,8181,3996,2020,P.DELGADA,Bermuda
8763,2792,3629,4230,7268,2827,7641,7560,2804,566,7172,6511,2020,P.DELGADA,Espanha
4471,1063,5612,9251,8818,9515,4959,3329,3927,2393,6622,7600,2020,P.DELGADA,Antilhas Holandesas
8093,8713,7170,3313,9018,8465,338,7005,1651,6285,5367,5663,2020,P.DELGADA,Croácia
3627,8036,3716,3808,1678,1616,3227,3708,5632,7875,9588,5750,2020,P.DELGADA,Haiti
9247,5312,4044,3970,9664,6041,1038,4445,8412,115,957,7352,2020,P.DELGADA,Bahamas
6923,805,2863,9831,2672,540,9668,2768,8148,6729,8085,3987,2020,P.DELGADA,Irlanda
550,611,2235,5947,7066,5203,8892,352,7002,3383,3795,2504,2020,P.DELGADA,Itália
5989,6708,7419,1160,2820,8689,9803,301,8176,2265,1198,260,2020,P.DELGADA,França
9508,5931,4962,8987,1347,2116,4209,8032,1864,7859,8517,1425,2020,P.DELGADA,Suiça
6833,3683,3485,7791,9308,2736,1590,1516,810,692,5627,7091,2020,P.DELGADA,Noruega
4459,3187,8973,621,8814,9831,6919,2626,6831,8868,1076,3221,2020,P.DELGADA,Finlândia
9422,5716,5574,5875,4204,5596,7749,4466,2757,5226,8213,4143,2020,P.DELGADA,Dinamarca
9275,6956,3022,8298,6561,1342,8129,2631,7232,3129,9314,8275,2020,P.DELGADA,Marrocos
4858,6353,6874,8052,6649,1975,1386,7508,7509,8992,3855,5071,2020,P.DELGADA,Roménia
907,7501,3398,2671,2732,7643,528,1884,396,3001,7881,1601,2020,P.DELGADA,Costa do Marfim
1361,8337,6619,9390,3770,6162,2079,3406,7549,8503,1426,3505,2020,P.DELGADA,Barbados
8016,8141,889,462,7635,6118,5772,8719,1977,9679,3110,596,2020,P.DELGADA,Antígua e Barbuda
1686,198,6629,8221,7681,7796,790,5393,6028,537,133,8539,2020,P.DELGADA,Cuba
4387,2406,5786,1987,519,81,9380,3226,3615,6299,4692,4306,2020,P.DELGADA,Desconhecido
3985,5154,2355,372,7941,1404,2712,7418,5105,206,1635,4365,2020,P.SANTO,Portugal
3626,4041,8621,3138,7721,6658,2257,3972,2129,1627,1856,995,2020,P.SANTO,Dinamarca
7975,8038,1692,4851,1411,2547,979,9906,9602,1545,8501,9986,2020,P.SANTO,Inglaterra
4684,7168,1067,8241,5867,7294,8543,6420,166,1490,4912,3249,2020,P.SANTO,Alemanha
209,4237,1205,5900,7833,8955,6636,463,7637,2112,8701,2543,2020,P.SANTO,Suécia
5153,5926,2273,1779,793,6737,3724,9653,8737,6165,8965,321,2020,P.SANTO,França
8386,4705,8222,8006,7716,1032,2749,1435,7980,8468,3607,8024,2020,P.SANTO,Austria
343,8958,19,2802,7101,3307,8527,17,9022,553,2969,4803,2020,P.SANTO,Mali
6076,8429,6546,2807,7331,4508,8234,3584,0,8938,310,2138,2020,P.SANTO,Espanha
5433,9464,1667,6102,4760,6233,1972,2648,2890,6490,562,7656,2020,PICO,Portugal
3531,1126,2010,280,7107,8834,3256,2806,5973,454,6979,8654,2020,PORTIMÃO,Portugal
5087,7044,1131,2282,3378,7166,6141,4210,8248,2548,9859,4275,2020,PORTO,França
5692,245,4512,7815,2597,3054,4988,3660,201,2706,3222,4893,2020,PORTO,Portugal
2929,7852,4131,5353,440,7666,7995,4534,2895,6173,441,692,2020,PORTO,Espanha
3765,8809,8205,4846,9684,4458,7320,6155,1353,5231,1393,2635,2020,PORTO,Alemanha
99,9423,299,2087,7788,779,2587,944,9314,3494,4350,6354,2020,PORTO,Suiça
9982,9884,8382,5344,4755,9732,4743,2802,2840,4433,4736,2958,2020,PORTO,Inglaterra
4335,480,9471,7008,4224,8026,1855,6764,7324,9327,2859,6919,2020,PORTO,Luxemburgo
1252,6864,7347,3392,7973,3409,5366,1457,4155,2843,1497,9295,2020,PORTO,Bélgica
4533,3413,7869,930,7143,920,2270,333,8295,9460,2314,5927,2020,PORTO,Holanda
6290,1948,7000,5642,4104,9054,968,3817,9244,5324,83,2819,2020,PORTO,Itália
9507,2020,4443,5973,8443,8435,7700,1941,597,6232,250,7276,2020,PORTO,Brasil
9756,3736,5081,7416,6258,8780,9273,105,3739,1851,9,4228,2020,PORTO,Austria
323,8531,4654,5499,6965,9685,8680,1473,7053,4725,5757,3525,2020,PORTO,Polónia
4086,5198,4613,428,8051,2420,3573,7404,9330,8174,9080,3022,2020,PORTO,Hungria
427,365,3198,8482,6389,2479,4027,3080,7264,3222,722,7314,2020,PORTO,Estados Unidos da América
2414,6188,8572,4555,3890,1605,2860,2722,31,3794,5696,4259,2020,PORTO,Irlanda
4306,7828,81,7930,4397,5717,8073,4130,2288,5971,5954,306,2020,PORTO,Marrocos
5133,9820,4746,4769,5718,5608,9919,764,4534,3991,334,682,2020,PORTO,Turquia
4170,469,6830,7926,1785,7243,4110,9780,9451,913,7063,3585,2020,PORTO,Angola
2692,6312,1557,4414,5439,489,7258,6234,1916,2032,3831,3384,2020,PORTO,Malta
2019,3184,8135,227,7651,7663,5495,9777,8946,806,8173,1049,2020,PORTO,Emiratos Árabes
5830,9557,8289,657,4074,2342,3434,2699,9045,2866,4780,9844,2020,PORTO,Canadá
3946,1518,5590,2147,8542,1549,7197,9735,2918,1248,5973,7725,2020,PORTO,Dinamarca
606,6485,1353,1765,9673,6664,8756,1126,4005,7577,334,5780,2020,PORTO,Noruega
5363,7891,4616,5776,1777,7957,5061,6619,1180,7970,3301,9740,2020,PORTO,Barbados
7276,2248,1565,3466,3414,4255,4584,8416,5299,384,5054,1254,2020,PORTO,República Dominicana
1098,6848,6267,9505,9375,6303,5003,3581,9409,2722,9642,1565,2020,PORTO,Grécia
5604,2841,8339,2297,4303,1073,972,630,9744,7385,7737,1352,2020,PORTO,Cabo Verde
9523,1552,6970,852,3936,9054,5842,4684,44,261,5284,769,2020,PORTO,Gambia
6628,6338,2732,8729,9026,1894,3992,1395,1722,290,7237,4024,2020,PORTO,Ucrânia
8541,5207,8287,4303,3817,8571,1884,3180,1267,7059,1723,9405,2020,PORTO,China
2030,3519,9179,8042,7599,6701,910,8765,7100,6769,9731,3393,2020,PORTO,Bósnia Hergovina
9406,5257,9436,8330,7530,7781,5481,2203,9328,2774,8779,2671,2020,PORTO,Croácia
2623,3704,6139,8680,6116,3494,2437,5130,7862,5388,1745,6607,2020,PORTO,Macedónia
5116,3786,3998,8292,5543,125,2691,9370,9444,96,9528,5762,2020,PORTO,Bielorússia
9017,7855,8209,1191,8562,105,4079,2702,1781,3712,8926,2233,2020,PORTO,Israel
945,1631,5491,5172,3281,7383,9163,6268,5819,8636,8460,3768,2020,PORTO,Rep. Checa
2852,1770,7112,7031,4688,245,2100,8931,359,9360,907,4199,2020,PORTO,Rússia
5313,2997,3146,6104,3773,2509,5890,4130,4048,251,2352,5412,2020,PORTO,Camarões
8737,6870,512,8704,4205,8619,3245,495,7191,9481,492,9516,2020,PORTO,Colombia
2635,3150,8228,6255,3510,304,9116,3435,924,8833,3996,7332,2020,PORTO,Tunísia
3174,6683,1794,1377,2756,1563,6112,8849,1863,8423,3957,2721,2020,PORTO,Letónia
2168,8255,7863,4971,8386,6695,5931,9965,6154,8337,9798,323,2020,PORTO,Guadalupe
1656,5230,3396,7900,7675,6612,2333,4137,1658,2948,8484,5657,2020,PORTO,México
9102,5638,3697,9713,1276,3354,1518,9941,8106,7307,9072,9133,2020,PORTO,Tailândia
6927,820,4309,125,4704,6580,9412,3529,7715,1009,1920,9184,2020,PORTO,Gibraltar
7508,4465,2214,3527,9291,2167,5226,8587,8362,7674,1829,2947,2020,PORTO,Bahamas
2306,8808,1007,585,2814,4924,8593,6656,5977,4608,6066,5347,2020,PORTO,Líbano
5111,9280,9135,4454,4435,3315,1857,202,7996,6252,1341,9541,2020,PORTO,Porto Rico
6175,9690,701,4076,9033,7469,8770,7510,543,6880,7748,9634,2020,PORTO,Quatar
1832,27,2989,2389,6522,6231,8737,7951,2566,4519,3108,4847,2020,PORTO,Suécia
8350,4181,8239,444,7229,8788,1070,8459,1547,4222,7040,4134,2020,PORTO,Argélia
4967,3563,4108,1299,3414,2886,1526,1805,3681,5934,2369,1303,2020,PORTO,Gana
5284,192,7792,5834,1949,599,1544,164,8489,8361,3549,992,2020,S.JORGE,Portugal
6040,3690,7008,8904,7526,165,6681,2369,6683,8379,2030,552,2020,S.JORGE,Dinamarca
1152,413,820,9178,7561,7459,3433,9228,5884,8524,3035,9300,2020,S.MARIA,Portugal
6348,1862,8929,2388,7181,4729,6471,9537,3993,2727,7815,6018,2020,S.MARIA,França
5122,5115,8614,6773,9953,990,9672,4299,4840,4438,527,873,2020,S.MARIA,Inglaterra
6766,6381,8561,7235,6255,7303,9899,4328,6416,4874,4280,8938,2020,S.MARIA,Cabo Verde
6022,7990,8705,3876,8771,5367,5034,4392,7796,1652,4884,7621,2020,S.MARIA,Haiti
3966,46,731,2218,3050,6415,8686,2836,5100,499,7193,8394,2020,S.MARIA,Martinica
7800,4816,6801,8336,422,863,7715,3289,8854,2874,4465,6535,2020,S.MARIA,Marrocos
9197,2668,2794,9456,6187,4102,7829,757,6551,8941,9844,2836,2020,S.MARIA,Suiça
7707,6492,3602,1539,9643,3466,7364,963,8660,211,4376,8594,2020,S.MARIA,República Dominicana
962,6866,1855,1829,6953,8432,7809,3844,7596,9066,9690,1455,2020,S.MARIA,Espanha
9174,5159,9009,2196,349,5890,6805,1598,8184,4766,66,3362,2020,S.MARIA,Estados Unidos da América
9303,4121,8972,1703,6255,5268,3659,1507,6905,2818,1378,9760,2020,S.MARIA,Rússia
924,7370,8184,5783,4618,6351,284,5015,2538,4321,1406,7257,2020,S.MARIA,Barbados
5345,4276,6885,2532,3436,1250,1622,3918,4603,3219,6332,7853,2020,S.MARIA,Turquia
1548,5503,4283,4971,4473,2592,1615,3838,2801,394,608,178,2020,S.MARIA,Bélgica
4842,1372,9320,4727,3978,1931,898,1621,9121,2584,5679,4023,2020,S.MARIA,Antilhas Holandesas
7821,362,7780,3289,2153,7634,6303,6909,4125,6548,4346,8724,2020,S.MARIA,Alemanha
8532,3560,533,8256,7705,8901,6551,9397,5955,8061,5837,6895,2020,S.MARIA,Nigéria
9277,9016,7801,1224,9766,3661,157,4707,1082,6996,9924,6499,2020,S.MARIA,Santa Lúcia
6010,6443,8503,72,1417,2954,6429,9138,5269,2841,5855,7820,2020,S.MARIA,Guadalupe
7014,9284,4429,6972,5971,4926,2357,7264,8250,7908,9109,8460,2020,S.MARIA,México
125,9125,3424,2149,3692,3385,1251,4557,5741,6008,8923,1325,2020,S.MARIA,Irlanda
3810,467,4698,8698,9130,7197,7171,93,2630,2854,9455,2502,2020,S.MARIA,Austria
5198,378,1781,3161,1135,8958,1107,3090,9909,7737,2951,5603,2020,S.MARIA,Cuba
130,2751,9555,592,4269,8248,5912,8737,7072,5126,8964,1214,2020,S.MARIA,Canadá
7877,6907,9330,2455,8235,804,6256,3477,5957,6246,8218,3959,2020,S.MARIA,Antígua e Barbuda
2331,7679,3867,7062,4261,3303,2469,6444,3483,525,5992,1284,2020,S.MARIA,Granada
5656,2955,5843,1441,9509,4960,5927,6664,9914,6926,4242,9153,2020,S.MARIA,Ucrânia
9185,3791,2514,8806,6421,4883,9894,7684,8124,3210,9824,1738,2020,S.MARIA,Venezuela
9795,1229,918,2146,3830,4730,2407,2719,5917,6619,7313,4098,2020,S.MARIA,Turcos e Caicos
1536,5110,2919,2904,6010,2260,4593,9096,5368,5059,3899,5504,2020,S.MARIA,Bahamas
4310,7696,6885,6653,1033,8308,7153,3272,4908,9206,6263,4285,2020,S.MARIA,Ilhas Virgens UK
312,1092,4957,7292,385,8883,9360,2738,7292,6173,1784,1860,2020,S.MARIA,Malta
5379,145,5086,1924,9878,8153,6297,2426,3048,2213,9730,8485,2020,S.MARIA,Gana
9294,676,598,4128,7609,9341,6218,8916,2360,6540,1612,2831,2020,S.MARIA,Uruguai
9520,9639,6539,2529,5661,7371,2010,2572,9109,3695,8756,6443,2020,S.MARIA,Bermuda
58,2748,1136,4752,705,8289,9647,2943,2564,8833,3747,2888,2020,S.MARIA,Itália
8766,4057,6549,118,2389,7190,2359,5230,7240,3940,3168,5879,2020,S.MARIA,Colombia
8455,8365,9038,1625,3782,7697,7013,6085,7975,6891,6961,809,2020,S.MARIA,Croácia
5994,1164,6698,2048,6913,5477,9980,472,9350,96,181,1146,2020,S.MARIA,Israel
9088,5253,514,133,564,7974,2660,4859,1238,8674,2688,6930,2020,S.MARIA,Jamaica
6831,4526,6708,4747,3375,1802,8651,146,4620,6645,3312,3812,2020,S.MARIA,Ilhas Caimão
8897,6525,2016,8757,8718,7513,9520,5514,6025,5166,628,9613,2020,S.MARIA,Montenegro
3950,9524,6917,4123,6506,7998,838,918,7221,840,9129,5837,2020,S.MARIA,São Cristovão e Nevis
1661,6961,3431,8540,7631,4442,9878,7055,4667,7876,6865,1402,2020,S.MARIA,Letónia
6038,8560,610,6878,7036,5017,4793,9677,9892,9793,5491,7398,2020,S.MARIA,Quénia
2383,9238,7500,9142,2308,6559,7963,4772,9454,7616,5791,6570,2020,S.MARIA,Senegal
632,4012,180,3723,1957,1013,2292,5326,9884,1657,7815,1183,2020,VISEU,Portugal
6009,2177,4053,6213,8165,6356,2958,5506,517,703,8688,5032,2021,BEJA,Inglaterra
1323,7037,9678,8071,6263,4511,3640,9714,3198,6183,550,1862,2021,BEJA,Estados Unidos da América
450,7670,2123,4534,4632,1961,3750,8598,6905,779,501,7705,2021,BEJA,Alemanha
229,7245,2874,2411,3867,8108,3251,5320,3531,7910,6505,2151,2021,BEJA,India
9717,1567,4682,9865,6526,5968,8417,7704,1065,1807,7668,3327,2021,BEJA,Suiça
7282,269,3706,6471,6819,7129,5608,9769,3325,5826,4956,8386,2021,BEJA,Canadá
5862,3457,5326,2644,6121,1413,912,508,4390,7597,3019,9162,2021,BEJA,França
1191,1714,9458,5222,2418,6404,8381,1843,7219,4456,7144,2904,2021,BEJA,Portugal
6528,3410,2092,7540,7051,903,5906,3227,4036,3249,5990,6633,2021,BEJA,Bélgica
834,9841,3889,7547,2872,323,6562,2677,5996,8546,9472,1651,2021,BEJA,Senegal
7006,7635,5719,5493,7038,3013,1252,723,6325,627,4508,1120,2021,BEJA,Turquia
1203,372,234,7826,6631,8220,9042,7053,3598,5020,7149,2804,2021,BEJA,Espanha
1638,9218,5120,9162,1508,3426,5879,5246,2819,7390,1904,3428,2021,BEJA,Macedónia
8827,394,5065,2458,6610,3880,7951,7776,3340,7872,4304,7409,2021,BEJA,Chile
9580,3853,682,7363,5697,3395,982,5942,9513,9538,4434,4436,2021,BEJA,Brasil
8480,5629,4807,2277,6162,2716,967,8467,3989,2438,3048,2002,2021,BEJA,Austria
2237,9040,9185,4788,7750,6574,6541,9387,1902,892,1312,9573,2021,BEJA,Itália
5884,8303,6062,387,6762,2177,481,1293,1005,7579,5542,2414,2021,BEJA,Bósnia Hergovina
2593,1245,6360,6193,5889,2169,4156,6678,1661,6306,4624,8629,2021,BEJA,Nigéria
1112,2613,3012,4928,8720,4120,2606,6889,6582,7048,1762,6596,2021,BEJA,Noruega
1429,5643,716,9256,3302,1041,7826,6899,8342,8328,1289,3016,2021,BEJA,Cazaquistão
271,1063,9550,4783,1212,9569,8247,2471,6011,7885,4825,2105,2021,BEJA,Holanda
5601,2193,4554,2299,5419,7332,7234,6915,9183,8074,5102,6875,2021,BEJA,Luxemburgo
186,1170,4387,7053,8664,1693,1393,4583,80,4412,112,2751,2021,BEJA,Zaire
2607,8084,949,481,1562,3908,199,548,9870,3936,5487,9407,2021,BEJA,Zambia
4927,1210,4653,1616,8865,8004,183,1105,3517,3849,798,9452,2021,BEJA,Islândia
3473,3825,2135,7446,9898,3342,4577,7811,9467,6123,7231,3125,2021,BEJA,República Dominicana
5812,5841,1695,7638,9672,2030,9459,6944,678,8024,290,8042,2021,BEJA,Irlanda
6306,5765,2148,3229,5208,6152,7389,4183,9624,2599,2729,2195,2021,BEJA,Gabão
9015,7633,8956,1857,1812,4989,6784,1711,8982,7919,5490,3161,2021,BEJA,Gambia
379,807,9859,8797,7903,9768,613,2184,551,4465,6830,8698,2021,BEJA,Malta
2603,6060,7739,3168,6450,1913,7497,7635,8004,8033,4892,6019,2021,BRAGANÇA,Portugal
1718,9989,1104,293,8864,5151,9341,9257,2642,3773,4614,4829,2021,BRAGANÇA,França
1448,5301,3449,5556,1728,7912,6607,3387,1770,603,3090,1926,2021,CASCAIS,Portugal
7133,5635,6563,4525,8050,1979,748,8855,1583,2682,1826,2491,2021,CASCAIS,Espanha
2463,349,5367,5234,9672,315,8818,2022,1388,8509,709,3284,2021,CASCAIS,França
814,8667,6152,3590,2752,8366,4736,1939,9855,5616,9267,3936,2021,CASCAIS,Inglaterra
9716,4708,9918,9083,2504,9453,1375,6278,8736,141,2186,3539,2021,CASCAIS,Suiça
2798,3315,4909,3335,1570,791,830,7839,4474,2253,8025,8347,2021,CASCAIS,Itália
3109,1751,6462,6109,570,9792,6344,644,4179,8487,912,3037,2021,CASCAIS,Alemanha
7359,360,6882,6584,7227,126,473,3264,27,5700,7258,946,2021,CASCAIS,Brasil
6281,6250,2074,2414,4309,2143,5390,8704,8147,1469,7499,9900,2021,CASCAIS,Angola
9434,3931,2101,1376,1025,4706,7847,3063,5081,2747,1956,2692,2021,CASCAIS,Holanda
9262,8157,2820,7100,2418,657,5314,5325,5808,9281,633,5702,2021,CASCAIS,Bélgica
4113,4010,9430,6237,5757,3763,4290,5865,9219,5238,8241,7761,2021,CASCAIS,Polónia
216,6948,5580,6785,5681,8727,1432,3700,3654,3132,1352,2400,2021,CASCAIS,Dinamarca
8080,2817,5868,6341,3800,5625,8159,9791,7112,767,9925,8000,2021,CASCAIS,Colombia
7672,7612,3372,6313,7704,6430,7754,2041,2364,2927,8311,4650,2021,CASCAIS,Estados Unidos da América
7873,1248,5697,6786,4183,9448,9204,1903,9027,5162,7864,3650,2021,CASCAIS,Luxemburgo
9977,668,8323,9450,7131,1816,1146,9034,235,2506,5056,5309,2021,CASCAIS,Jordânia
2385,1610,4423,653,5288,1666,7158,8260,5479,286,6116,1250,2021,CASCAIS,Turquia
2241,3190,1396,5937,715,6738,1104,149,9792,20,6183,6562,2021,CASCAIS,Cabo Verde
7497,6043,2750,5229,1143,7436,1981,1771,288,5089,6786,6732,2021,CASCAIS,Congo
7891,3699,7855,9068,5081,7441,95,5836,332,5551,3199,6145,2021,CASCAIS,Grécia
303,379,3200,8185,333,1606,407,7248,8789,1009,3953,2543,2021,CASCAIS,Argélia
3200,1173,9130,9261,2465,512,6845,2167,7906,7011,8256,9539,2021,CASCAIS,Rep. Checa
644,6843,3315,690,1393,7072,8762,8614,4882,1141,9971,4619,2021,CASCAIS,Malta
7640,8470,174,2289,4789,7104,6292,787,4689,4150,5966,977,2021,CASCAIS,Geórgia
9037,1712,7235,9802,4993,7684,4771,4197,6995,1268,2504,7861,2021,CASCAIS,Bahamas
4990,3347,6851,9122,9616,9749,9501,6819,5053,7981,9763,1177,2021,CASCAIS,Marrocos
700,9333,2338,7592,8567,4364,5079,8904,395,5318,9642,9148,2021,CASCAIS,Croácia
9198,8784,7246,6555,5391,7246,8986,9268,9314,1629,9976,4561,2021,CASCAIS,Canadá
5053,8712,5001,7503,7473,6274,2412,7482,3267,8042,9061,633,2021,CASCAIS,Ucrânia
3069,8978,3912,9314,6331,8608,9360,7921,8094,7888,5611,3450,2021,CASCAIS,Austria
4769,3934,663,56,8771,1115,4943,1071,5562,6986,8674,7194,2021,CASCAIS,Irlanda
7943,4558,1328,9357,2321,8788,5318,9597,3732,7012,6735,2861,2021,CASCAIS,Islândia
9694,2978,7143,3299,5693,4770,6640,9667,6469,8566,5682,4269,2021,CASCAIS,Egipto
8470,2499,4398,5931,6271,6689,4251,3060,7163,4446,1705,9678,2021,CASCAIS,Suécia
5721,2031,2816,8355,1035,8712,8901,2063,5639,4884,3692,8803,2021,CASCAIS,Israel
3052,9603,4468,9851,4488,6901,8340,4243,3391,284,8814,6530,2021,CASCAIS,Emiratos Árabes
7082,2379,6343,6960,7586,9885,370,7150,2917,4753,930,9695,2021,CASCAIS,Gabão
6859,7388,9404,9992,2699,7429,4584,9494,5942,5163,537,6134,2021,CASCAIS,Eslováquia
8064,7618,2602,2195,8745,5114,3383,5738,4573,1360,8650,6022,2021,CASCAIS,Finlândia
1936,2335,9720,7874,6921,9515,8250,301,5900,2367,3720,967,2021,CASCAIS,Rússia
8096,5861,4999,3448,1669,800,8169,5825,277,2891,3661,7738,2021,CASCAIS,Eslovénia
5639,4087,3058,9900,8384,9013,7444,7397,6952,7832,7096,4545,2021,CASCAIS,Roménia
127,7552,1414,2893,8191,8855,5898,5208,7237,8327,9003,7899,2021,CASCAIS,Montenegro
1516,8326,4545,7671,1665,7327,5755,749,3979,3587,2188,3314,2021,CASCAIS,Bósnia Hergovina
1062,6237,7494,2512,1809,1563,578,2418,1348,3944,7995,1183,2021,CASCAIS,Gibraltar
5135,2734,9001,494,5798,5328,354,5967,3661,9086,8458,9505,2021,CASCAIS,Noruega
5443,1293,6109,969,5179,3848,3059,9770,4572,7743,1304,9103,2021,CASCAIS,Bermuda
880,891,9158,3280,6056,8902,2028,1793,9892,925,5525,344,2021,CASCAIS,Costa Rica
1105,140,5025,3350,8701,9810,6245,7442,4125,1750,997,583,2021,CASCAIS,Turcos e Caicos
8826,5942,538,9266,2248,4544,3041,3957,1219,7268,9422,2822,2021,CORVO,Portugal
7065,5833,7873,5241,6748,5271,7996,6641,7170,3658,4526,2697,2021,FARO,Inglaterra
1089,6926,244,1865,8511,159,9941,7294,1907,5566,695,7204,2021,FARO,Alemanha
302,4888,459,7068,9919,9386,7522,7864,8285,5212,5143,6449,2021,FARO,França
2242,1690,6576,3485,5813,2003,3758,4145,9963,3980,7604,2754,2021,FARO,Holanda
728,9602,3017,7229,4837,9865,3376,1460,6088,4097,471,8394,2021,FARO,Irlanda
6681,3187,4642,2340,7972,7459,2203,2770,5144,5381,4589,6178,2021,FARO,Portugal
1036,9490,5727,3042,3665,2796,2592,9519,2320,4969,6136,9644,2021,FARO,Bélgica
7173,1067,9455,3190,319,5475,1299,7849,2468,2888,2077,3367,2021,FARO,Suiça
5442,7144,2018,9106,3931,2434,5077,8111,5088,6345,4930,5128,2021,FARO,Luxemburgo
9502,6949,3866,8657,8139,4559,585,5457,1567,9704,3222,638,2021,FARO,Suécia
7856,7433,3155,2210,6438,7951,2917,6569,9032,7780,9984,2453,2021,FARO,Polónia
1078,3460,3476,789,8624,4623,4200,1883,7557,332,4281,3923,2021,FARO,Espanha
5019,992,2351,1393,4680,6557,936,8621,9160,8363,4414,1999,2021,FARO,Dinamarca
219,4404,2330,3800,9153,4466,8199,9560,3247,348,5266,4027,2021,FARO,Itália
2860,3267,6402,5969,8832,4261,7799,1085,3986,8454,6508,4990,2021,FARO,Austria
474,430,7423,7079,5364,7894,9467,8791,5483,9117,9271,862,2021,FARO,Noruega
1845,7021,4588,5589,7610,3821,9736,1664,4508,1426,2031,7366,2021,FARO,Lituânia
8657,2936,8002,8457,6436,8714,3841,2729,5410,3400,2557,6545,2021,FARO,Estónia
6180,4126,6617,917,4685,3273,1054,3702,4553,9324,4342,8886,2021,FARO,Senegal
8580,1305,9270,4294,6614,3383,2637,1272,9740,5641,2659,9653,2021,FARO,Islândia
7034,4169,9351,9829,8238,7391,9761,2392,8936,6626,2649,6643,2021,FARO,Gambia
208,4972,4566,5721,1772,5441,2531,7258,5415,5291,1647,7888,2021,FARO,Finlândia
6053,1939,1242,4527,5225,9893,1799,7702,5968,4834,5701,8196,2021,FARO,Cabo Verde
4467,2151,3991,3433,5240,3842,5823,7280,6355,3789,4050,8372,2021,FARO,Malta
1868,7606,1533,6247,9773,6811,858,1428,8756,9996,9772,1251,2021,FARO,Estados Unidos da América
1924,9989,743,1155,7196,8879,1511,1925,4263,9581,8206,7864,2021,FARO,Quatar
183,8405,6345,3632,1682,7101,5589,1936,6149,6659,4386,4657,2021,FARO,Rep. Checa
849,6100,1768,6566,4909,9128,1307,7760,3817,2096,1919,5549,2021,FARO,Grécia
7909,9378,8843,1038,7502,6392,9846,2869,8644,7598,1390,7702,2021,FARO,Chipre
3640,6512,4195,1477,6461,2643,8541,7042,671,5887,9522,6239,2021,FARO,Brasil
2573,8551,122,800,84,5116,5017,3047,4515,1646,4791,5952,2021,FARO,Rússia
2836,6512,2995,9228,3246,6306,6934,4944,4060,9716,1915,6005,2021,FARO,Kuweit
3297,6976,8818,9391,1768,3752,7100,1870,7275,7132,5013,9512,2021,FARO,India
6395,7209,8908,2174,4161,6732,621,1453,2568,2365,2856,3862,2021,FARO,Letónia
5661,8094,6143,7584,1036,4293,9262,8007,3091,2100,7585,7278,2021,FARO,Barbados
1391,4489,1049,6217,3840,6635,4883,5075,2360,1337,1518,8727,2021,FARO,Canadá
9049,1516,7071,2346,1741,8334,4434,3145,9369,7072,2202,3194,2021,FARO,Arábia Saudita
2020,8504,2686,7510,4301,8779,8679,2394,7787,590,1283,9801,2021,FARO,Emiratos Árabes
1069,5484,3769,4306,3925,178,2047,3695,8843,1690,3289,1809,2021,FARO,Líbano
2816,4112,7473,2833,874,6152,301,4917,9253,4509,2232,4828,2021,FARO,Montenegro
5051,2201,6897,9747,4184,11,1590,4854,8102,8907,3815,1381,2021,FARO,Croácia
2764,4191,3455,5851,8467,1305,5108,8829,8027,6224,1281,5591,2021,FARO,Jordânia
3726,8917,5104,294,5510,1847,3115,1074,5364,4884,453,954,2021,FARO,República Dominicana
6232,9049,3795,5615,9483,4547,5934,552,3607,6092,6723,3647,2021,FARO,Gibraltar
3566,7906,1433,2287,8136,1064,1324,9012,1726,9872,6968,4501,2021,FARO,Uganda
9312,7704,8631,7322,6764,8716,9148,6327,9705,8055,8281,9674,2021,FARO,Turquia
8833,591,2346,3629,8815,3370,5505,2061,7167,5851,9977,545,2021,FARO,Antilhas Holandesas
7653,4472,8577,8498,1523,3912,7864,8127,9617,5656,3933,1532,2021,FARO,Argentina
5007,7034,2018,7654,7665,3044,6085,7440,4993,1281,6328,4050,2021,FARO,Jamaica
7146,3987,5966,9753,3956,8331,8533,1604,3167,775,9997,143,2021,FARO,Marrocos
2134,8561,4510,8729,2028,7867,3679,5560,5057,8685,5806,9246,2021,FARO,Ucrânia
3941,5833,9336,294,5353,614,4360,538,6494,4149,3475,6028,2021,FARO,Bulgária
6336,9295,9090,7888,6187,6365,6497,8734,4973,7145,4271,6995,2021,FARO,Israel
709,8612,4807,3870,3264,7171,6039,8541,9055,5865,1607,9990,2021,FARO,Bahamas
753,7390,7007,2352,8628,3372,6612,4598,2270,7875,972,5343,2021,FARO,Turcos e Caicos
5411,4522,3636,6750,7687,9122,425,2032,9029,6024,3069,5161,2021,FARO,Mali
2785,4126,2510,2884,499,3816,3607,6536,167,5087,6968,4565,2021,FARO,Hungria
8786,1808,3398,5315,8442,5156,7433,3769,266,4492,5191,4949,2021,FARO,Sérvia e Montenegro
794,1664,3435,5413,3424,8593,5920,1922,5509,126,7207,5375,2021,FARO,Serra Leoa
3749,2787,1601,8058,6743,4376,1358,9501,5544,5947,5537,4859,2021,FLORES,Portugal
1451,1440,4939,8741,4781,9959,7740,5115,9359,6999,2370,6029,2021,FLORES,Suécia
5520,9552,3176,9586,8647,6547,2041,6939,9897,7439,9833,3329,2021,FUNCHAL,Portugal
5300,1339,1984,3842,864,1018,4369,4174,5942,481,5933,5781,2021,FUNCHAL,Inglaterra
2179,8307,6999,7611,5023,3626,927,2866,1675,7641,4262,9955,2021,FUNCHAL,Alemanha
2680,1209,4284,8836,8835,7184,7881,2820,6400,6813,5758,5301,2021,FUNCHAL,França
2952,5147,3691,2420,2976,6744,72,4584,7929,8933,2751,4826,2021,FUNCHAL,Polónia
1786,1133,9024,1781,8366,3048,3795,4650,3030,436,4666,3410,2021,FUNCHAL,Holanda
7321,1429,3297,418,6691,5775,1270,2452,9152,600,6590,6658,2021,FUNCHAL,Espanha
1972,9508,7664,3896,7944,1932,6127,3227,5504,9398,6843,8578,2021,FUNCHAL,Rep. Checa
2965,6152,7286,599,6219,6281,9647,2325,8294,9648,5661,5497,2021,FUNCHAL,Suiça
5140,5085,5248,8297,4659,9246,7667,9841,9261,2100,3004,7910,2021,FUNCHAL,Luxemburgo
2294,903,495,1660,4360,3351,4448,1404,7437,6437,4188,3235,2021,FUNCHAL,Lituânia
7893,431,9348,4820,8061,6094,9583,8595,6394,2285,6617,9583,2021,FUNCHAL,Ucrânia
8428,5575,3777,4370,2012,6603,2449,861,4517,6989,3443,3903,2021,FUNCHAL,Dinamarca
2837,7492,2806,7945,7676,7015,7924,2096,8947,8642,7787,3845,2021,FUNCHAL,Finlândia
5559,6335,7596,9172,5704,1943,8913,4113,3066,663,6264,5040,2021,FUNCHAL,Bélgica
6920,8702,809,8229,9063,9143,5978,226,8452,4401,5610,3087,2021,FUNCHAL,Suécia
6800,2842,113,2584,9220,2222,2703,1886,8329,6128,6610,431,2021,FUNCHAL,Austria
2357,4022,3553,3079,4692,8673,2444,4601,7846,2064,7633,554,2021,FUNCHAL,Roménia
2711,2302,8495,1354,3531,8664,9653,7893,4731,4514,5174,4763,2021,FUNCHAL,Noruega
5597,5731,748,6438,8968,2811,9253,9082,6783,2833,9067,1115,2021,FUNCHAL,Eslovénia
2114,9152,5297,268,9383,9356,5732,5943,3086,3287,9616,6630,2021,FUNCHAL,Letónia
9743,4282,5696,7227,2443,5885,7269,8086,3142,3854,2486,1484,2021,FUNCHAL,Estados Unidos da América
8521,4597,4600,6372,3335,1450,1278,3645,6005,6891,606,1972,2021,FUNCHAL,Islândia
2712,9179,9988,8234,4303,9071,9239,7761,5077,2282,2639,3978,2021,FUNCHAL,Cabo Verde
6608,8193,674,6049,8362,1564,286,7778,7637,9473,9401,1752,2021,FUNCHAL,Bulgária
7408,6540,4283,5166,1269,8022,8463,1878,1477,9553,9799,1139,2021,FUNCHAL,Croácia
5260,9488,755,2751,1189,9049,9255,5010,1621,1876,2087,5115,2021,FUNCHAL,Brasil
1107,2771,439,9787,1089,6784,9095,2892,1691,5805,6275,5282,2021,FUNCHAL,Israel
2095,8368,2274,8146,6952,170,2939,3441,1636,8789,1965,7099,2021,FUNCHAL,Malta
1850,8747,7630,3446,6691,5972,2611,3262,5420,1151,6000,6824,2021,FUNCHAL,Itália
1675,5423,8929,9737,4636,3815,1989,2192,794,9067,8852,2236,2021,FUNCHAL,Africa do Sul
6973,4027,8426,9858,1607,3775,2612,8313,7105,9337,2437,6067,2021,FUNCHAL,Irlanda
3978,4472,2350,5656,9994,3062,5879,4409,9462,6284,8145,4888,2021,FUNCHAL,Marrocos
3562,8763,1533,3020,5844,7839,9306,5437,9794,3634,6887,2289,2021,FUNCHAL,Chipre
454,1738,2693,1209,7779,8224,8904,4788,4017,7642,3313,725,2021,FUNCHAL,Hungria
9794,7059,6431,8509,7019,6181,8429,9683,9658,4702,210,1783,2021,FUNCHAL,Turcos e Caicos
9072,8558,5232,4520,2089,3115,8622,5166,5860,6609,2455,5821,2021,FUNCHAL,Rússia
6426,8092,2468,8377,683,2422,5811,6985,3996,3026,8593,9196,2021,FUNCHAL,Sérvia e Montenegro
7134,888,3540,4601,2363,5431,6773,7797,4909,6457,4479,7007,2021,FUNCHAL,Canadá
6222,3646,2737,8536,4530,1257,2343,651,8057,6680,562,9829,2021,FUNCHAL,Desconhecido
7244,8694,8439,8880,160,4262,4804,359,5559,7241,1642,767,2021,FUNCHAL,Gana
4260,5617,1230,7412,8179,3795,592,895,5348,7016,9271,5049,2021,GRACIOSA,Portugal
1807,8540,459,4977,3383,2061,2969,7541,2113,568,5879,2580,2021,GRACIOSA,Dinamarca
5547,7504,5410,9213,7179,9138,4134,5486,8344,9694,1897,2513,2021,HORTA,Portugal
8126,1097,4680,7232,9684,8404,2696,7480,155,8887,8484,6209,2021,HORTA,Desconhecido
2585,4809,1295,8715,6394,6897,4645,2247,5866,358,5695,1031,2021,HORTA,Brasil
3140,9982,9389,9811,7232,7296,3772,6507,1946,5477,7078,3481,2021,HORTA,Espanha
2892,9086,3073,7288,5462,3428,5507,8920,2921,3538,9590,3129,2021,HORTA,Estados Unidos da América
6438,7562,2930,9166,3524,6214,2992,322,6576,9288,6003,1046,2021,LAJES,Portugal
4642,3573,3551,2052,133,9349,2126,479,3889,8790,4799,8740,2021,LAJES,Estados Unidos da América
7120,7629,1112,44,8098,6381,4136,1619,3213,77,9895,9051,2021,LAJES,Holanda
4571,2137,1933,2407,7164,4350,6466,2244,8186,5796,3905,9049,2021,LAJES,Canadá
9029,6110,8660,6403,4653,6930,7170,9622,2485,2148,5549,77,2021,LAJES,Antilhas Holandesas
7422,2782,6062,6739,744,3955,8632,6973,2385,2177,93,292,2021,LAJES,Espanha
7057,1133,3368,773,3968,7439,5153,2528,2390,6443,5361,6023,2021,LAJES,França
185,4275,2528,2597,6470,3741,5591,1051,6704,1523,6608,6474,2021,LAJES,Barbados
1975,2737,1711,329,1278,5946,1125,1657,3411,7756,7701,3014,2021,LAJES,Marrocos
2634,983,2142,5373,7601,6573,8317,8669,2448,8663,8144,6735,2021,LAJES,Alemanha
3622,8275,9794,3195,7344,6402,9659,4946,8205,3211,2968,9221,2021,LAJES,Bahamas
2749,2899,1347,66,2068,5753,5623,6993,2276,1575,541,8364,2021,LAJES,Gana
9033,7681,5994,5233,9653,3519,2316,7215,705,5987,7890,4053,2021,LAJES,México
9100,3759,532,5727,106,8810,6685,9824,7549,9789,4131,3511,2021,LAJES,Itália
8385,2614,3592,4743,5422,2565,7086,2495,1441,7771,9423,5133,2021,LAJES,Bélgica
9794,8297,5187,1140,1142,4431,9497,7523,2874,7210,8406,5040,2021,LAJES,Suiça
6244,9577,7956,7299,6054,6737,7231,7353,6275,4938,682,2355,2021,LAJES,Noruega
57,1439,5763,4902,4921,713,9801,3791,2910,1200,9096,6192,2021,LAJES,Hungria
3794,130,5246,6951,9704,9984,2766,9780,6050,5632,69,3722,2021,LAJES,República Dominicana
2460,4743,3974,7307,8969,420,4430,1474,6495,8533,7716,3319,2021,LAJES,Indonésia
2425,4605,2981,160,4922,7094,9996,9094,3627,523,7823,7375,2021,LAJES,Martinica
5289,9492,1424,9494,2721,501,4220,5060,2508,4528,7057,3167,2021,LAJES,Colombia
3389,2248,1543,316,9744,6098,2213,6330,3302,2431,2882,8107,2021,LAJES,Bulgária
1343,3926,5726,8472,7400,5473,9443,2970,2048,9517,2012,3812,2021,LAJES,Bermuda
5181,5089,9642,9102,6022,1276,7235,2352,7869,1455,656,6563,2021,LAJES,Irlanda
5791,4832,6617,8102,6221,5096,8903,5238,1381,7219,9671,6083,2021,LAJES,Inglaterra
9113,6507,749,6237,9362,2220,5226,442,9956,1845,1867,4407,2021,LAJES,Malta
253,9836,3551,8799,8891,9803,1940,7075,7271,343,2184,6182,2021,LAJES,Tunísia
5602,317,2493,7639,5214,9467,5825,5251,4469,1965,6668,3271,2021,LAJES,Turcos e Caicos
6046,1171,4799,7389,3124,2902,4085,2309,7732,2946,9872,6270,2021,LAJES,Senegal
5101,5411,8086,6647,5656,9562,2112,905,4373,4362,3617,9551,2021,LAJES,S. Vicente e Granadina
4927,71,6356,5503,1520,5829,9477,3240,4933,4374,7768,5520,2021,LAJES,Cuba
1172,2872,5056,3048,7134,9739,5081,7867,964,6419,8968,8702,2021,LISBOA,Portugal
2699,4632,3511,6429,6840,6615,5230,2418,7390,2525,4513,4222,2021,LISBOA,França
1241,6154,5683,8511,6138,9299,2193,9718,65,1103,6648,1268,2021,LISBOA,Espanha
6875,4358,1448,6781,5769,8662,7318,6328,8039,6983,6325,1574,2021,LISBOA,Alemanha
7559,5085,8323,6609,8802,7787,6017,9169,8059,8358,632,5419,2021,LISBOA,Inglaterra
1483,4984,3529,5625,1254,7999,5377,6504,5404,5397,3160,1169,2021,LISBOA,Brasil
7478,9721,1138,548,563,6895,5418,6371,916,1694,2436,9698,2021,LISBOA,Itália
7791,1920,7583,2755,1172,8996,5832,6699,3249,5781,9680,9468,2021,LISBOA,Suiça
5087,4058,5664,5664,3018,5494,2787,4032,4904,2360,7799,7283,2021,LISBOA,Holanda
7731,2429,2479,9754,1699,2402,2022,7982,7111,3125,4754,7811,2021,LISBOA,Estados Unidos da América
4003,3443,7549,7397,8653,7706,9549,3087,4540,5128,8228,903,2021,LISBOA,Bélgica
335,5306,9074,7061,6076,6072,4597,437,2309,2455,7895,9652,2021,LISBOA,Cabo Verde
5485,9552,7205,1155,2564,3510,8516,9639,1770,6363,6075,6827,2021,LISBOA,Irlanda
3990,5033,5721,5305,6663,8870,9965,1325,1388,2670,9878,3981,2021,LISBOA,Luxemburgo
8467,8176,5330,2633,7801,4820,1720,9695,3160,1319,7410,7950,2021,LISBOA,Austria
4938,8557,6039,1171,3906,4885,6635,8754,4513,6672,6666,5773,2021,LISBOA,Canadá
7665,6439,217,4744,8056,9333,8691,9860,61,6275,3393,6059,2021,LISBOA,Angola
222,4558,8055,8124,1694,7289,590,7878,5569,1770,8725,36,2021,LISBOA,Polónia
3514,1483,2313,7696,6341,4690,4526,696,3382,4926,1966,5897,2021,LISBOA,Emiratos Árabes
9556,9844,4143,7153,9361,7266,472,3557,3367,1143,6652,515,2021,LISBOA,Turquia
9568,7978,3733,7640,4948,5072,3351,1236,8525,5490,3628,6659,2021,LISBOA,Marrocos
5135,108,7320,225,7787,194,1440,1658,1266,5693,6170,8559,2021,LISBOA,Dinamarca
7365,1426,5554,1508,9551,8862,4534,6595,9946,575,8358,1206,2021,LISBOA,Senegal
5840,1890,5903,2102,9734,971,893,1913,847,9277,8205,8947,2021,LISBOA,México
2607,8053,775,7422,4755,5207,4569,1508,6641,3934,1836,9149,2021,LISBOA,Suécia
2335,8939,1387,4231,8229,3691,9626,6593,8693,3684,5417,2998,2021,LISBOA,Hungria
6366,4681,5396,8414,4932,2269,9739,4558,8681,8457,4362,7376,2021,LISBOA,Guiné Bissau
926,160,9293,3882,166,7263,5625,1112,5201,4289,528,2581,2021,LISBOA,Moçambique
6161,3654,8345,3904,2947,2732,3403,1590,1847,9683,9011,8548,2021,LISBOA,Rep. Checa
7842,322,7028,6332,1775,9605,612,4330,5008,7090,4680,3316,2021,LISBOA,Roménia
6159,5057,5479,5412,4540,1265,949,503,40,6407,4421,9567,2021,LISBOA,S.Tomé e Príncipe
4901,5052,9742,9537,5599,2553,1416,2614,592,4348,6156,2462,2021,LISBOA,Grécia
8783,1307,5512,6995,4740,7399,7321,3041,3547,4876,8906,4573,2021,LISBOA,República Dominicana
5449,2151,9066,6208,7243,4569,5056,6597,8153,99,2949,3675,2021,LISBOA,Israel
394,36,9484,9748,5279,2652,3080,4524,6620,4641,4257,1304,2021,LISBOA,Ucrânia
1795,4384,3908,9496,9724,1435,9535,7500,1190,3919,8775,1299,2021,LISBOA,Noruega
5143,7914,6432,4498,7207,1305,1487,6025,6790,4309,5967,7153,2021,LISBOA,Finlândia
5532,7816,6161,7362,4583,5859,313,3058,1831,9909,7265,4359,2021,LISBOA,Letónia
6760,3761,9313,5337,3802,7991,8594,5685,2329,6056,1861,2688,2021,LISBOA,Malta
2777,868,2138,9077,328,4412,3926,736,1844,3879,7884,2903,2021,LISBOA,Moldávia
7311,1087,7088,5967,2971,9230,1526,4421,3749,1351,5109,1685,2021,LISBOA,Rússia
6386,8939,1376,5051,1782,4450,3616,1338,4054,6744,8150,5861,2021,LISBOA,Croácia
8935,7065,4487,6121,394,4161,8198,8009,2563,8771,3258,3444,2021,LISBOA,Guiné
1448,7948,1509,1357,2220,1485,6035,1512,8722,8036,2299,4172,2021,LISBOA,Gana
6813,5725,9439,9119,4042,774,7665,9501,186,1223,4650,5031,2021,LISBOA,Bulgária
4340,5478,9864,7382,8720,9542,1702,8980,1476,5494,92,9629,2021,LISBOA,Costa do Marfim
3248,6336,469,2232,7123,4131,8688,2222,2433,4599,8978,7506,2021,LISBOA,China
9039,4189,7830,7551,6608,4719,8783,7243,4960,9084,1476,7704,2021,LISBOA,Tunísia
6508,5762,5783,7541,8465,3839,9348,979,9350,6812,4977,4393,2021,LISBOA,Gambia
4529,6079,5255,1708,6035,7015,9363,1075,2629,4952,4148,493,2021,LISBOA,Timor Leste
1274,3817,8124,1293,365,2841,5711,3673,2961,110,2421,7440,2021,LISBOA,Argélia
7604,4409,5806,6661,729,131,2292,5843,4789,25,6676,7420,2021,LISBOA,Rep. Centro Africana
8791,4641,4518,1116,703,3456,868,5373,8764,7351,8867,9229,2021,LISBOA,Afeganistão
8762,5294,6853,9731,4377,4912,1800,4509,7223,6814,2983,6584,2021,LISBOA,Geórgia
6300,3149,1869,3586,3813,8579,2657,7854,5011,192,7634,7324,2021,LISBOA,Porto Rico
301,9400,4256,2773,485,814,5326,8507,1463,8740,4250,1896,2021,LISBOA,Quatar
7013,9993,2332,7544,367,4984,1257,2515,6076,165,9335,9711,2021,LISBOA,Estónia
490,5795,4941,6493,1864,6042,7327,4521,9021,8661,6380,7059,2021,LISBOA,Guadalupe
9728,1421,9670,3259,730,4462,3491,9758,5115,3919,2025,2237,2021,LISBOA,Eslovénia
6704,4823,9498,837,9964,6506,6774,2213,381,4994,3449,9517,2021,LISBOA,Lituânia
612,5773,9583,1710,6098,2642,4136,4828,6658,6736,6172,2396,2021,LISBOA,Sérvia e Montenegro
1878,7602,8055,4899,6642,2456,4705,1823,7398,3494,2149,1427,2021,LISBOA,Montenegro
9291,3086,7799,5697,9140,472,9831,8412,129,133,4365,8809,2021,LISBOA,Azerbaijão
2107,2005,5006,7308,9488,7728,6572,667,4645,5352,7527,5509,2021,LISBOA,Arábia Saudita
3264,5514,2857,6715,9555,4799,7428,946,6801,3235,6319,580,2021,LISBOA,Nigéria
1831,9033,8509,5164,4654,1615,1683,4265,7181,7744,9346,6762,2021,LISBOA,Chipre
9363,8506,5118,7264,6452,7339,7618,4770,8684,2617,1608,5956,2021,LISBOA,Islândia
9498,9481,4314,4047,3443,7861,1897,7775,9909,6593,5516,2300,2021,LISBOA,Macedónia
9700,9329,9782,3588,8637,2469,8695,329,2547,2816,6101,3716,2021,LISBOA,Bósnia Hergovina
75,6632,9366,6367,7705,7816,9406,6040,8527,7645,7328,1217,2021,LISBOA,Eslováquia
8937,8804,7505,7884,7555,5812,2034,8228,5969,1561,9837,2416,2021,LISBOA,Colombia
4521,8720,6769,3601,9942,4629,8514,9412,2082,9172,7213,4136,2021,LISBOA,Africa do Sul
7107,2160,9591,9482,3077,5810,3481,2007,9344,3202,8387,922,2021,LISBOA,Antilhas Holandesas
8542,3887,7657,1523,3562,3302,8646,8687,6545,1283,564,8061,2021,LISBOA,Bahamas
1859,2400,6781,7390,7065,3242,5983,2736,4579,7875,3684,1843,2021,LISBOA,Jordânia
6277,3921,3347,3601,2610,1898,750,9888,4494,5357,3782,4670,2021,LISBOA,Gibraltar
7349,1321,2107,9747,1266,9437,2478,8474,1193,3829,5878,487,2021,LISBOA,Congo
8335,7633,3152,9998,6888,5655,5769,4276,7290,5690,6548,3042,2021,LISBOA,Ruanda
1960,3310,4566,2261,9830,6428,967,7339,4892,5686,6995,6212,2021,LISBOA,Antígua e Barbuda
1940,5336,4133,524,6130,4388,7123,5728,8630,79,9830,3878,2021,LISBOA,Mali
3102,837,8516,9417,9240,995,9586,8998,9082,5839,1881,9295,2021,LISBOA,Santa Lúcia
3270,7982,4294,574,941,5644,9147,2245,9225,2848,3533,2808,2021,LISBOA,Paraguai
3856,6555,2361,4569,6695,4617,3912,299,4709,8479,9692,8656,2021,LISBOA,Uruguai
2141,494,6569,6773,878,9906,1760,5722,2487,2913,3309,7216,2021,LISBOA,Egipto
9112,5093,3451,7328,9241,3178,9002,1030,8014,6430,7544,8381,2021,LISBOA,Desconhecido
8633,4534,9163,4942,4473,87,569,6587,1127,4434,8925,9256,2021,LISBOA,Hong Kong
1657,5152,588,6876,6730,706,5295,5722,5972,5699,7677,3823,2021,LISBOA,Iraque
6766,7586,2764,7562,2749,9577,1083,6744,4778,3485,9924,8565,2021,LISBOA,Ilhas Caimão
9576,1432,6671,7045,477,6174,7648,1378,4089,9892,1334,9273,2021,LISBOA,Níger
6165,2154,2219,4419,5267,1749,9009,8270,2900,2475,2808,8284,2021,LISBOA,Togo
5973,8012,5333,6330,4493,6196,3784,9876,5963,4172,7703,4740,2021,LISBOA,Turcos e Caicos
109,2927,8731,3439,2156,5314,1852,6311,4951,3204,9444,7854,2021,LISBOA,Botswana
9015,3490,7671,3446,3994,9999,9019,5563,6898,7001,1796,3477,2021,LISBOA,Chade
377,7710,6376,8558,6198,2753,5320,1020,2075,9031,1075,4732,2021,LISBOA,Bermuda
5952,3599,5772,3441,1195,3821,8503,2033,3268,893,5284,2354,2021,LISBOA,Peru
3378,7191,8104,3432,2067,5377,585,4163,3044,3196,9612,3573,2021,LISBOA,Camarões
9718,5807,4877,5829,9960,6182,1960,9225,9678,1584,4459,458,2021,LISBOA,Argentina
8720,4022,784,7171,5292,739,3826,5735,8941,5499,5536,3879,2021,LISBOA,Líbano
9440,1240,1996,289,8208,1958,1279,688,9180,7175,5451,5853,2021,LISBOA,Cazaquistão
6119,359,4376,9285,2170,2165,8753,1871,6783,1856,2516,2586,2021,P.DELGADA,Portugal
4591,4712,3833,5262,3511,1792,9668,5242,696,7012,2885,126,2021,P.DELGADA,Estados Unidos da América
8780,7479,8594,2804,8686,5229,3559,6549,2293,9537,8280,3388,2021,P.DELGADA,Cabo Verde
7641,6665,9811,8121,4789,8930,5910,3288,9539,2904,4244,4755,2021,P.DELGADA,Canadá
3114,2883,4109,2867,6483,5938,5514,5575,5599,8873,1224,4525,2021,P.DELGADA,Alemanha
9294,74,1486,3757,616,6400,4561,638,2494,8195,7096,3041,2021,P.DELGADA,França
7385,5905,6918,2791,159,6233,2040,6115,9530,9024,5271,7856,2021,P.DELGADA,Inglaterra
9739,4854,901,1622,7908,7750,8510,2814,2141,9045,5373,8639,2021,P.DELGADA,Bélgica
4742,6045,2994,6576,6124,2174,5646,6166,5519,9383,9507,5961,2021,P.DELGADA,Dinamarca
2853,3234,5791,1979,3520,8291,1157,7383,5755,3963,3503,8836,2021,P.DELGADA,Espanha
7607,8367,665,5807,6946,7714,5480,7821,3935,731,2353,108,2021,P.DELGADA,Bermuda
8020,9940,6728,681,5910,8969,8161,1302,6915,1124,5687,1567,2021,P.DELGADA,Suiça
85,4274,809,6355,4844,7132,1984,6916,6250,3262,2395,406,2021,P.DELGADA,Holanda
9066,186,9845,2595,1336,3042,5772,3891,1558,5274,1309,3864,2021,P.DELGADA,Letónia
4020,8920,9825,393,288,9087,8682,6517,4445,3426,6253,9504,2021,P.DELGADA,Sérvia e Montenegro
7848,8580,6198,9188,8406,3214,6095,3256,9482,1284,9168,2864,2021,P.DELGADA,Eslováquia
5222,2573,8663,8665,2710,6518,4549,538,9900,6544,9591,4310,2021,P.DELGADA,Turcos e Caicos
8727,4229,4866,7726,8966,9184,2166,8386,2064,1596,908,734,2021,P.DELGADA,Eslovénia
406,2378,286,5572,8584,9940,2638,2851,2408,6122,2825,1022,2021,P.DELGADA,Itália
8272,5728,8722,2953,1120,8486,9449,7565,357,5950,1417,6830,2021,P.DELGADA,Macedónia
7719,9952,7958,1242,796,2984,6288,2193,9693,6432,7858,1541,2021,P.DELGADA,Quatar
8973,3406,3434,8441,4572,3202,4056,2195,586,7722,3025,5537,2021,P.DELGADA,Angola
777,9024,2742,2352,5983,9329,4033,8182,1174,3126,5018,6871,2021,P.DELGADA,S. Vicente e Granadina
2636,1494,5017,3123,6006,8939,5099,4821,4954,1468,7359,2310,2021,P.DELGADA,República Dominicana
7006,75,8470,7481,4067,3612,9721,2917,4051,5945,7983,4793,2021,P.DELGADA,Quénia
7140,8475,6719,4014,80,790,147,7121,9289,8055,6556,214,2021,P.DELGADA,Egipto
2092,835,2711,6941,5948,8765,8505,1486,7568,1113,4553,5096,2021,P.DELGADA,Tanzânia
1769,807,6998,6250,4166,6373,9502,5530,7755,4390,8808,412,2021,P.DELGADA,Aruba
4035,7770,7604,7524,64,5166,3520,1274,8942,7859,5446,6172,2021,P.DELGADA,Desconhecido
7578,9765,9577,8686,5435,2044,7311,3777,4733,8907,4250,5307,2021,P.DELGADA,Hungria
647,4160,1170,2677,378,3309,9091,8170,5376,9391,688,744,2021,P.DELGADA,Polónia
9438,8013,1767,3305,3195,3975,7472,4964,8689,2354,2222,2591,2021,P.DELGADA,Rússia
7185,1540,6071,7165,1724,5949,8339,3316,8846,5690,9519,1226,2021,P.DELGADA,Turquia
4098,6291,9345,6869,5968,6103,9952,1175,6109,1952,3335,6306,2021,P.DELGADA,Montenegro
3144,6896,3824,8791,1721,9286,152,3746,6968,5614,9301,5132,2021,P.DELGADA,Marrocos
704,2682,9804,4756,3986,4150,2528,6980,1547,433,4642,346,2021,P.DELGADA,Irlanda
462,428,4028,8226,7195,9088,8633,4579,115,8723,6772,7120,2021,P.DELGADA,Bahamas
5095,8454,7646,1826,113,9651,481,7748,5720,6945,8888,5418,2021,P.DELGADA,Antígua e Barbuda
6574,1121,4556,8692,200,6685,6031,8415,7811,8843,5216,3405,2021,P.DELGADA,Cuba
3822,2472,8848,3390,4783,5648,8200,5140,3196,5494,4005,5095,2021,P.DELGADA,Costa do Marfim
8315,5878,619,3575,581,9982,7860,8502,2572,564,2656,7972,2021,P.DELGADA,Austria
4729,6610,755,4342,1104,990,6995,298,4386,8978,132,6617,2021,P.DELGADA,México
5982,685,5585,7699,9965,3297,6061,1592,350,2519,7851,9269,2021,P.DELGADA,Nigéria
2241,2330,7475,8513,5555,446,2071,3139,4232,2315,6216,2525,2021,P.SANTO,Portugal
7473,5381,9045,8593,9895,6640,5241,8293,4679,9211,2356,1688,2021,P.SANTO,Inglaterra
1548,5563,9217,9279,9030,5641,467,2120,9335,4222,8127,4091,2021,P.SANTO,Dinamarca
65,1679,2218,2816,6214,825,3718,9932,4745,1054,4059,2819,2021,P.SANTO,Polónia
5883,3538,3719,4329,112,8377,482,9133,6912,6500,8743,6013,2021,P.SANTO,França
4832,729,5967,682,7275,9082,1617,6289,7538,8662,2655,3905,2021,P.SANTO,Espanha
617,1647,3656,875,2169,5630,6092,550,9053,4455,2472,977,2021,P.SANTO,Alemanha
1892,2725,7440,289,3911,235,2675,5280,8802,5069,4497,9263,2021,P.SANTO,Rep. Checa
3042,8014,8446,8558,5968,7833,5283,162,1512,4481,1050,9262,2021,P.SANTO,Suiça
9738,3059,2422,8104,484,8653,5927,1657,9347,1037,3184,4353,2021,P.SANTO,Roménia
1099,5730,9654,1864,6260,3527,537,5929,5422,7299,3035,1458,2021,P.SANTO,Luxemburgo
1861,9876,8850,8201,8790,6509,3307,2344,7435,4698,2686,8846,2021,P.SANTO,Holanda
3899,2696,2316,702,8197,494,4653,3357,3145,6429,8302,8547,2021,P.SANTO,Itália
3173,7904,5025,351,9591,7490,5530,1643,4258,2238,8799,1790,2021,P.SANTO,Mali
1166,5839,1516,2143,8624,4436,7619,4840,5730,1941,518,1176,2021,P.SANTO,Estados Unidos da América
2704,4071,3750,9928,2491,169,5985,842,4714,2766,1651,2962,2021,P.SANTO,Austria
578,1522,7184,1356,8676,4508,4017,7145,6779,4181,3898,4304,2021,P.SANTO,Israel
5917,8278,45,6383,3221,5652,3841,6764,1196,3073,1631,6310,2021,PICO,Portugal
6816,6917,198,1211,5345,9111,7220,9928,4267,9780,8668,3438,2021,PICO,França
3387,8560,3433,1431,1579,4254,7180,503,5570,6559,6326,7414,2021,PORTIMÃO,Portugal
1207,5048,6872,8183,2226,9197,6252,5631,609,4858,5210,4160,2021,PORTIMÃO,Espanha
3512,9407,2035,9213,9923,3203,612,5304,3760,7227,6057,3069,2021,PORTO,França
2469,367,5918,2155,9134,670,7316,5403,2592,8450,6472,9287,2021,PORTO,Portugal
8058,3257,9087,2178,5771,8006,8228,3065,9500,5488,7694,5216,2021,PORTO,Espanha
9810,8383,1635,9142,4183,9802,9954,1881,7004,2142,8633,7085,2021,PORTO,Suiça
4159,3469,6853,9955,9752,1713,7688,931,6895,5177,1826,2782,2021,PORTO,Alemanha
5401,5589,5805,5792,8170,4839,1136,187,3477,7505,9063,9140,2021,PORTO,Inglaterra
4675,1804,9271,8030,4177,8474,8055,160,3003,6921,580,1477,2021,PORTO,Luxemburgo
163,1013,2592,8026,648,1276,3265,9188,965,1792,7077,9899,2021,PORTO,Bélgica
6568,6121,407,2902,3230,1009,8811,6753,9767,8734,2808,8584,2021,PORTO,Holanda
6121,375,1817,2487,3491,7707,5833,9167,4631,4710,1077,963,2021,PORTO,Itália
6531,4958,7408,857,238,4340,2441,2497,2019,3428,9792,9827,2021,PORTO,Polónia
8086,1283,9611,8389,3370,4478,780,6080,7103,1397,7735,6812,2021,PORTO,Austria
297,9082,8231,5561,1242,1000,2396,3001,6515,3428,8809,7650,2021,PORTO,Brasil
3800,2364,6381,7610,8778,9184,7792,7070,2749,7631,7368,9674,2021,PORTO,Hungria
3169,1152,7659,9421,7104,9333,2325,620,2455,7403,8712,996,2021,PORTO,Irlanda
6244,9155,6284,1521,7059,6919,6512,2564,8953,9858,273,203,2021,PORTO,Turquia
9164,7467,8827,3193,5278,579,2811,6705,8921,2275,381,1508,2021,PORTO,Malta
5426,4525,7610,2956,5063,1697,5113,1130,5352,3659,516,6856,2021,PORTO,Estados Unidos da América
85,6421,980,703,1253,7219,4742,7868,3654,9798,1720,9894,2021,PORTO,Dinamarca
3997,1926,1043,7039,9740,6124,9395,4010,3766,3160,6782,7811,2021,PORTO,Marrocos
7568,6098,2860,7063,5307,8764,1542,7067,1110,8690,7506,4563,2021,PORTO,Cabo Verde
9345,5666,7377,9417,7387,3024,2709,3756,7836,4222,979,8938,2021,PORTO,Canadá
1679,8231,9977,6933,2595,3944,1463,3895,6107,5742,7932,4922,2021,PORTO,Finlândia
4080,8829,8850,1867,9155,7375,2066,4093,5870,5259,7799,8161,2021,PORTO,Angola
6143,2716,3624,8265,3572,9614,5926,9486,9007,8619,4158,7274,2021,PORTO,Grécia
6254,5551,8156,1626,5517,5549,8457,1375,5968,5253,9538,3012,2021,PORTO,Antilhas Holandesas
2840,7294,4949,7366,362,848,8075,7901,8467,9145,3134,5647,2021,PORTO,Croácia
5996,6140,9821,7238,1096,6735,2016,1035,3069,8845,4397,4592,2021,PORTO,Islândia
446,8585,296,366,1558,6483,7657,1734,9943,8394,2972,82,2021,PORTO,Sérvia e Montenegro
3474,6185,6215,1414,5199,7541,277,8920,8999,3326,1254,4614,2021,PORTO,Bulgária
9166,3273,2874,8013,820,1551,9619,6219,6629,5422,95,5071,2021,PORTO,Rússia
1889,1378,460,1394,9032,9964,4485,9527,9548,7551,8486,4563,2021,PORTO,Rep. Checa
9014,5256,5488,279,55,5269,8514,7966,2096,4359,9234,7104,2021,PORTO,Nigéria
4248,1227,6574,9088,9404,4495,5221,7887,3770,2274,1622,2823,2021,PORTO,Colombia
3744,6663,6500,9495,470,3979,4776,8117,159,1753,3720,5738,2021,PORTO,Macedónia
8154,3666,8419,9316,4628,8345,723,1151,5372,1242,3852,9545,2021,PORTO,Eslovénia
4443,4317,2525,6319,5,9171,6180,4596,1317,4105,7818,3404,2021,PORTO,Israel
4529,4491,3103,1478,3600,5752,2653,6125,8201,7456,1944,6815,2021,PORTO,Emiratos Árabes
5396,6271,6428,5263,3407,6593,4488,5582,6835,8816,7879,6058,2021,PORTO,Eslováquia
825,708,8028,8958,5159,2526,9017,8535,8093,25,1833,5465,2021,PORTO,Maldivas
4079,9735,8790,928,3084,5238,2642,217,3457,397,3039,1788,2021,PORTO,Africa do Sul
4246,1903,5052,8644,4479,8390,5105,2939,4975,9677,1989,4885,2021,PORTO,Suécia
3233,4503,8780,356,6061,8394,2669,9140,3810,7257,6405,5724,2021,PORTO,Ucrânia
7588,9321,6412,4953,3190,8283,4648,5790,6706,6234,6232,5260,2021,PORTO,Bahamas
5370,6381,137,8588,8904,2427,208,5509,9095,2165,7801,8977,2021,PORTO,Gibraltar
4440,139,4496,5976,4274,4130,8418,8496,149,4323,7759,5572,2021,PORTO,Roménia
680,3472,8795,4726,2721,1353,8352,4352,6688,8903,6662,4411,2021,PORTO,Gana
320,2755,2180,8419,3677,3955,3520,7275,418,2212,8547,3135,2021,PORTO,Letónia
4815,949,995,6417,2496,834,9455,9253,6706,2282,7393,7817,2021,PORTO,Chipre
2095,938,6753,1588,9906,1193,2744,9057,1762,4066,7275,2466,2021,PORTO,Estónia
1460,3015,5837,5053,3745,4493,7588,8856,1799,1109,1263,9917,2021,PORTO,S. Vicente e Granadina
8002,5049,5709,1431,655,3002,9723,2523,6036,4683,3455,9855,2021,PORTO,Martinica
1157,7867,7783,2110,5330,5536,4878,9017,8811,7394,8450,7639,2021,PORTO,Egipto
3465,5755,2100,4200,2342,4851,2179,1428,3366,3618,8402,7276,2021,PORTO,Barbados
7136,1554,4533,4339,2917,4647,7506,645,8401,3948,4055,5222,2021,PORTO,México
4786,3422,1561,660,7997,4864,109,7209,3660,5444,3543,5125,2021,PORTO,Montenegro
9015,1726,9448,9959,1959,6147,9276,2772,8387,8851,3971,6547,2021,PORTO,Argélia
8935,617,1806,4909,6369,548,189,3844,5623,3585,9145,7096,2021,PORTO,Bielorússia
7452,4945,5409,4095,767,3687,2955,9155,6301,9115,7468,3382,2021,PORTO,Desconhecido
9299,5820,4570,7026,1774,2524,8066,485,2159,4366,9687,6659,2021,PORTO,República Dominicana
8224,5171,1159,3282,2362,3566,9638,4535,5891,7304,3509,812,2021,PORTO,Desconhecido N/Schen
4985,8386,6907,1668,602,9883,9801,3039,1491,3018,5157,8310,2021,PORTO,Tailândia
546,1295,3631,1286,5618,6290,6132,1346,5744,8368,9671,5719,2021,PORTO,India
8652,4771,3402,4898,9074,5971,7142,6737,561,483,7760,6355,2021,PORTO,Senegal
6935,969,2951,2515,8222,2919,592,2007,5227,8433,4931,4332,2021,PORTO,Quatar
4443,1662,1784,1006,6457,3362,9644,4029,7051,3162,2157,30,2021,S.JORGE,Portugal
1420,3870,2485,1475,4327,3150,993,8642,2857,5412,4651,3990,2021,S.MARIA,Portugal
9915,4967,7882,306,3325,5420,5360,9880,7342,3201,3587,4360,2021,S.MARIA,Espanha
190,3585,9896,5133,568,2363,7546,4371,7544,4416,7329,5638,2021,S.MARIA,Polónia
3630,513,3444,8633,2562,5231,7122,6028,8373,5772,772,7511,2021,S.MARIA,Holanda
7160,6031,903,7269,4028,5647,4091,2207,4460,7586,4644,8601,2021,S.MARIA,Estados Unidos da América
8621,1606,2802,6688,5207,256,6120,4081,6840,3050,7842,2754,2021,S.MARIA,Inglaterra
6692,1306,3358,4531,5133,5234,4443,1526,5417,9487,7505,5675,2021,S.MARIA,Itália
4217,8208,2241,6895,545,2959,8422,7555,1897,5650,1364,6343,2021,S.MARIA,França
6519,1807,3473,482,6803,3910,7940,9414,5589,614,715,2170,2021,S.MARIA,Suiça
6383,3967,2504,4742,5253,1626,3480,461,7461,7031,3137,1912,2021,S.MARIA,Grécia
1662,9972,3349,813,4301,4980,1192,7353,9931,9940,5857,8280,2021,S.MARIA,Antilhas Holandesas
6182,7907,6209,1483,7138,4673,2948,7382,3421,3099,9570,8142,2021,S.MARIA,República Dominicana
4973,6052,9155,5680,7471,2014,17,6025,169,9144,994,1858,2021,S.MARIA,Antígua e Barbuda
3792,9993,7644,8772,8121,8016,5998,2322,8125,7698,6551,7864,2021,S.MARIA,Nigéria
8142,5364,4789,430,3585,9564,2458,6728,2389,366,2879,3072,2021,S.MARIA,Israel
3405,2730,6479,4273,6679,9360,6688,8833,7996,9627,2304,605,2021,S.MARIA,Austria
7718,7361,8534,4094,3786,1611,5563,8925,8499,2398,6775,6709,2021,S.MARIA,Bahamas
2477,2128,5917,8054,9026,8053,699,5194,9660,8533,970,8106,2021,S.MARIA,S. Vicente e Granadina
593,3850,2608,3605,4774,5387,8231,8403,2641,4923,8674,3744,2021,S.MARIA,Rússia
6653,6420,5867,9051,2132,4266,4403,3690,653,6180,755,1886,2021,S.MARIA,Porto Rico
7180,1888,9392,9889,3627,2249,1063,5653,6331,7867,9307,7431,2021,S.MARIA,Panamá
4057,502,4055,8375,4220,2843,1718,483,1967,6155,8565,2826,2021,S.MARIA,Bélgica
1366,1909,4049,5286,7497,5469,765,3615,3685,3531,4019,2496,2021,S.MARIA,Honduras
894,1648,4995,8226,8810,4757,5161,3631,5745,9659,3648,9864,2021,S.MARIA,Croácia
5641,8629,4281,2355,6523,2404,4644,3085,7501,9584,8843,6652,2021,S.MARIA,Costa Rica
644,529,4928,898,3431,5125,1601,3829,5085,9045,8562,7188,2021,S.MARIA,Gana
8269,9338,3854,4774,4925,1216,4946,9815,4860,6906,4180,6100,2021,S.MARIA,Emiratos Árabes
7736,6758,1856,1721,7809,2077,3386,424,7006,1450,7063,8912,2021,S.MARIA,Bermuda
3676,929,2119,8756,6127,5740,7241,3575,2240,2566,9715,1058,2021,S.MARIA,Colombia
1735,8857,5883,1192,1344,8928,2217,6779,9949,383,8945,7608,2021,S.MARIA,Guadalupe
8865,5967,5666,6621,448,2551,9523,689,9954,7187,8131,5168,2021,S.MARIA,Rep. Checa
8430,9034,4953,2555,893,8391,6729,580,4793,7488,4565,2225,2021,S.MARIA,Alemanha
6438,7744,8665,2358,3396,3679,751,1851,3751,3213,4024,6334,2021,S.MARIA,Turquia
1902,5777,350,6901,7678,8810,700,8568,7290,5418,6370,1069,2021,S.MARIA,Angola
7129,1857,6318,1201,6373,2186,5714,7687,6390,3579,6821,8291,2021,S.MARIA,Peru
5802,1593,1050,274,3538,7156,6422,4935,8566,1013,324,9682,2021,S.MARIA,Ilhas Virgens UK
6942,1759,4275,6592,5086,6333,765,8737,8538,1324,3887,7265,2021,S.MARIA,Líbano
4978,5685,3233,3132,9150,4459,6778,1013,9802,6030,3284,365,2021,S.MARIA,Barbados
1463,6686,4502,8239,7520,2492,2230,8358,9889,8908,1422,7169,2021,S.MARIA,Brasil
9718,9276,6943,3592,2587,984,5083,2413,7900,9565,7614,4737,2021,S.MARIA,Suécia
1138,9375,1594,7272,4941,5095,1666,1684,8480,1902,2574,1759,2021,S.MARIA,Ucrânia
9784,837,581,2956,892,5877,2241,7443,749,3251,6103,6654,2021,S.MARIA,Marrocos
8648,9025,5673,5666,6866,6455,269,3782,3922,8340,7917,7644,2021,S.MARIA,Letónia
8215,7576,25,6234,6987,179,5704,6556,8929,9925,1350,8807,2021,S.MARIA,Jamaica
3919,8410,4964,350,1578,8111,1606,687,4753,1152,8913,9797,2021,S.MARIA,Ilhas Virgens USA
4492,5519,169,9008,9870,320,198,8148,3439,6513,4086,1929,2021,S.MARIA,Hungria
6180,8580,580,5188,1702,1735,6031,2202,8709,6027,8226,959,2021,S.MARIA,Chipre
6642,7538,1648,8010,5035,1645,647,4489,7093,498,4086,3353,2021,S.MARIA,Dominica
4899,7276,6911,5139,786,4575,2206,7466,7752,3271,8026,9991,2021,S.MARIA,Turcos e Caicos
7270,2019,1421,5790,297,9682,4982,4725,8222,2758,1524,7946,2021,S.MARIA,Martinica
2242,9435,9323,9301,2857,5496,4529,6495,4471,8676,8570,2169,2021,S.MARIA,Canadá
7395,6928,4232,1217,6509,1956,2025,4261,9707,6787,2781,8374,2021,VISEU,Portugal
2392,4278,2575,6539,8495,8740,9132,6705,7718,3579,1665,1439,2022,BEJA,Alemanha
5193,2163,2836,6733,4839,6449,1631,3581,1532,3465,2014,8089,2022,BEJA,Canadá
9352,7743,391,6613,1367,5057,4561,9161,5508,3316,7799,6883,2022,BEJA,Itália
8509,536,412,3724,4669,5316,7107,9181,3434,9190,5268,9292,2022,BEJA,Estados Unidos da América
9491,2026,8995,6271,3206,9216,4094,1090,8296,1617,6283,1079,2022,BEJA,França
2474,3181,2412,6807,639,5249,9227,7739,6249,3221,9185,5299,2022,BEJA,Portugal
1141,7940,5394,6855,1572,2670,2647,8935,6681,5077,4163,9818,2022,BEJA,Espanha
6000,511,6575,1829,4684,4877,5401,6046,9774,1793,6433,6827,2022,BEJA,Suiça
9217,5620,1193,4280,6886,4978,9202,6406,1967,3095,966,6941,2022,BEJA,Inglaterra
7825,9059,1137,8347,1864,3407,1407,5999,2310,9987,4609,9080,2022,BEJA,Turquia
2186,5606,6015,1466,5004,5426,4157,3244,6166,4843,2970,2047,2022,BEJA,Bahamas
3525,2532,3125,7224,3694,7959,5959,3700,6422,3077,3727,7192,2022,BEJA,Vietname
6641,1306,2470,5597,6603,6079,6892,166,3953,3656,7506,8851,2022,BEJA,Marrocos
4285,6043,2343,1774,6078,7111,7907,5800,7575,3962,2662,4594,2022,BEJA,Bélgica
4106,339,9244,3588,9915,4695,6601,5968,4173,6283,2688,1450,2022,BEJA,Dinamarca
8460,4393,9625,5331,1795,6972,6187,2404,4805,9970,3291,1025,2022,BEJA,Grécia
840,455,3026,3960,8188,9319,8900,9121,4734,1505,6163,6497,2022,BEJA,Emiratos Árabes
6742,9264,6893,8116,8983,9370,672,4639,9943,2633,650,7059,2022,BEJA,Holanda
7291,6779,2577,8954,3429,7278,5426,8545,5395,1244,1101,5612,2022,BEJA,Chile
9887,9797,4134,4994,7537,721,1472,4167,3831,4577,6878,4978,2022,BEJA,Hong Kong
7389,6999,8381,1587,4019,8709,1301,7233,3100,8852,5983,5614,2022,BEJA,Austria
3247,7001,17,904,7573,8367,5914,5883,7356,7872,2360,7073,2022,BEJA,Egipto
5819,1487,9111,7190,9249,610,449,1761,6560,8522,7884,3516,2022,BEJA,Argentina
3976,6307,7702,8943,3939,7277,8977,2038,8387,183,7577,7018,2022,BEJA,Malta
2894,5696,3106,7,1430,5615,4743,5500,9015,4856,7479,2186,2022,BEJA,República Dominicana
6610,5478,3691,1504,4106,839,9746,9317,9806,4552,6781,9813,2022,BEJA,Venezuela
4480,4884,9677,8422,7497,9112,2175,4041,419,6932,2111,6285,2022,BEJA,Senegal
901,6146,8343,6684,7506,2798,4163,1585,5539,3047,6052,2619,2022,BEJA,Suécia
3039,8468,1459,4151,2297,7910,7799,397,2162,5142,6224,3229,2022,BEJA,Guiné Equatorial
1691,4011,9078,8489,8360,6212,9066,309,7941,2314,685,3586,2022,BEJA,Luxemburgo
8747,3643,1069,7962,3772,5614,2538,4524,6640,665,1517,6505,2022,BEJA,Rep. Checa
6074,5405,3058,3195,5267,976,2627,9028,3560,785,9695,4748,2022,BEJA,Angola
9789,5427,8769,8809,4079,1981,7377,6416,9750,227,8013,3530,2022,BRAGANÇA,Portugal
5573,5702,7156,2871,4257,802,2652,436,8064,871,6960,9101,2022,BRAGANÇA,França
5024,6902,4679,982,5512,3938,4301,2984,5699,67,2013,1373,2022,BRAGANÇA,Espanha
6378,5084,6980,2105,8793,6301,8427,8868,1486,57,2813,5252,2022,CASCAIS,Portugal
398,4556,363,7564,6207,9926,936,5411,3546,7369,2384,6170,2022,CASCAIS,Espanha
5503,6495,3707,9782,4764,7365,7401,6475,2099,1297,2466,2579,2022,CASCAIS,França
4322,7300,9864,2451,3276,8569,8547,1510,928,2505,6810,5836,2022,CASCAIS,Inglaterra
4407,7366,5186,940,6019,3136,8576,8690,6087,4455,5254,7,2022,CASCAIS,Brasil
1,2879,6975,6237,3580,664,7998,4830,493,4848,8906,654,2022,CASCAIS,Itália
5878,2521,4748,3214,1685,3988,7216,7218,6500,1786,1938,6466,2022,CASCAIS,Suiça
4564,6783,8435,5492,9238,6640,7316,7065,7120,8380,5299,5948,2022,CASCAIS,Alemanha
7193,1847,7870,6514,7661,9674,192,1578,5564,1060,3424,9491,2022,CASCAIS,Holanda
7535,9300,9762,6924,5207,4212,6887,8385,7864,6379,5890,3912,2022,CASCAIS,Polónia
947,1864,9157,5743,8942,3363,6510,6541,4979,2952,4613,8471,2022,CASCAIS,Estados Unidos da América
7165,3421,3179,8205,9440,8611,479,9580,4861,718,3959,391,2022,CASCAIS,Luxemburgo
9569,3101,7882,2607,4105,4963,6375,3726,1579,1990,2190,1467,2022,CASCAIS,Bélgica
9377,8094,9597,2953,1502,3484,5558,7405,9701,9637,1606,6740,2022,CASCAIS,Angola
6593,3784,8971,3533,9699,1984,9102,3141,163,8357,4409,661,2022,CASCAIS,Marrocos
789,3151,2959,7454,8793,1653,3861,215,4379,8672,8456,9797,2022,CASCAIS,Cabo Verde
3655,3600,5102,9404,6262,2386,3237,3258,2265,4493,9595,2890,2022,CASCAIS,Grécia
8355,4099,3813,4350,2467,819,6723,3504,4508,7078,1157,1425,2022,CASCAIS,Israel
3243,5456,1879,9841,2523,6805,3916,8135,1299,750,6187,8665,2022,CASCAIS,Malta
1999,6967,2131,3963,2532,3110,3580,8020,102,5477,1708,3044,2022,CASCAIS,Austria
600,2907,2249,2093,9233,9296,4840,5088,3213,2091,6704,1533,2022,CASCAIS,Egipto
1103,1215,5151,6733,4078,45,8635,7362,6562,4539,4968,8249,2022,CASCAIS,Dinamarca
5306,3705,8476,4681,8068,8072,9815,6452,8359,7763,9482,679,2022,CASCAIS,Irlanda
9299,2906,4697,3594,2412,8205,7148,3793,2442,9565,7716,5306,2022,CASCAIS,Suécia
4306,6251,4616,4718,1241,4086,1614,229,3800,6713,2264,9549,2022,CASCAIS,Colombia
7814,8479,9994,604,1967,770,3036,8042,7392,3511,8245,7278,2022,CASCAIS,Congo
726,8142,9110,3783,3957,9303,5533,6136,244,6020,2317,1833,2022,CASCAIS,Letónia
9137,2914,4270,9218,9424,3529,836,7852,4923,7323,7058,4892,2022,CASCAIS,Canadá
1462,5850,2327,2396,3656,7455,8084,1414,2647,2354,100,3618,2022,CASCAIS,Jordânia
7108,1760,9801,5496,4663,4468,2361,5818,2215,4153,6088,9340,2022,CASCAIS,Emiratos Árabes
2009,1931,9403,804,1487,8998,5995,3455,4738,6503,242,814,2022,CASCAIS,Turquia
1243,4377,4478,6554,3126,9657,3319,8200,3895,6032,503,1239,2022,CASCAIS,Gibraltar
5064,8959,1785,7393,2511,2755,7934,3862,3575,6308,2878,2614,2022,CASCAIS,Hong Kong
1592,343,9158,908,3816,4953,5650,9571,4200,1349,2206,6329,2022,CASCAIS,Quatar
9519,6009,8440,5300,9613,7926,4229,6516,3118,9022,8752,5968,2022,CASCAIS,Hungria
6792,2203,7059,9934,4662,8562,2885,262,2014,5074,7757,248,2022,CASCAIS,Chipre
8789,9681,3573,9249,9258,5718,8623,533,6101,3258,1439,7655,2022,CASCAIS,Africa do Sul
2316,4825,937,1791,7403,7498,4477,2090,6665,5561,7405,3046,2022,CASCAIS,Bahamas
395,1882,2312,5332,9826,3286,1129,3781,9598,1622,7948,5300,2022,CASCAIS,Equador
3216,1080,9306,6992,3849,9115,8266,3544,6468,8451,4758,8479,2022,CASCAIS,Chade
3283,9762,1510,2575,7397,730,4486,4618,5871,8635,7249,335,2022,CASCAIS,Croácia
5026,9154,3768,4899,8343,2437,7097,3242,3611,7827,1384,2605,2022,CASCAIS,República Dominicana
4491,1362,2641,5565,6600,765,430,1803,2121,9411,241,6377,2022,CASCAIS,Gabão
8199,6686,9692,9993,6661,9673,6782,7607,9695,5820,4397,2968,2022,CASCAIS,Bulgária
3933,7035,5061,7110,4206,8883,3820,2168,1009,5320,6693,9899,2022,CASCAIS,Rússia
6659,4123,4558,1106,2382,7565,7664,3409,7428,9219,1692,6121,2022,CASCAIS,Antígua e Barbuda
5190,5671,451,8257,1023,5939,5356,4154,8143,2380,2376,2094,2022,CASCAIS,Senegal
9752,3426,8534,4216,2586,8830,5962,1283,941,6906,7341,6434,2022,CASCAIS,Montenegro
9917,1844,5638,4568,6078,9431,8569,4660,7177,6648,2570,1452,2022,CASCAIS,Noruega
9351,8944,9863,9088,6679,4969,5798,4268,988,402,3417,4137,2022,CASCAIS,Argélia
8550,2612,1526,1898,9655,5212,903,7195,1546,8191,4755,634,2022,CASCAIS,Tunísia
3373,2210,475,3955,1566,5462,5772,830,7860,5152,3549,7367,2022,CASCAIS,Roménia
3886,2240,5520,2398,2098,6304,8871,5947,1400,209,6057,8679,2022,CASCAIS,Rep. Checa
9320,2032,2902,101,3042,8104,2292,939,3083,5043,711,2316,2022,CORVO,Portugal
3856,4764,2000,1640,1650,5019,2219,6981,7714,6409,4647,8359,2022,FARO,Inglaterra
8424,5846,6405,688,3329,5623,8116,243,4534,4932,5359,9715,2022,FARO,Irlanda
485,2789,5328,5890,1931,7727,8415,4679,7668,9845,7572,6743,2022,FARO,Alemanha
1703,9316,9379,9545,8553,1776,1086,722,3992,9946,753,3275,2022,FARO,França
4572,9696,434,8110,8837,1115,5157,6579,3554,4321,1175,6397,2022,FARO,Holanda
63,3703,9140,494,1257,6773,3291,3118,1356,9694,8807,7756,2022,FARO,Portugal
3032,4807,2794,8290,8974,6031,3540,5592,9922,2431,859,4807,2022,FARO,Bélgica
7195,8400,9522,8695,1903,3084,1970,655,1998,9696,4724,1950,2022,FARO,Suiça
6284,579,7674,6315,2344,3981,1408,5337,8831,1377,8233,613,2022,FARO,Espanha
4276,4860,4962,4226,6519,4401,1515,2046,4392,1763,6118,692,2022,FARO,Luxemburgo
6380,2626,8673,9238,3917,8182,9760,6756,1785,7345,1145,9948,2022,FARO,Suécia
9424,5540,6183,1317,4052,3400,9435,6986,3208,5974,3017,5645,2022,FARO,Itália
7956,8519,4622,1489,7560,8504,1325,3863,9307,7934,5389,3004,2022,FARO,Polónia
8797,4134,7385,197,8712,5952,8296,5617,9288,3946,5266,8636,2022,FARO,Dinamarca
4446,822,8589,36,7874,2849,6180,6795,2907,4750,6008,3330,2022,FARO,Noruega
9248,6432,2048,8143,7767,5124,197,7683,3358,735,2816,7958,2022,FARO,Austria
2942,1499,2239,4730,2498,8431,6114,186,558,2305,6943,4268,2022,FARO,Canadá
2759,5298,6964,9807,3739,7119,7786,8027,5330,3410,5473,6576,2022,FARO,Níger
1270,9159,8968,285,4970,2171,4113,9814,532,3619,8702,5956,2022,FARO,Rep. Checa
279,7573,940,6977,7415,5350,4796,5067,5438,9501,9287,3005,2022,FARO,Lituânia
9282,182,9445,8690,3542,3928,9400,3180,4891,1051,8645,2369,2022,FARO,Finlândia
4014,9825,6660,273,6776,3072,312,527,6968,4513,627,7600,2022,FARO,Islândia
2295,1980,1494,3501,2859,8595,843,9164,81,7945,411,2985,2022,FARO,Burkina Faso
9030,6135,6708,1766,6813,1765,534,2430,2594,4486,7282,1894,2022,FARO,Estónia
2396,4515,6871,848,9752,8712,4197,267,5759,3920,4159,7283,2022,FARO,Marrocos
7159,5692,6885,2074,9468,5038,2328,4310,5332,1740,4733,4237,2022,FARO,Chipre
2544,7209,2120,3444,8972,7663,7401,4394,7670,9234,8152,8430,2022,FARO,Grécia
3376,8157,2416,1680,1116,3743,8049,4594,6225,6522,6155,7099,2022,FARO,Chade
253,1872,9030,3203,2917,2947,2712,7770,561,5375,5242,7229,2022,FARO,Cabo Verde
5337,7331,3935,4187,6445,6174,2682,344,8541,557,237,1583,2022,FARO,Israel
6984,8219,7536,2543,9786,6349,7653,9458,3048,8136,2204,2040,2022,FARO,Guiné Bissau
8976,6948,5443,4528,6638,2999,2922,5051,196,838,2569,6487,2022,FARO,Gibraltar
555,7787,8096,7601,4651,5714,8089,7805,8934,9038,7276,9364,2022,FARO,Estados Unidos da América
4804,5261,6159,5273,6847,6728,7286,213,128,7560,9535,9002,2022,FARO,Jordânia
6033,2932,2514,3574,4382,7125,2233,7615,3757,3839,8499,112,2022,FARO,Rússia
4883,2819,6693,9523,7807,5029,7235,3583,6479,5921,8464,3014,2022,FARO,Guiana Francesa
3568,5055,4026,3402,5786,4862,6083,6569,5698,4734,1556,3049,2022,FARO,Arábia Saudita
8895,5250,2608,1454,3760,2960,448,8349,5140,5491,3165,8744,2022,FARO,Malta
708,8330,1505,6953,8741,1315,1337,9780,6278,9150,6291,1648,2022,FARO,Turquia
6588,1128,5121,3111,3016,5583,3091,9346,2799,619,1578,7633,2022,FARO,Emiratos Árabes
1873,6614,1130,8243,232,2498,8726,6907,3935,5698,1125,2338,2022,FARO,Hungria
9131,2122,606,6750,3387,3281,7866,3078,7593,960,4024,4237,2022,FARO,Ilhas Caimão
419,9602,2980,9959,4695,8655,1973,4163,9699,5981,6778,5770,2022,FARO,Kuweit
7806,6939,6814,7983,5699,5980,3624,2919,8032,5457,1980,639,2022,FARO,Barbados
2849,1361,1500,6688,2987,5750,4445,1464,9395,2082,4558,9703,2022,FARO,Omã
5900,7364,1586,579,8317,4129,6469,6071,4610,8266,5558,3760,2022,FARO,Croácia
4875,7179,1198,8994,9828,5936,8952,9975,2331,4912,306,8101,2022,FARO,Camarões
8484,6998,3473,952,9652,4994,494,6269,6406,6031,765,5430,2022,FARO,Porto Rico
8836,412,963,5343,3270,6434,8213,7921,8825,6360,3909,8091,2022,FARO,Brasil
3893,2660,4501,1184,3884,6261,6512,4999,4760,8186,3803,9991,2022,FARO,Desconhecido
8254,2525,2061,4858,8452,6718,8795,6201,2063,5874,7334,7430,2022,FARO,Serra Leoa
5809,4422,6346,1774,9703,6464,7168,5973,785,1207,9240,3851,2022,FARO,Bulgária
9462,7375,8869,1176,7406,7135,209,9054,4199,7169,3136,8466,2022,FARO,Bahamas
9182,4544,6264,6614,4407,1818,7110,2363,5678,9415,4681,9459,2022,FARO,Uganda
5033,4820,7125,1904,4742,337,3971,6967,4913,5516,3496,9881,2022,FARO,Argentina
6842,6450,8868,7803,4878,6734,1192,9603,254,2127,180,2628,2022,FARO,Antígua e Barbuda
4652,6710,3302,9841,1683,5583,3151,3714,404,6106,6497,8639,2022,FARO,Eslováquia
1404,1608,6624,8112,7507,4001,5041,2608,7967,1652,2005,1395,2022,FARO,Antilhas Holandesas
9820,6257,7223,4013,8122,7551,9095,8509,5333,2970,340,6247,2022,FARO,Bermuda
2093,4490,3088,9672,9126,97,6671,2098,1096,9463,5267,1277,2022,FARO,Benin
9008,5466,1116,937,3372,8398,950,3553,5284,5168,7621,1610,2022,FARO,India
5575,5722,4390,5821,4616,3670,555,3878,9218,3718,8495,6071,2022,FARO,Senegal
1541,7469,4994,5992,4491,4902,5707,997,5604,8083,6000,7103,2022,FLORES,Portugal
1217,9882,9424,8217,3902,3494,6235,3294,7378,3863,3046,7378,2022,FUNCHAL,Portugal
3020,9240,3903,1455,5492,2950,228,8162,1984,5904,6986,4180,2022,FUNCHAL,Inglaterra
8055,1936,1697,672,2113,9405,8965,879,8854,3592,2697,7401,2022,FUNCHAL,Alemanha
9982,4642,7361,817,1029,8585,2482,798,4232,9066,2161,1452,2022,FUNCHAL,França
2791,4418,5080,1196,5742,7382,2779,2734,8327,7496,3368,53,2022,FUNCHAL,Polónia
290,9609,1229,5442,5002,7085,651,8065,9452,1321,3269,2994,2022,FUNCHAL,Espanha
5649,5430,1525,1484,773,2925,7620,3252,2320,9195,594,8073,2022,FUNCHAL,Holanda
3556,5018,9529,4582,9400,6447,6537,8341,4046,9706,3046,6889,2022,FUNCHAL,Rep. Checa
1599,7628,9577,5133,1467,2531,8762,4580,2904,4027,7698,2419,2022,FUNCHAL,Bélgica
4047,3372,7306,8224,1122,3325,4363,8470,157,1305,4749,8211,2022,FUNCHAL,Finlândia
2950,8188,4696,1832,1477,9079,4817,320,6998,335,2940,5879,2022,FUNCHAL,Suiça
4218,3640,7532,5382,7211,6113,5453,7681,781,170,746,159,2022,FUNCHAL,Dinamarca
8136,4831,4035,5716,3402,704,7984,7241,6894,2911,3256,455,2022,FUNCHAL,Lituânia
30,5411,1313,2002,5018,2344,8705,431,189,5322,7648,7843,2022,FUNCHAL,Itália
9276,1453,9171,1878,4548,3321,3458,668,2939,4837,7578,940,2022,FUNCHAL,Luxemburgo
2821,2456,7281,8447,5333,8261,5644,2807,9859,9212,7448,8089,2022,FUNCHAL,Irlanda
590,3838,5630,815,771,9714,2999,5302,4724,3029,6369,3130,2022,FUNCHAL,Austria
1767,7665,3995,493,8187,5082,7225,9416,6307,7629,6899,2691,2022,FUNCHAL,Suécia
8905,4951,8420,7780,2529,6230,3354,2433,6957,7690,1470,1599,2022,FUNCHAL,Noruega
7246,4395,4616,9205,3860,3379,4103,4801,9860,5066,5638,7547,2022,FUNCHAL,Roménia
1491,792,9629,9560,7660,4064,6420,283,4469,7741,4738,973,2022,FUNCHAL,Hungria
9692,976,4514,111,6796,6379,5636,6495,8932,7259,725,1437,2022,FUNCHAL,Estados Unidos da América
720,6081,2652,163,8375,159,640,4562,2666,6498,6060,9514,2022,FUNCHAL,Ucrânia
6409,1923,307,4688,7435,6470,2140,4570,2990,9749,2915,6772,2022,FUNCHAL,Estónia
5777,9122,9452,2498,7129,1283,8345,463,4699,297,5566,8634,2022,FUNCHAL,Letónia
9524,4017,3854,1524,5478,2591,4681,7539,4214,9127,8387,4131,2022,FUNCHAL,Marrocos
3737,467,7041,6846,7408,2321,5309,5110,2660,9818,3741,8458,2022,FUNCHAL,Islândia
9258,6317,6791,683,3600,9909,6336,6440,4169,4075,2892,8470,2022,FUNCHAL,Israel
4467,5817,2921,8964,3161,1462,1749,1060,8646,9660,7340,6456,2022,FUNCHAL,Eslovénia
3985,2615,1522,1488,1993,7496,6034,3069,4909,4767,7380,2633,2022,FUNCHAL,Croácia
4308,4031,980,5094,1976,3234,3527,6093,6160,2209,5004,4089,2022,FUNCHAL,Rússia
6641,6744,2397,4333,2511,271,2743,3643,506,6417,5984,7770,2022,FUNCHAL,Cabo Verde
916,5883,8740,3854,7429,7269,8955,7763,8646,1944,2120,2830,2022,FUNCHAL,Bulgária
8234,4665,1079,1464,2696,251,424,639,3035,9051,3299,762,2022,FUNCHAL,Nigéria
6274,8271,3525,1806,4502,261,6825,1134,8596,9726,448,8949,2022,FUNCHAL,Canadá
2550,129,4969,5746,7177,4447,7251,7020,953,5668,5075,4586,2022,FUNCHAL,México
6494,4661,3828,6584,1258,437,6907,9589,2710,8991,2886,1067,2022,FUNCHAL,Desconhecido
1971,2298,8105,3098,6661,2990,6795,4993,750,7883,4961,2435,2022,FUNCHAL,Uruguai
6583,1608,2454,2531,7519,7807,3575,4834,4690,2358,9895,5531,2022,FUNCHAL,Grécia
5710,686,4339,2291,4438,3239,7844,6502,2277,1351,8003,5641,2022,FUNCHAL,Bermuda
4407,4846,2932,990,9735,7757,5129,7265,1086,102,8914,684,2022,FUNCHAL,Tanzânia
6588,7569,8591,9586,5618,2258,1366,144,8282,3568,5006,6767,2022,FUNCHAL,Antilhas Holandesas
6989,5994,5426,6336,6043,9665,5487,3338,5228,2297,1093,963,2022,FUNCHAL,Brasil
3827,2201,9119,3619,1974,8568,8286,8910,679,2316,2,389,2022,FUNCHAL,Mali
1076,7491,384,2849,5057,1766,5872,5256,9539,2727,1939,1057,2022,GRACIOSA,Portugal
6244,8866,8027,4850,263,1059,3555,8181,9998,2714,4833,954,2022,HORTA,Portugal
2991,8520,3548,3094,4763,2209,5713,784,1158,2376,4167,178,2022,HORTA,Desconhecido
4178,7193,6821,8728,6159,3311,266,9222,3874,7033,7495,8519,2022,HORTA,Itália
2754,2044,6087,8659,9022,748,8567,9015,5121,2352,5557,6166,2022,HORTA,Holanda
7686,8501,3401,7487,6865,423,3500,2071,6104,8906,1860,343,2022,HORTA,Espanha
6881,5300,4393,3843,5879,9648,4680,900,3855,7757,5146,2195,2022,HORTA,Suiça
6942,4448,3668,4573,8393,220,5434,4081,1215,1930,2970,9119,2022,HORTA,Bermuda
5817,4837,1685,2635,316,4839,7957,3484,4178,2586,2149,8152,2022,LAJES,Portugal
3854,4804,9003,3968,1729,1176,591,8172,7763,9953,5812,4656,2022,LAJES,Estados Unidos da América
8271,140,1185,5166,5562,8655,8224,8971,7085,653,768,7425,2022,LAJES,Canadá
8905,9572,5257,2657,3732,5901,3664,6116,8690,916,4677,555,2022,LAJES,Inglaterra
4479,5782,15,6327,7044,8224,1716,9837,8510,3850,3910,9336,2022,LAJES,Holanda
7813,1448,2054,4157,3571,2756,9841,6027,8715,926,4849,6214,2022,LAJES,Suriname
5504,8094,6109,8771,6050,2198,3386,1600,1781,3505,6309,468,2022,LAJES,Espanha
96,258,1974,3589,3027,4152,3504,9586,7223,9994,4050,4025,2022,LAJES,Santa Lúcia
1073,5659,7829,9754,3593,4228,4938,6813,951,9579,5310,1999,2022,LAJES,Jamaica
2925,8475,5613,6565,8710,2531,4272,8140,2432,7941,4189,3862,2022,LAJES,Guadalupe
6693,3154,2630,5985,3627,2279,9018,612,819,8856,5989,879,2022,LAJES,França
5740,4091,5808,4699,3872,4848,101,9138,8034,2553,7456,3341,2022,LAJES,El Salvador
7919,729,5427,3786,2592,9280,3704,1544,2447,2977,1534,1798,2022,LAJES,Polónia
8921,5207,288,5843,7039,6480,2633,9889,8556,3291,1971,8664,2022,LAJES,Colombia
7884,4766,7164,2465,1468,4332,9057,5816,4807,7031,2136,5273,2022,LAJES,Guiana Francesa
4342,9971,3052,1064,6858,6781,6303,5087,6801,6334,3459,5817,2022,LAJES,Martinica
3106,7781,8834,8296,6474,4618,624,5144,4274,8656,8016,6235,2022,LAJES,Bélgica
4040,2447,6942,7595,1112,2337,2723,8855,5377,351,8301,8639,2022,LAJES,Antilhas Holandesas
1416,4920,9383,9507,5165,2505,116,207,2254,7528,9843,3442,2022,LAJES,Cabo Verde
9145,3089,5271,701,2826,3743,1979,7033,4854,3889,8898,7291,2022,LAJES,Itália
1563,9618,9807,1547,7524,5731,996,5905,9572,2522,4936,3801,2022,LAJES,Suiça
9892,5662,3230,9402,9677,4331,4026,1565,99,5155,9124,6689,2022,LAJES,Marrocos
4049,2889,9973,1825,110,2913,8217,5413,8157,3073,8788,2399,2022,LAJES,Egipto
3867,3752,1227,9827,9578,6571,3012,4246,6509,7109,8734,8863,2022,LAJES,Grécia
3698,4302,8096,9775,5616,3037,1183,4804,8855,4657,8063,9394,2022,LAJES,Barbados
8330,4687,7341,1361,75,197,959,8078,6245,1562,6325,890,2022,LAJES,Turquia
8517,3235,9014,9956,4101,2042,7663,3560,3387,3603,8624,4343,2022,LAJES,Antígua e Barbuda
6661,8787,7080,2756,2964,6545,1799,4291,4222,7429,2196,2882,2022,LAJES,Gana
4134,8952,7734,6407,8040,6891,6564,8254,6730,5738,9919,8830,2022,LAJES,Ucrânia
7349,9386,8281,2220,1779,1740,6808,8467,5441,5187,5137,8891,2022,LAJES,República Dominicana
6684,1357,2937,5144,2712,9765,9792,9035,6649,8678,918,8753,2022,LAJES,Cuba
6940,7223,655,5336,5066,335,145,7144,4165,2766,9034,4516,2022,LAJES,Bulgária
7348,7845,1869,6336,1289,8235,4870,9380,5960,5549,9500,1221,2022,LAJES,Porto Rico
7693,1020,7658,6445,8322,1139,5677,5326,4648,3227,4443,8114,2022,LAJES,Malta
580,4514,9644,45,9048,3799,3259,2546,474,4443,4145,6511,2022,LAJES,Turcos e Caicos
6891,2913,7702,2015,8079,8026,299,1580,4111,2475,7867,3597,2022,LAJES,Croácia
2646,5509,1580,1478,3356,1040,5132,3814,5794,2309,658,2141,2022,LAJES,Austria
9679,8449,4573,8688,5098,4663,8639,2544,564,571,4556,6636,2022,LAJES,Bahamas
3284,5723,7342,1038,77,8695,5630,42,6910,2464,8745,4274,2022,LAJES,Geórgia
8714,2908,6756,4725,876,4545,1697,2929,8281,3388,8683,9871,2022,LAJES,São Cristovão e Nevis
7550,7703,3000,2022,92,8717,3562,8983,6286,415,2014,6337,2022,LAJES,Ilhas Caimão
732,8614,7823,7640,8486,6474,762,6072,9571,8235,5613,5076,2022,LAJES,Hungria
8716,6883,3028,8607,414,6244,5821,9779,8657,1345,675,5264,2022,LAJES,Trindade e Tobago
2584,1709,3690,693,3875,9886,3666,5386,9517,1053,7080,5315,2022,LAJES,Irlanda
7499,6743,7196,4341,7223,5478,4943,373,8708,2669,1938,6089,2022,LISBOA,Portugal
3209,5601,5522,5995,1379,3031,1039,5040,9772,7072,542,5813,2022,LISBOA,Espanha
8213,9420,1450,3083,5280,6497,2952,989,9379,9319,7403,4230,2022,LISBOA,França
2991,9527,2093,600,4921,7782,150,6678,6404,7447,7636,6951,2022,LISBOA,Inglaterra
7573,7466,3717,1842,5135,4284,3966,2181,9683,7657,2356,6675,2022,LISBOA,Brasil
3511,7376,3230,1355,4424,3272,5088,9074,6861,781,5485,9931,2022,LISBOA,Alemanha
2902,5991,3740,2905,5485,8534,2341,700,3587,8893,7041,6873,2022,LISBOA,Itália
4662,6758,7595,3847,5584,8798,7381,8069,595,8395,9724,5686,2022,LISBOA,Estados Unidos da América
2020,635,4372,9,5843,9084,3976,844,7745,3870,8873,8288,2022,LISBOA,Holanda
7318,4296,4110,2916,6006,2461,2776,3917,3662,1803,5226,2733,2022,LISBOA,Suiça
5804,6479,9381,8784,8663,1015,7414,8814,3906,4291,7487,6023,2022,LISBOA,Bélgica
540,5027,330,5041,8410,6517,1793,6104,613,2873,3439,1933,2022,LISBOA,Irlanda
5708,5146,3047,9953,6233,4770,8140,362,5067,9486,6804,8895,2022,LISBOA,Canadá
7436,3802,2197,7630,9135,9701,9825,6374,9008,7557,1987,6852,2022,LISBOA,Cabo Verde
5503,340,5830,5743,3923,3217,2491,4829,9767,6503,1437,3619,2022,LISBOA,Angola
5582,864,9132,5634,6306,3716,7207,4181,7161,5406,4771,4603,2022,LISBOA,Marrocos
2082,1780,930,58,8032,1045,9666,6387,9345,6470,8759,5427,2022,LISBOA,Luxemburgo
7789,7486,1020,3350,4281,894,9232,6947,7092,4020,771,7793,2022,LISBOA,Emiratos Árabes
4095,2589,5330,4384,4985,354,8385,5677,2927,1361,4244,144,2022,LISBOA,Austria
4427,6158,7240,1162,5392,5816,9814,133,1110,9625,7358,5474,2022,LISBOA,Polónia
1285,4519,5495,9568,83,2204,686,7130,4854,8961,5386,1083,2022,LISBOA,Turquia
3353,855,3912,3787,4271,926,5460,4456,1302,4653,1021,5714,2022,LISBOA,Dinamarca
4531,9398,584,2063,4861,6708,1029,2191,17,5654,8381,6861,2022,LISBOA,México
9547,6011,9695,3149,5525,318,8401,2388,1856,5279,5602,3396,2022,LISBOA,Israel
7241,9185,7609,9031,552,7475,2074,7905,3752,8196,7012,2425,2022,LISBOA,Hungria
6998,3165,9643,7755,9800,9290,3225,1081,2655,493,1199,1624,2022,LISBOA,Suécia
6158,2678,3181,5908,7112,3844,7496,7378,9298,8034,9422,5895,2022,LISBOA,Senegal
7853,4920,1002,7878,5482,3393,5364,1771,8401,5,514,1663,2022,LISBOA,Noruega
8243,3538,3494,4965,7298,1237,6327,230,9562,9066,4266,4756,2022,LISBOA,República Dominicana
7365,6046,5526,5827,4282,9765,2819,8390,115,118,1704,2322,2022,LISBOA,Grécia
6423,2013,2068,9644,7432,6132,8213,8493,7890,2366,1644,4465,2022,LISBOA,Finlândia
8104,7441,476,8995,7393,9406,3339,2439,4133,1822,3680,733,2022,LISBOA,Rep. Checa
9175,62,6637,3949,9895,2158,9781,4283,6245,2453,761,2115,2022,LISBOA,Roménia
358,9130,7680,5304,1216,3074,1789,1547,1146,1142,7946,6272,2022,LISBOA,S.Tomé e Príncipe
4911,4745,1924,8357,6049,3980,8352,2091,1496,4371,6019,5701,2022,LISBOA,Moçambique
2437,529,3302,8575,7186,7572,9513,3984,6278,5027,88,8053,2022,LISBOA,Guiné Bissau
4072,9265,3665,2027,8338,7173,2943,465,7819,2016,6888,3014,2022,LISBOA,Venezuela
7489,7666,2411,3504,6801,2756,2323,7737,8059,8405,9011,4070,2022,LISBOA,Guiné
4904,6554,2979,2428,6968,7730,5364,421,6990,902,9790,9491,2022,LISBOA,Gambia
2656,215,5134,901,7553,7938,8482,4049,2463,1839,5419,1538,2022,LISBOA,Bulgária
2152,2027,3683,55,9774,3504,2737,2105,5973,924,7158,8082,2022,LISBOA,Tunísia
7777,8907,9030,3936,8917,1908,9150,5164,8597,316,9857,8632,2022,LISBOA,Moldávia
341,2322,6254,9731,8021,6516,4294,2851,3864,7564,5337,1645,2022,LISBOA,Gana
1788,98,7191,2501,41,7594,6586,4386,6716,8756,1187,1633,2022,LISBOA,Croácia
3328,2994,3085,8287,973,283,2415,379,4900,3171,9230,7362,2022,LISBOA,Letónia
3639,1247,4120,3468,9955,6958,6335,7203,2675,4812,5723,3548,2022,LISBOA,Cuba
4772,4576,9275,4679,8828,6900,352,2362,1952,8815,525,342,2022,LISBOA,Malta
1924,3253,5535,4159,8175,5188,4077,7671,8574,5052,5483,7342,2022,LISBOA,Argélia
6365,8331,2048,1675,7573,3792,6780,3585,973,6973,8940,6929,2022,LISBOA,China
5570,6289,3161,4977,3043,2472,9143,6922,9275,7676,1556,9433,2022,LISBOA,Ucrânia
9200,4461,9937,1840,5247,3447,5516,4935,4466,2789,1246,1188,2022,LISBOA,Rússia
9245,2846,7033,7175,3342,3219,2943,9222,3315,1972,9620,284,2022,LISBOA,Timor Leste
9807,3475,8965,2934,1923,6168,2103,3086,9130,527,6856,4389,2022,LISBOA,Paquistão
2533,288,2466,6557,1194,9194,4664,2352,6231,2092,6524,5,2022,LISBOA,Quatar
2281,7588,1364,757,466,5302,7532,6988,371,5238,2527,3262,2022,LISBOA,Islândia
6019,9132,5921,7517,2475,8058,2576,8175,4150,2076,1018,1214,2022,LISBOA,Chile
5281,119,9961,7566,6331,8241,4954,6425,4510,2961,6171,5578,2022,LISBOA,Argentina
9222,6645,2103,8777,4504,5678,9839,3104,249,4171,5195,1614,2022,LISBOA,Egipto
7594,9241,6161,9573,5449,501,2644,3212,9385,3981,9137,2176,2022,LISBOA,Lituânia
4968,8538,8735,5959,5378,7575,3497,3240,839,5292,9425,7779,2022,LISBOA,Jamaica
5084,8736,3709,1963,3274,965,5713,1129,1960,5926,4508,4002,2022,LISBOA,Nigéria
5538,2906,7785,5103,2122,6070,62,1539,2366,4915,5605,3279,2022,LISBOA,Rep. Centro Africana
7876,2637,7759,8550,936,9488,8654,1688,7697,3853,1200,211,2022,LISBOA,Bahamas
5242,1436,5610,5251,6764,3116,9734,5922,8582,248,9549,1332,2022,LISBOA,Arábia Saudita
8379,7703,7050,5857,6643,4584,2158,7655,518,8743,843,2681,2022,LISBOA,Líbia
1373,6929,477,7221,5547,8451,366,9268,6830,1094,4343,425,2022,LISBOA,Africa do Sul
5926,1480,489,1546,9032,2343,3492,4866,1919,711,7401,2477,2022,LISBOA,Colombia
7283,1948,1242,767,4672,6151,9828,2544,9114,6017,8889,7920,2022,LISBOA,Guiné Equatorial
4350,5847,9307,3543,331,2200,4999,4271,6799,98,1691,5882,2022,LISBOA,Eslováquia
3184,9683,6582,1839,4284,177,3052,850,6688,879,737,7854,2022,LISBOA,Quénia
6561,3331,6691,8346,7544,5201,6057,3054,3519,829,9727,2390,2022,LISBOA,Montenegro
1651,9507,5256,36,4475,7451,9167,7136,7923,1243,1039,1275,2022,LISBOA,Azerbaijão
5666,1567,3626,8866,7335,4903,4398,123,9101,6678,6330,4743,2022,LISBOA,Camarões
591,9658,3067,4736,3185,8111,6936,4428,7577,3822,8435,5795,2022,LISBOA,Líbano
2111,6590,1403,3641,972,28,1219,4861,8947,7572,1984,8616,2022,LISBOA,Antilhas Holandesas
2233,1924,290,1594,2299,1615,153,9133,832,4795,1544,4220,2022,LISBOA,Jordânia
7905,8330,3601,4218,5294,6490,100,3228,9168,2021,6770,5314,2022,LISBOA,Níger
8049,6747,1350,3508,3005,3288,7479,3950,7184,5127,1096,6276,2022,LISBOA,Mali
9298,6770,6096,6469,6613,8348,97,5504,3321,4455,8612,6829,2022,LISBOA,Cazaquistão
7801,1285,9536,2713,1994,5562,4895,441,9761,1801,6248,5782,2022,LISBOA,Chipre
2938,1514,7108,2612,9854,287,2938,792,1830,5714,7406,7682,2022,LISBOA,Iraque
1881,5945,8024,8361,5356,7276,7061,5534,5792,92,2936,8243,2022,LISBOA,Antígua e Barbuda
894,925,5650,5260,9753,8968,66,5460,9574,1760,8935,9720,2022,LISBOA,Gibraltar
6549,8154,3144,7511,3371,670,4199,4700,788,5717,8686,3640,2022,LISBOA,Benin
4836,7236,601,455,2831,9982,4673,9846,1692,6227,4190,9434,2022,LISBOA,Estónia
5379,6839,2932,2689,1828,2768,4159,5884,10000,3522,4631,80,2022,LISBOA,Kuweit
7752,9094,8670,5892,8515,9209,8577,5291,1937,7363,6872,1399,2022,LISBOA,Congo
9112,6902,651,4719,1101,2442,296,6134,4492,3591,2124,7523,2022,LISBOA,Peru
2891,2880,4290,5418,4258,826,1375,7633,3218,3349,3086,3866,2022,LISBOA,Bahrein
1589,9682,5960,5023,9037,5450,9723,7172,8005,1877,8233,8785,2022,LISBOA,Tanzânia
4354,9336,6094,8583,1062,4853,7213,7766,3321,7012,3583,1620,2022,LISBOA,Sérvia e Montenegro
516,9445,8404,9501,2844,4866,3348,2668,6300,5119,4130,7040,2022,LISBOA,Chade
8966,6023,215,1046,6002,1826,490,7898,5112,3534,7045,4611,2022,LISBOA,Desconhecido
7760,8729,4688,5336,7354,2636,7895,2564,7031,3147,6726,9415,2022,LISBOA,Bermuda
6568,9503,9368,2611,8871,136,2493,4012,4586,124,8662,2357,2022,P.DELGADA,Portugal
4527,7770,4593,1451,9458,6968,8616,4618,1921,1659,7443,8372,2022,P.DELGADA,Estados Unidos da América
4973,7035,3856,7503,5148,8527,3253,5690,1412,737,4473,8198,2022,P.DELGADA,Canadá
4137,1155,7776,605,9292,9341,2800,2266,6017,8782,3316,6776,2022,P.DELGADA,Cabo Verde
9625,6160,7653,1125,7175,6592,5016,6940,5688,6844,733,8303,2022,P.DELGADA,Alemanha
3111,8823,8179,9449,6543,6145,170,2331,2936,8226,1052,9695,2022,P.DELGADA,França
6942,4940,893,7265,9847,5713,1876,816,9184,7045,145,4302,2022,P.DELGADA,Espanha
8860,6747,9472,9866,521,1661,9641,2022,1678,1740,9727,2775,2022,P.DELGADA,Inglaterra
7601,9029,9542,5559,9360,5882,3778,7309,5410,4329,3499,6352,2022,P.DELGADA,Dinamarca
5680,2578,488,5479,6282,285,8263,7598,6917,3383,5812,123,2022,P.DELGADA,Holanda
3735,896,427,8926,3650,8371,9121,5295,9423,8897,6599,8557,2022,P.DELGADA,Bélgica
4151,1436,6226,5857,6396,2737,6162,514,5572,3115,4375,2789,2022,P.DELGADA,Suiça
5378,3071,1405,348,7718,4444,7736,1298,1191,1528,6651,2877,2022,P.DELGADA,Bermuda
3061,5015,4771,4050,9238,4131,7778,4381,9559,3987,7815,9633,2022,P.DELGADA,Polónia
4049,2676,1648,8831,5132,8618,7059,3764,7568,7508,2731,9207,2022,P.DELGADA,Eslovénia
859,7252,3479,9416,3854,6673,4646,8964,2675,1136,3252,6225,2022,P.DELGADA,Israel
2592,3129,306,7932,4098,6167,7006,5486,6918,4034,4547,4735,2022,P.DELGADA,Marrocos
3912,7963,3833,2299,1323,9281,8696,6511,3481,7994,3410,3205,2022,P.DELGADA,Itália
1885,6864,2170,6930,2693,8629,2604,7095,1340,5662,5910,5581,2022,P.DELGADA,República Dominicana
6935,7133,1775,9430,6717,6002,7820,9492,8149,5514,2308,4436,2022,P.DELGADA,Suécia
7628,7069,4608,6343,1295,5965,2160,7417,3256,2651,2300,4723,2022,P.DELGADA,Bahamas
7472,8167,4490,1848,120,1717,1241,8392,665,1768,4391,1632,2022,P.DELGADA,Gibraltar
5092,6596,2698,5575,4205,7276,9835,4322,4416,9774,7776,6829,2022,P.DELGADA,Grécia
9400,5352,1123,3946,9710,3475,4374,8345,6780,7662,7076,7620,2022,P.DELGADA,Tanzânia
1728,3701,5696,6801,6583,5848,464,2195,9124,602,9714,6189,2022,P.DELGADA,S. Vicente e Granadina
3271,8596,9654,7954,6328,2360,9511,4561,8338,4146,3399,6751,2022,P.DELGADA,Santa Lúcia
5835,7669,9764,7997,4105,9927,5809,7729,611,9601,2699,4620,2022,P.DELGADA,Irlanda
9034,7917,1396,7530,597,1548,9561,6674,659,8315,3347,1173,2022,P.DELGADA,Austria
9985,2349,2302,5886,1259,4611,8615,4184,3073,555,2113,5390,2022,P.DELGADA,Equador
4498,5375,6878,6337,2712,8349,600,9262,1579,9637,1169,9278,2022,P.DELGADA,Quénia
3818,7059,609,4187,7754,7659,3003,9470,1072,9899,3056,8273,2022,P.DELGADA,Barbados
3107,9884,5882,5589,7116,8458,9741,1781,5650,8348,4067,3972,2022,P.DELGADA,Porto Rico
523,1355,1537,764,3176,9214,6669,7833,3974,8727,8371,7468,2022,P.DELGADA,Desconhecido
287,8614,7488,6610,7539,8112,4089,7580,6180,3560,9806,9693,2022,P.DELGADA,Aruba
9807,8057,6775,1032,8378,4979,8818,1633,1482,4725,8229,1163,2022,P.DELGADA,Eslováquia
8555,2159,6832,3929,6556,4119,4038,7026,5803,2490,1695,6447,2022,P.DELGADA,Antígua e Barbuda
5920,21,5463,6008,1739,6721,9405,3840,4649,1765,2665,4911,2022,P.DELGADA,Turcos e Caicos
2399,8128,891,4506,729,7764,666,4735,3210,4978,8492,6973,2022,P.DELGADA,Turquia
647,6423,8431,1784,6335,7988,1263,6863,5240,631,3171,325,2022,P.DELGADA,Malta
7075,3958,5494,8680,8287,2791,5763,5964,2256,5594,6928,2131,2022,P.DELGADA,Congo
1325,4568,7212,3208,5062,5013,9674,3818,1035,4710,778,7838,2022,P.DELGADA,Panamá
8382,2302,5150,7150,3970,4028,3797,8579,5934,6258,9907,616,2022,P.DELGADA,México
3781,3292,128,7567,7060,307,3716,3197,6231,8916,1336,7811,2022,P.DELGADA,Rep. Checa
1908,8747,6325,1159,2715,225,4639,143,3016,5534,4067,2987,2022,P.DELGADA,Libéria
296,6952,7739,3941,1247,3548,2990,9854,9445,6418,4298,7840,2022,P.SANTO,Portugal
2074,8237,6531,6537,8726,9078,1805,1617,7488,6442,5131,6642,2022,P.SANTO,Inglaterra
4964,9212,5279,4718,7196,5148,3981,198,3349,6085,285,4525,2022,P.SANTO,Dinamarca
776,3698,370,8697,3200,4483,837,505,1365,957,6097,6661,2022,P.SANTO,Alemanha
5972,6102,2865,8044,2551,8939,2459,8325,8393,8889,3328,4024,2022,P.SANTO,Itália
5334,871,8169,826,6657,5331,9236,4888,6659,5751,7251,1047,2022,P.SANTO,Espanha
7246,5513,7998,6454,1469,91,5623,109,6794,7739,8164,992,2022,P.SANTO,República Dominicana
9221,2834,4186,1615,1946,7806,3300,8838,2716,8745,8712,8195,2022,P.SANTO,Suiça
1807,3830,9307,5552,4278,923,566,9321,8648,3719,4919,4786,2022,P.SANTO,Finlândia
5906,7806,1483,9605,1078,7743,9261,9070,8965,4489,2043,588,2022,P.SANTO,França
9410,7900,3288,9990,6015,9267,4747,1762,5867,2882,1334,2918,2022,P.SANTO,Estónia
1876,6503,7083,3441,5888,720,1962,1921,4438,5147,6671,1136,2022,P.SANTO,Bélgica
7944,4178,9796,1769,1370,7956,3161,4063,7799,8393,6504,3365,2022,P.SANTO,Holanda
5325,502,6111,3067,667,3157,6904,5979,2476,2566,7176,3537,2022,P.SANTO,Austria
8412,7525,3913,6308,2755,5583,3902,7207,889,4893,6383,4001,2022,P.SANTO,Bermuda
8462,9954,5332,6628,1962,5440,323,5482,6375,5713,8517,6997,2022,P.SANTO,Cabo Verde
1413,7329,4025,5253,9112,4405,4359,8961,1846,470,6824,9883,2022,PICO,Portugal
9088,8829,2145,3443,849,3362,1495,1659,2626,6080,8543,601,2022,PICO,Austria
6125,5317,6729,9232,7322,5686,2917,1516,3172,2249,9874,7750,2022,PORTIMÃO,Portugal
701,5939,9429,2069,3779,4504,7048,942,293,2819,2988,8558,2022,PORTO,França
2380,7290,3478,7114,9834,3681,2650,1762,6765,925,5071,7722,2022,PORTO,Espanha
7488,8090,443,4726,1639,7930,8895,8301,9595,4262,7666,6358,2022,PORTO,Portugal
4182,7564,6919,3563,7010,6970,9920,3205,6467,7413,2014,1655,2022,PORTO,Inglaterra
8453,6860,5825,4937,2369,6382,3885,4360,9121,458,4201,2042,2022,PORTO,Alemanha
1726,5512,5210,2219,385,7936,5024,5525,3971,1279,7232,3567,2022,PORTO,Suiça
2496,4847,6491,3430,1894,9158,7791,7231,7184,4515,6870,1599,2022,PORTO,Itália
1519,9063,5345,6914,2893,4566,6211,1282,9706,5121,8714,9051,2022,PORTO,Holanda
9767,5295,2159,6112,3474,4419,7230,7623,5634,7568,6586,4749,2022,PORTO,Luxemburgo
740,7498,1281,5220,8506,4945,439,7745,6152,5740,951,7176,2022,PORTO,Bélgica
7214,7641,3239,4175,2429,6471,9193,3453,8556,45,5598,3946,2022,PORTO,Estados Unidos da América
44,7689,9114,6587,365,3487,646,3809,1804,5743,7185,5641,2022,PORTO,Turquia
4357,3312,6452,2238,9103,3644,7801,514,4211,3922,2515,69,2022,PORTO,Brasil
1172,1121,4605,7558,1230,512,9174,5088,2850,9994,9224,1900,2022,PORTO,Polónia
7394,4784,9920,4571,3563,7796,168,6157,3954,9402,1626,6981,2022,PORTO,Marrocos
2514,761,6868,2277,6336,9109,6316,5007,4780,5725,5141,7066,2022,PORTO,Irlanda
3392,617,4811,8805,7283,7761,493,5595,4297,2827,6866,1673,2022,PORTO,Hungria
5995,29,7116,74,2370,6857,5915,7718,1842,5351,6931,2116,2022,PORTO,Dinamarca
7878,4463,1954,7711,8218,5336,319,355,8881,2971,5525,5455,2022,PORTO,Canadá
5592,9417,1404,6348,8683,3099,6457,813,8973,6585,3095,609,2022,PORTO,Austria
53,7172,9562,3752,5115,2679,856,1197,7013,7616,7278,9840,2022,PORTO,Malta
1299,459,379,311,8700,3275,8396,2374,4087,1781,4141,2244,2022,PORTO,Cabo Verde
1853,5262,7226,3002,8545,7432,9649,8438,2951,5995,6722,461,2022,PORTO,Rep. Checa
2172,3376,66,5924,2369,4703,9043,5015,2469,8575,4520,6474,2022,PORTO,Tunísia
807,417,2923,3645,354,9526,4230,732,3576,957,4176,9601,2022,PORTO,República Dominicana
699,1264,6555,45,4812,1089,482,1940,2721,4868,3344,1607,2022,PORTO,Noruega
9914,3169,8082,8843,9831,9409,5263,5931,8246,3763,3280,3196,2022,PORTO,Grécia
2421,3267,66,7527,5315,9785,4101,7350,7006,8995,3735,9403,2022,PORTO,Roménia
1024,7634,9223,580,1568,8535,2225,3198,3581,8388,8723,4404,2022,PORTO,Finlândia
1678,8925,3896,7284,8092,4768,649,4601,1276,8191,501,787,2022,PORTO,Senegal
9449,6043,9547,8967,8956,2688,3357,526,3519,6682,3808,8957,2022,PORTO,Angola
7890,1352,2749,516,8463,9672,9381,5570,5218,1900,6705,2024,2022,PORTO,Egipto
781,2949,8666,5590,3060,7837,1603,9459,7307,3392,2939,4736,2022,PORTO,Quatar
8210,3445,2234,5900,2123,4667,6271,3518,9915,6276,9553,2481,2022,PORTO,Islândia
2044,8931,2835,4218,5579,565,4448,2180,3269,8989,909,8533,2022,PORTO,Paquistão
7698,7653,1124,1663,2023,2097,8050,9435,5240,2734,7612,3909,2022,PORTO,Suécia
7304,7713,556,2600,1124,5888,5368,813,5542,7451,1468,6664,2022,PORTO,Macedónia
6666,759,6397,1611,1140,4684,978,2369,4613,9913,4562,4095,2022,PORTO,Antilhas Holandesas
4978,6602,1394,170,161,7535,4245,8176,537,6043,7999,9301,2022,PORTO,Letónia
7312,7692,2784,1398,8812,5429,3643,3669,2521,4475,5402,9713,2022,PORTO,Croácia
2705,6626,9677,4997,8058,4756,8682,5603,8427,8406,4455,8273,2022,PORTO,México
4972,4867,1352,4403,2997,8077,7376,3082,6339,9747,7890,2331,2022,PORTO,Israel
1891,7540,9730,1944,1189,4291,1664,8653,3812,2721,5061,5896,2022,PORTO,Eslovénia
3176,972,213,1315,3509,1969,8186,6882,8206,2567,9782,4307,2022,PORTO,Estónia
2248,583,574,9819,3701,6663,2297,1562,4716,696,8009,4519,2022,PORTO,Moldávia
7441,7584,7733,1509,9388,8106,4675,27,47,8363,8967,8260,2022,PORTO,Bulgária
3485,8417,9956,8186,2361,881,3444,7572,6116,5597,3275,2118,2022,PORTO,Eslováquia
1860,3519,5614,6463,8264,8813,1735,6965,8439,3794,3686,4494,2022,PORTO,Tailândia
2548,9798,990,3725,4897,3823,3574,7914,9863,4463,2633,4090,2022,PORTO,Gibraltar
2288,5771,9296,2072,3574,2004,1646,7094,8974,1897,5375,6788,2022,PORTO,Líbia
9997,8813,5784,2919,3222,6400,5558,436,5451,2997,5488,7031,2022,PORTO,Desconhecido
6160,9121,862,4689,463,1451,5301,90,417,8015,4954,5021,2022,PORTO,Emiratos Árabes
127,8141,3006,3297,9725,6566,5718,8567,6132,929,5944,9801,2022,PORTO,Albânia
6961,987,4343,2784,8933,1733,2047,5546,4237,3799,3934,2330,2022,PORTO,Colombia
351,4509,8292,2825,7608,735,8010,1900,8092,6076,938,2125,2022,PORTO,Níger
5563,7683,7230,1001,4783,5417,569,8484,7306,2848,2647,2521,2022,PORTO,Turcos e Caicos
2566,645,7873,1570,6580,7348,7637,2707,1190,3009,4145,5701,2022,PORTO,Maldivas
11,903,1828,2140,5335,5166,8898,1321,8404,6637,514,1804,2022,PORTO,Zaire
7734,5376,2005,3873,210,9885,683,3078,2644,4354,2202,6182,2022,PORTO,Líbano
606,2251,859,1902,7734,2104,1064,6882,9331,6171,9281,4442,2022,PORTO,Guiné
7741,7523,6144,7422,5134,2721,7327,2780,4565,6319,3856,6627,2022,PORTO,Chipre
9450,4540,525,9228,8402,6326,3558,5699,2462,2000,7936,30,2022,PORTO,Arábia Saudita
1531,2689,4100,2661,2041,185,1450,7346,2515,6030,9157,2113,2022,PORTO,Costa do Marfim
1017,8209,984,3959,8571,5188,8218,6980,7231,7221,1283,4709,2022,PORTO,Montenegro
9255,6045,6033,2590,1084,8084,3183,9322,5799,2388,4897,553,2022,PORTO,Antígua e Barbuda
7894,4726,5968,9398,2225,3540,9933,8446,4682,5314,213,2145,2022,PORTO,Africa do Sul
5248,6734,4245,5530,289,686,6667,9410,5457,9496,617,4757,2022,PORTO,Camarões
2025,295,6200,1657,4787,6508,3180,4992,5716,1325,2870,2353,2022,PORTO,Bermuda
9758,9098,9450,7679,4703,2839,1858,56,130,9026,8567,8621,2022,S.JORGE,Portugal
1085,3961,5459,7867,4545,1252,2024,8516,4155,8664,4668,3440,2022,S.JORGE,Dinamarca
1873,7530,4429,9119,2846,1461,9366,8409,5425,5476,7653,3882,2022,S.MARIA,Portugal
2562,8548,1606,5570,5583,6670,1182,6752,5745,6050,7891,4171,2022,S.MARIA,República Dominicana
4018,8648,9281,3306,146,7447,5690,3542,3004,2894,9026,2345,2022,S.MARIA,Estados Unidos da América
9733,8474,1136,1084,693,2925,2185,8385,1808,5218,887,8704,2022,S.MARIA,Espanha
9009,7340,906,7088,9640,2917,9218,6123,10,9940,9645,538,2022,S.MARIA,Polónia
2825,3806,6562,5566,4690,7937,3163,7146,4083,4390,7640,5227,2022,S.MARIA,Marrocos
5028,483,7770,9600,2053,3154,4143,7693,6567,5929,1375,7732,2022,S.MARIA,Bélgica
8677,9442,9012,6288,5483,4815,323,3876,6102,9190,3302,3465,2022,S.MARIA,Inglaterra
9857,9467,3646,2757,1690,6248,271,7055,1964,1832,6857,9814,2022,S.MARIA,Itália
2608,1371,3431,3974,1246,982,935,4214,7143,4227,2681,9880,2022,S.MARIA,França
6507,1024,4662,5732,7584,2976,6241,5488,3705,468,1717,2797,2022,S.MARIA,Suiça
7181,1447,3566,801,4068,2733,8676,9667,5640,5158,4872,6547,2022,S.MARIA,Antilhas Holandesas
8340,4978,4108,1184,7379,1036,613,9664,9023,9357,7414,5252,2022,S.MARIA,Nigéria
9163,7889,7823,7949,200,6343,4344,8363,20,4396,7772,1098,2022,S.MARIA,Turquia
5680,9582,5875,2494,2315,2043,7872,4286,6221,1134,7679,4133,2022,S.MARIA,Holanda
9613,6629,5006,6734,142,5483,9238,525,3855,8028,3282,4126,2022,S.MARIA,Antígua e Barbuda
780,8045,1189,8115,5430,5512,6079,9161,6712,8441,6874,2498,2022,S.MARIA,Bahamas
9784,5057,9199,2832,1159,7783,9310,2216,6127,1183,1981,7121,2022,S.MARIA,Canadá
9199,9152,606,9471,9783,4515,8037,9694,3855,7095,8828,7272,2022,S.MARIA,Panamá
904,357,1639,4997,8806,2418,5417,355,1907,4610,9038,5405,2022,S.MARIA,Alemanha
1885,7736,4530,8720,59,10000,2938,6261,6363,8278,9080,8186,2022,S.MARIA,Guiana
8979,5211,5327,7724,6261,4726,1892,8027,722,5129,7727,8370,2022,S.MARIA,Aruba
8446,1924,5186,1820,6020,9432,4517,2778,9638,626,1539,5457,2022,S.MARIA,Rep. Checa
2851,4913,7006,4718,7365,9540,7646,3137,8237,2228,2240,3864,2022,S.MARIA,Austria
9582,364,8688,2587,1813,3822,5485,2713,1174,5549,4725,4407,2022,S.MARIA,Peru
6822,4734,4018,7966,3441,3961,2383,6572,6542,7764,6046,6691,2022,S.MARIA,Grécia
2702,7034,8536,3380,8127,1680,2577,1032,4570,9865,1981,6342,2022,S.MARIA,Tanzânia
4184,9893,6163,9286,3318,8209,5838,2771,2498,4809,9268,5483,2022,S.MARIA,Turcos e Caicos
2454,2581,9672,3462,7941,7855,6832,4952,9425,8340,7357,8369,2022,S.MARIA,Costa Rica
2835,6362,9639,9020,2266,2021,1744,7986,8854,6588,9696,8315,2022,S.MARIA,Níger
8945,7320,162,8067,1696,1887,4609,6032,6638,2464,8519,2014,2022,S.MARIA,Martinica
623,3924,9280,9185,7122,4152,3427,194,2016,6722,945,869,2022,S.MARIA,Porto Rico
5058,1829,6948,305,7320,7733,2545,5017,144,3771,2336,8794,2022,S.MARIA,Bermuda
5921,8946,6928,2421,7471,985,952,2058,2450,8753,3843,9272,2022,S.MARIA,S. Vicente e Granadina
9680,9858,8078,6347,1881,4154,8214,2089,8926,5197,8718,4217,2022,S.MARIA,Líbano
4250,35,8690,6479,9382,5565,179,6745,6165,338,7397,2279,2022,S.MARIA,Anguilla
4612,4573,254,3602,5741,1988,9702,7190,8348,1992,4058,2052,2022,S.MARIA,Colombia
7158,372,1316,6812,8106,3578,2493,2618,8605,3919,8967,7096,2022,S.MARIA,Benin
4065,1087,3167,9737,5215,5658,1411,5477,193,9178,858,8779,2022,S.MARIA,Cabo Verde
1100,2160,7639,1073,2959,2432,1435,791,1716,8809,2976,5504,2022,S.MARIA,Ucrânia
3949,3247,9809,6565,3235,5407,8449,4184,6617,7099,2482,6942,2022,S.MARIA,Barbados
1585,3661,9957,8906,9470,4020,4091,7440,8405,3270,4268,2064,2022,S.MARIA,Cuba
7252,7785,4070,1013,5554,3892,9539,1027,9569,5314,3533,5266,2022,S.MARIA,México
8962,3742,9460,9599,9525,7082,7316,8699,1253,5178,6160,8171,2022,S.MARIA,Venezuela
4800,8162,6997,7267,7041,334,5211,8352,6478,1833,1633,9996,2022,S.MARIA,Suécia
3961,3917,8906,8727,6348,5547,6731,6297,1425,624,7453,5484,2022,S.MARIA,Rússia
4445,8778,1186,5430,468,4175,3069,247,249,9127,3789,5186,2022,S.MARIA,Ilhas Virgens USA
2033,6679,3490,1580,3191,596,9189,6830,7842,6058,6830,1164,2022,S.MARIA,Senegal
9376,6892,9539,3896,680,958,9143,9187,1173,4758,4263,1248,2022,S.MARIA,Bulgária
9787,9181,7313,1154,5387,82,9687,4556,4913,2872,9976,6769,2022,S.MARIA,São Cristovão e Nevis
4626,4012,8513,7647,4664,4598,1661,48,1238,1845,9350,7159,2022,VILA REAL,Portugal
2494,1764,9748,5950,6482,3196,5831,4874,2829,5715,5836,6885,2022,VISEU,Portugal
